timestamp,Close,High,Low,Open,daily_return,volatility,log_return
2023-05-09,0.5926678177048377,0.579242555492411,0.5985238550209502,0.5926678177048377,0.0,0.005189809318517421,0.0
2023-05-10,0.5678568978172986,0.5820436141197556,0.5975806163993997,0.5678568978172986,0.0,0.005645134022333415,0.0
2023-05-11,0.5831449659622443,0.5773757961315491,0.5648966942536315,0.5831449659622443,0.0,0.008863698990001,0.0
2023-05-12,0.5264439592580867,0.5283885360744955,0.5289325542151264,0.5264439592580867,0.0,0.007288690092860249,0.0
2023-05-15,0.47957314465581824,0.4951280339437565,0.5233697927127565,0.47957314465581824,0.0,0.004006743482077049,0.0
2023-05-16,0.4961338086613356,0.5040149120048367,0.5297678600590743,0.4961338086613356,0.0,0.004311122639397139,0.0
2023-05-17,0.4897999656004348,0.4823347550131265,0.49428143987954876,0.4897999656004348,0.0,0.005875948994067383,0.0
2023-05-18,0.4682588839691011,0.4623107722130486,0.4579015240107829,0.4682588839691011,0.0,0.007759134980461682,0.0
2023-05-19,0.41862764540632114,0.4425617455947348,0.4544354740313441,0.41862764540632114,0.0,0.005837112672583214,0.0
2023-05-22,0.455958690448071,0.4478070635231832,0.48242572817085616,0.455958690448071,0.0,0.003154940362559187,0.0
2023-05-23,0.4467337802769915,0.4405745204819427,0.4566241630517318,0.4467337802769915,0.0,0.005322439326567277,0.0
2023-05-24,0.41414536353101816,0.4236265524908953,0.44551084114363704,0.41414536353101816,0.0,0.004613534058955376,0.0
2023-05-25,0.40437156415565134,0.3887760863528493,0.4142394305654147,0.40437156415565134,0.0,0.0041114197978980235,0.0
2023-05-26,0.37844876767794133,0.39136380105311996,0.40801217857147165,0.37844876767794133,0.0,0.005174344278304501,0.0
2023-05-29,0.3773603880571432,0.3822681769945975,0.4113505863096556,0.3773603880571432,0.0,0.0036799826928975384,0.0
2023-05-30,0.36522937271551825,0.3822681769945975,0.38544014986703345,0.36522937271551825,0.0,0.006758778763971776,0.0
2023-05-31,0.38525536976243124,0.37692722213332264,0.3683435978969083,0.38525536976243124,0.0,0.008120906962148877,0.0
2023-06-01,0.35538790206837234,0.3886243546806254,0.37818049739176907,0.35538790206837234,0.0,0.008399231679179943,0.0
2023-06-02,0.4071094310255692,0.4081811878475401,0.42065533028367064,0.4071094310255692,0.0,0.005690497510585185,0.0
2023-06-05,0.35809475293877746,0.3644907425288535,0.38651572345931484,0.35809475293877746,0.0,0.0044827359899062835,0.0
2023-06-06,0.3684851127901325,0.37248194393106804,0.3806882920154049,0.3684851127901325,0.0,0.006135298409434921,0.0
2023-06-07,0.3576436111270027,0.3779948613540389,0.38185396601335064,0.3576436111270027,0.0,0.006672815422658323,0.0
2023-06-08,0.36504891599077816,0.4108709765818306,0.40810227897713425,0.36504891599077816,0.0,0.0075335791865798465,0.0
2023-06-09,0.4243994409601175,0.41446012031864665,0.44396411751348985,0.4243994409601175,0.0,0.003688144395713629,0.0
2023-06-12,0.3993563710152852,0.41616503256258763,0.43342706278309606,0.3993563710152852,0.0,0.0051494951407973465,0.0
2023-06-13,0.4088444472431725,0.4414775538279754,0.4540713182252638,0.4088444472431725,0.0,0.005756232189330903,0.0
2023-06-14,0.42962798658229673,0.46912674284522904,0.4660302699820793,0.42962798658229673,0.0,0.007656371916538766,0.0
2023-06-15,0.47196482597671086,0.530971652845289,0.4884868575419077,0.47196482597671086,0.0,0.012381749085037906,0.0
2023-06-16,0.5530951617860467,0.5560220921315251,0.5797050713389051,0.5530951617860467,0.0,0.004647289239191792,0.0
2023-06-19,0.5500734515262025,0.5392874680673954,0.5725195639890792,0.5500734515262025,0.0,0.0035004148639871287,0.0
2023-06-20,0.5360307227573458,0.5361434039024013,0.559566692132508,0.5360307227573458,0.0,0.004639036941524553,0.0
2023-06-21,0.5329272430442114,0.5485458588288887,0.5691088882173254,0.5329272430442114,0.0,0.005003128046651249,0.0
2023-06-22,0.589904574107992,0.5869983429062122,0.6040903707068228,0.589904574107992,0.0,0.005462901018956516,0.0
2023-06-23,0.5633097643065526,0.5466919736704101,0.5205907583263123,0.5633097643065526,0.0,0.010389541166938658,0.0
2023-06-26,0.5221280359259346,0.5180698627794493,0.5545238850544223,0.5221280359259346,0.0,0.003085632055074541,0.0
2023-06-27,0.5251309486102187,0.5599606785072622,0.566394613497442,0.5251309486102187,0.0,0.0066799062188618846,0.0
2023-06-28,0.5619845352346484,0.549472801408128,0.5635864841883116,0.5619845352346484,0.0,0.00573611624110956,0.0
2023-06-29,0.5293557037013024,0.5326333445522922,0.534224075954608,0.5293557037013024,0.0,0.007174613942824647,0.0
2023-06-30,0.49166186545259194,0.5272813546604231,0.5138360435409997,0.49166186545259194,0.0,0.008950544294011785,0.0
2023-07-03,0.5227850111892174,0.525437584946796,0.5416629906952242,0.5227850111892174,0.0,0.005458652017005695,0.0
2023-07-04,0.5271958622777095,0.5153101855172517,0.5565774234663117,0.5271958622777095,0.0,0.0025169939694523673,0.0
2023-07-05,0.504999685140568,0.5060324834521053,0.5363620834967886,0.504999685140568,0.0,0.003777480011678666,0.0
2023-07-06,0.48263808933921304,0.5024562139177471,0.5121720016743723,0.48263808933921304,0.0,0.0061904019945577815,0.0
2023-07-07,0.5094857265309809,0.5511409302163246,0.5391505033421904,0.5094857265309809,0.0,0.008819658378616447,0.0
2023-07-10,0.5718401040633854,0.5728054542478871,0.5989011504695689,0.5718401040633854,0.0,0.004397923032760766,0.0
2023-07-11,0.6003973807458323,0.5981428043323751,0.6257670266303066,0.6003973807458323,0.0,0.004267337344182765,0.0
2023-07-12,0.6067998349572878,0.6755489467983216,0.6527061093705875,0.6067998349572878,0.0,0.010268130577897716,0.0
2023-07-13,0.709674266213133,0.7297447413480791,0.7454513373340053,0.709674266213133,0.0,0.005881766513113691,0.0
2023-07-14,0.7719008202322062,0.767232579824678,0.8048631693944053,0.7719008202322062,0.0,0.0034467599277678497,0.0
2023-07-17,0.7752796844262626,0.772112822153983,0.8043685557092282,0.7752796844262626,0.0,0.004064861967763633,0.0
2023-07-18,0.783038383709215,0.7910985924818474,0.8158507261529611,0.783038383709215,0.0,0.0049536538408268575,0.0
2023-07-19,0.776174449019507,0.7633326160563998,0.7813948293629629,0.776174449019507,0.0,0.005649465002091737,0.0
2023-07-20,0.757523494619651,0.7555437235504359,0.7474016356977717,0.757523494619651,0.0,0.008613528699847363,0.0
2023-07-21,0.7038028435092638,0.6918127428856282,0.7289000805272643,0.7038028435092638,0.0,0.003358103714480797,0.0
2023-07-24,0.6945215406116656,0.6902788736176424,0.6967576993612177,0.6945215406116656,0.0,0.006852538413731117,0.0
2023-07-25,0.6455162613125722,0.6469976440209324,0.6599685774835375,0.6455162613125722,0.0,0.006043234925849568,0.0
2023-07-26,0.6354924541832094,0.6451005383255941,0.6728050696494474,0.6354924541832094,0.0,0.004352199805931856,0.0
2023-07-27,0.6574987758079089,0.6956483356415282,0.6307047165685571,0.6574987758079089,0.0,0.015082949280487675,0.0
2023-07-28,0.5789615655372362,0.614491202321763,0.6008814823018387,0.5789615655372362,0.0,0.009087317995211435,0.0
2023-07-31,0.6148414377513074,0.6134548290214168,0.6474577607421477,0.6148414377513074,0.0,0.0035617031165032387,0.0
2023-08-01,0.5938116501733788,0.5801759351729201,0.6067351930307474,0.5938116501733788,0.0,0.004350791419560918,0.0
2023-08-02,0.6019246837542873,0.5838193344773428,0.5794235075712457,0.6019246837542873,0.0,0.007927156793099284,0.0
2023-08-03,0.5516787644729177,0.5428959231079427,0.5745449460242611,0.5516787644729177,0.0,0.0036921253684361363,0.0
2023-08-04,0.5575379687527526,0.6099751160057822,0.5923979659833378,0.5575379687527526,0.0,0.009559202747752208,0.0
2023-08-07,0.5978192932675377,0.5876530880613737,0.615909479125822,0.5978192932675377,0.0,0.004170661013034298,0.0
2023-08-08,0.5982008840499748,0.5859693262930312,0.5882571015074731,0.5982008840499748,0.0,0.0071641554311700955,0.0
2023-08-09,0.5633097643065526,0.5740174684536639,0.6078689564683977,0.5633097643065526,0.0,0.0035062566660806842,0.0
2023-08-10,0.5781062758525088,0.6234433709811968,0.6174242921955972,0.5781062758525088,0.0,0.008231312477345713,0.0
2023-08-11,0.5812426513227926,0.5817640600085108,0.6046572524256479,0.5812426513227926,0.0,0.004784915450645966,0.0
2023-08-14,0.5518676801065823,0.5478037530139614,0.5461314076874793,0.5518676801065823,0.0,0.007570891535729747,0.0
2023-08-15,0.5246610092230437,0.5395642634209521,0.5645222144426967,0.5246610092230437,0.0,0.004474711955174852,0.0
2023-08-16,0.5201589898934831,0.528018862545875,0.5620904420363697,0.5201589898934831,0.0,0.0033877463025379106,0.0
2023-08-17,0.4970661684056221,0.5145745168035907,0.534224075954608,0.4970661684056221,0.0,0.005048937167978425,0.0
2023-08-18,0.49688007240821186,0.49787391741752085,0.5217019966625465,0.49688007240821186,0.0,0.00452078178392031,0.0
2023-08-21,0.49762633615516627,0.5117256397099892,0.5407319531703187,0.49762633615516627,0.0,0.003948982309764265,0.0
2023-08-22,0.5155686219591082,0.5259350809143593,0.511895130636189,0.5155686219591082,0.0,0.008991708779066274,0.0
2023-08-23,0.47483897526896435,0.4785046797726027,0.48747604361610897,0.47483897526896435,0.0,0.006225391848319841,0.0
2023-08-24,0.4898930135990618,0.4834299818106347,0.49731951293223986,0.4898930135990618,0.0,0.005651417100078975,0.0
2023-08-25,0.4373443913203978,0.4547802833428074,0.45890576811531325,0.4373443913203978,0.0,0.00676522678290711,0.0
2023-08-28,0.4359646492795317,0.4405745204819427,0.48462943392541646,0.4359646492795317,0.0,0.0020347769098410045,0.0
2023-08-29,0.45817492459818254,0.46785311638467864,0.47215991320327433,0.45817492459818254,0.0,0.006759067010899662,0.0
2023-08-30,0.49259328531801927,0.5363282406667134,0.529304218388372,0.49259328531801927,0.0,0.008220992996633368,0.0
2023-08-31,0.5425290446038407,0.5318949170809466,0.5143907241632615,0.5425290446038407,0.0,0.009380337884506583,0.0
2023-09-01,0.47279849844962385,0.4864434647789997,0.473991016238692,0.47279849844962385,0.0,0.008755378602387568,0.0
2023-09-04,0.4189951380070909,0.4311000270358436,0.4646590544337812,0.4189951380070909,0.0,0.0032529637591842612,0.0
2023-09-05,0.43366758555482576,0.4234463136560622,0.41234262931754095,0.43366758555482576,0.0,0.008484096184896112,0.0
2023-09-06,0.3798087722645498,0.3841395342849383,0.4104477051614577,0.3798087722645498,0.0,0.004012000325411155,0.0
2023-09-07,0.37826643119572445,0.3733702639027703,0.39666609728212876,0.37826643119572445,0.0,0.004343208151520381,0.0
2023-09-08,0.3574631544023408,0.3794183803150224,0.4025151152815578,0.3574631544023408,0.0,0.0043923649938703594,0.0
2023-09-11,0.373463650658314,0.3908286020639169,0.415413551476421,0.373463650658314,0.0,0.0042355665467849095,0.0
2023-09-12,0.3989005298096231,0.39529411115587454,0.411259547358096,0.3989005298096231,0.0,0.005252122156081763,0.0
2023-09-13,0.4011797358377027,0.3974385854561886,0.42011285075805205,0.4011797358377027,0.0,0.004463502774900547,0.0
2023-09-14,0.3861632926584875,0.3894004851735344,0.3710240849647075,0.3861632926584875,0.0,0.009309216696460763,0.0
2023-09-15,0.3096430622378623,0.3374402039273656,0.3549655647511951,0.3096430622378623,0.0,0.004979322213283476,0.0
2023-09-18,0.334157920311446,0.34555462983911855,0.37200768105961224,0.334157920311446,0.0,0.003921809639645205,0.0
2023-09-19,0.35340475785433156,0.36183130012896303,0.3877724364088184,0.35340475785433156,0.0,0.004013528713399459,0.0
2023-09-20,0.345029498095311,0.367774583749509,0.3873238114724469,0.345029498095311,0.0,0.004792120125632323,0.0
2023-09-21,0.32215096896803885,0.32661575839169554,0.3426959543041139,0.32215096896803885,0.0,0.00511760315383354,0.0
2023-09-22,0.32886640281138035,0.3250340706572965,0.3396785292610467,0.32886640281138035,0.0,0.005280674183807724,0.0
2023-09-25,0.3185728504737604,0.31257919933499334,0.30979898224082625,0.3185728504737604,0.0,0.007334928015946086,0.0
2023-09-26,0.2737556709935678,0.2767383391911489,0.30258250287668176,0.2737556709935678,0.0,0.0038530458184243156,0.0
2023-09-27,0.25627956506168914,0.24956733483780535,0.25606441428166526,0.25627956506168914,0.0,0.006118769614243288,0.0
2023-09-28,0.2056802513611391,0.2533643049862446,0.24252307415074625,0.2056802513611391,0.0,0.008261911021966446,0.0
2023-09-29,0.2507352201712951,0.28369040853525096,0.29502720844540065,0.2507352201712951,0.0,0.0056254631549326715,0.0
2023-10-02,0.2529345365034832,0.2628709839385328,0.24321572101911215,0.2529345365034832,0.0,0.00929822585860829,0.0
2023-10-03,0.18632156824414636,0.18827969388828425,0.20946279510233268,0.18632156824414636,0.0,0.004237654420683296,0.0
2023-10-04,0.1796578277333598,0.21769540740417082,0.2124727117782328,0.1796578277333598,0.0,0.007517300902167292,0.0
2023-10-05,0.20707221182612123,0.2211199452663033,0.249635374920949,0.20707221182612123,0.0,0.003422521292903118,0.0
2023-10-06,0.238263028834524,0.26841240852418924,0.23628737524382082,0.238263028834524,0.0,0.010830146998643965,0.0
2023-10-09,0.25469492944801075,0.2516373226808879,0.26581496755444434,0.25469492944801075,0.0,0.00520190387900049,0.0
2023-10-10,0.2636848699254628,0.28490794025640387,0.2930093347774658,0.2636848699254628,0.0,0.006008200848212763,0.0
2023-10-11,0.28411783448174077,0.2957103157306564,0.32197286100695166,0.28411783448174077,0.0,0.0038450107150007247,0.0
2023-10-12,0.29948485244372236,0.2999854705429277,0.2851208565545029,0.29948485244372236,0.0,0.008765307787200525,0.0
2023-10-13,0.23046485464305277,0.23785456933035487,0.24590371645399856,0.23046485464305277,0.0,0.005921578792015656,0.0
2023-10-16,0.21849079905672042,0.23484660387736245,0.26180737659528397,0.21849079905672042,0.0,0.003639651810722883,0.0
2023-10-17,0.24431866777824673,0.2659782646678588,0.27523796831091296,0.24431866777824673,0.0,0.0058358188573936695,0.0
2023-10-18,0.2590992013849771,0.2663341444081242,0.2702617979911768,0.2590992013849771,0.0,0.0064668957333243095,0.0
2023-10-19,0.23186621389573503,0.25854709107395113,0.27165835427857843,0.23186621389573503,0.0,0.005361891780296701,0.0
2023-10-20,0.26968975541533347,0.27066539395979294,0.3007363831069352,0.26968975541533347,0.0,0.003332772935316682,0.0
2023-10-23,0.2724295020428098,0.30636555746216043,0.3054854253208763,0.2724295020428098,0.0,0.007132204980277277,0.0
2023-10-24,0.33541453823286993,0.33964353172483985,0.31526413497044636,0.33541453823286993,0.0,0.009957854972031931,0.0
2023-10-25,0.27667587434570606,0.2750030806127315,0.30152757729394786,0.27667587434570606,0.0,0.0037658530701828135,0.0
2023-10-26,0.2545191721171598,0.24646373245206288,0.2696517431613099,0.2545191721171598,0.0,0.00410617599373444,0.0
2023-10-27,0.25231891590619426,0.2680657246428799,0.27751018791569493,0.25231891590619426,0.0,0.005813174761626981,0.0
2023-10-30,0.2507352201712951,0.2898874978619643,0.2870476912709563,0.2507352201712951,0.0,0.0073455836096343085,0.0
2023-10-31,0.2921942127904664,0.323102020698081,0.30214326339918784,0.2921942127904664,0.0,0.009559171914270121,0.0
2023-11-01,0.263861567135093,0.25500392663175564,0.26694779244620115,0.263861567135093,0.0,0.005472712947543407,0.0
2023-11-02,0.2701314984393264,0.32389286456524236,0.31526413497044636,0.2701314984393264,0.0,0.008107137625298456,0.0
2023-11-03,0.29539356013864015,0.37551289903136986,0.33985591443468977,0.29539356013864015,0.0,0.011442823880400181,0.0
2023-11-06,0.3845288434697345,0.39094446988637,0.4248177813150562,0.3845288434697345,0.0,0.003131033554312062,0.0
2023-11-07,0.3761817800739742,0.36360426172886395,0.37862818378232355,0.3761817800739742,0.0,0.005300372018931885,0.0
2023-11-08,0.3561097289671782,0.359350257392113,0.37540615573480096,0.3561097289671782,0.0,0.005180026483020867,0.0
2023-11-09,0.36740049268444785,0.3685737038897292,0.39181193792835245,0.36740049268444785,0.0,0.004343899541370307,0.0
2023-11-10,0.33361936977371265,0.3412307369745369,0.3730804390142062,0.33361936977371265,0.0,0.00326888683965798,0.0
2023-11-13,0.35142161364028723,0.3512091634895418,0.3792551324382316,0.35142161364028723,0.0,0.003738366530980976,0.0
2023-11-14,0.36062208696321996,0.4759537485079983,0.40134474855413416,0.36062208696321996,0.0,0.01622317608040766,0.0
2023-11-15,0.4997711395183906,0.49146900167918606,0.5110635789758238,0.4997711395183906,0.0,0.0049981414497032904,0.0
2023-11-16,0.48105909299820304,0.49659201468398795,0.5094933916983653,0.48105909299820304,0.0,0.005804634416430631,0.0
2023-11-17,0.4804086968862862,0.4953110315362741,0.5049696004985833,0.4804086968862862,0.0,0.0061814708322175125,0.0
2023-11-20,0.5224090596794468,0.5360514453131566,0.5622781512147839,0.5224090596794468,0.0,0.0043196999872510255,0.0
2023-11-21,0.5530951617860467,0.5531814913108262,0.5819594585716708,0.5530951617860467,0.0,0.0040492796494684385,0.0
2023-11-22,0.5312354612501622,0.5186216143146938,0.5280981869170738,0.5312354612501622,0.0,0.00622205645697045,0.0
2023-11-23,0.5096727624070905,0.5221206386340578,0.5544309690110687,0.5096727624070905,0.0,0.003583106563794206,0.0
2023-11-24,0.5218470121723442,0.5353120982559139,0.5604076292518307,0.5218470121723442,0.0,0.004449943599652513,0.0
2023-11-27,0.5487519819693336,0.5469696886098623,0.5842138458044346,0.5487519819693336,0.0,0.0030535528933449615,0.0
2023-11-28,0.5629309931605242,0.5839122126524066,0.5914575429994748,0.5629309931605242,0.0,0.006579101955137881,0.0
2023-11-29,0.6003973807458323,0.5913958026422081,0.6120295304079146,0.6003973807458323,0.0,0.005058026277957839,0.0
2023-11-30,0.57497178013978,0.5671224134347783,0.559847317354274,0.57497178013978,0.0,0.008245266394091422,0.0
2023-12-01,0.5106079417876295,0.5116336811207427,0.5099551562772735,0.5106079417876295,0.0,0.0075210229440505465,0.0
2023-12-04,0.5075223197711995,0.49146900167918606,0.4895905875109783,0.5075223197711995,0.0,0.007498544665491151,0.0
2023-12-05,0.4677955237333702,0.4614022213517197,0.47142690886155414,0.4677955237333702,0.0,0.00606575179915352,0.0
2023-12-06,0.43302470847305585,0.4269563730061714,0.4640199046813098,0.43302470847305585,0.0,0.002825153273953672,0.0
2023-12-07,0.4117684101104224,0.42164760365116205,0.45179252879929166,0.4117684101104224,0.0,0.0036355040435086983,0.0
2023-12-08,0.43183106242959646,0.4245259074933463,0.43116047445369077,0.43183106242959646,0.0,0.006400897106474939,0.0
2023-12-11,0.4110371844239147,0.4081811878475401,0.44041922967905656,0.4110371844239147,0.0,0.0033561134326305603,0.0
2023-12-12,0.4116763019905747,0.44111615657241376,0.45507368523800196,0.4116763019905747,0.0,0.005592547639626007,0.0
2023-12-13,0.4369768987196281,0.4304691911138905,0.4646590544337812,0.4369768987196281,0.0,0.0031703641000736422,0.0
2023-12-14,0.5059329847636302,0.5815764644865142,0.5482750465049548,0.5059329847636302,0.0,0.011383003933001618,0.0
2023-12-15,0.5906668157940924,0.5829788329719774,0.5656447153296806,0.5906668157940924,0.0,0.009430279560991362,0.0
2023-12-18,0.5131343359333727,0.5244232817077874,0.559566692132508,0.5131343359333727,0.0,0.003256922341326904,0.0
2023-12-19,0.5356547712475752,0.5691344673666725,0.5765140153057811,0.5356547712475752,0.0,0.0065837870411016635,0.0
2023-12-20,0.5807670726629492,0.5627497825179626,0.5919277544914454,0.5807670726629492,0.0,0.004012888575221105,0.0
2023-12-21,0.5529062461523839,0.5782153780510191,0.5923979659833378,0.5529062461523839,0.0,0.00580292195777255,0.0
2023-12-22,0.6005881761370517,0.6096928031369311,0.6380263130726185,0.6005881761370517,0.0,0.0042128713096514685,0.0
2023-12-25,0.6166629228161682,0.6111034478953767,0.642501299886062,0.6166629228161682,0.0,0.003855450967868466,0.0
2023-12-26,0.6116806254329532,0.6092228947460816,0.6501288623509911,0.6116806254329532,0.0,0.0027573270910367376,0.0
2023-12-27,0.6296229112368952,0.6728757106099978,0.6656158081161987,0.6296229112368952,0.0,0.008442551721525401,0.0
2023-12-28,0.6813679371634631,0.6859696941273894,0.6984940092615712,0.6813679371634631,0.0,0.006161437253754225,0.0
2023-12-29,0.6494750307105122,0.6451005383255941,0.676643722348107,0.6494750307105122,0.0,0.0039047152123377667,0.0
2024-01-01,0.639730367577183,0.6195774318909004,0.6740523971400769,0.639730367577183,0.0,0.0012141072796389989,0.0
2024-01-02,0.6262590851032073,0.6139256569981635,0.596920818637301,0.6262590851032073,0.0,0.009427243346653982,0.0
2024-01-03,0.549790548015137,0.5529405598071202,0.5628384631123406,0.549790548015137,0.0,0.006241903050469384,0.0
2024-01-04,0.538761070597122,0.5554096479274042,0.5772648520194394,0.538761070597122,0.0,0.004865997969217112,0.0
2024-01-05,0.5542295954667296,0.57560283453157,0.5479953598290859,0.5542295954667296,0.0,0.01064439124178794,0.0
2024-01-08,0.5501683792824625,0.5615414466557658,0.5831805067772216,0.5501683792824625,0.0,0.0048993285007892145,0.0
2024-01-09,0.5576319566302352,0.5531814913108262,0.5737950478564198,0.5576319566302352,0.0,0.004994038285159577,0.0
2024-01-10,0.5424341168475806,0.5550381352269929,0.5822410223392538,0.5424341168475806,0.0,0.004241731132260795,0.0
2024-01-11,0.5761118530932077,0.5717801159782097,0.5886334584101967,0.5761118530932077,0.0,0.005462919274577065,0.0
2024-01-12,0.5812426513227926,0.5680539539434948,0.5930577637454366,0.5812426513227926,0.0,0.0045081048515178915,0.0
2024-01-15,0.5529062461523839,0.5466919736704101,0.590703890648129,0.5529062461523839,0.0,0.0022660823012485465,0.0
2024-01-16,0.5529062461523839,0.53725334407416,0.5379416562332029,0.5529062461523839,0.0,0.007270805711132712,0.0
2024-01-17,0.5001452112706062,0.4896408649257049,0.5208685679103908,0.5001452112706062,0.0,0.003635301710859062,0.0
2024-01-18,0.5056529008888191,0.5070421887615586,0.5234627087561083,0.5056529008888191,0.0,0.005402528568213772,0.0
2024-01-19,0.5004243552666399,0.49558598771804174,0.5388717552122149,0.5004243552666399,0.0,0.0022417055634032282,0.0
2024-01-22,0.5107949776637373,0.5088776822022032,0.5483679625482285,0.5107949776637373,0.0,0.0027135462034556927,0.0
2024-01-23,0.5012646068909987,0.5153101855172517,0.5042319034273852,0.5012646068909987,0.0,0.008635385567249545,0.0
2024-01-24,0.4836606774457888,0.5255295435359644,0.525964872104371,0.4836606774457888,0.0,0.007330935434251779,0.0
2024-01-25,0.5024779903887939,0.5015393867833611,0.5057082361155985,0.5024779903887939,0.0,0.006821334859435936,0.0
2024-01-26,0.4751181192649998,0.48836080136396287,0.49566204088680266,0.4751181192649998,0.0,0.006444549509066703,0.0
2024-01-29,0.4723360780926704,0.4624919306338553,0.4828846771120805,0.4723360780926704,0.0,0.0048507058220570816,0.0
2024-01-30,0.4652033380734082,0.467034684940729,0.49511017590230644,0.4652033380734082,0.0,0.003965071458096959,0.0
2024-01-31,0.47224303009396706,0.490188938117444,0.4911532664212732,0.47224303009396706,0.0,0.007193410188959815,0.0
2024-02-01,0.44111612484222995,0.47467828287565883,0.4695967443720317,0.44111612484222995,0.0,0.007892874146867674,0.0
2024-02-02,0.49688007240821186,0.49970665210047915,0.4717929417595066,0.49688007240821186,0.0,0.010568588064696833,0.0
2024-02-05,0.4222912928689997,0.41446012031864665,0.42581357850652424,0.4222912928689997,0.0,0.005827629814855692,0.0
2024-02-06,0.392163478754469,0.3956509104820354,0.4257234781009398,0.392163478754469,0.0,0.0035890972500957703,0.0
2024-02-07,0.40428039591450293,0.41203701149298677,0.4507901617865535,0.40428039591450293,0.0,0.0025989071336143333,0.0
2024-02-08,0.4189030298871632,0.4162551519799651,0.44032819072757334,0.4189030298871632,0.0,0.004335045735024827,0.0
2024-02-09,0.42009291641566726,0.4198488936462619,0.45671520200321325,0.42009291641566726,0.0,0.002835425944937467,0.0
2024-02-12,0.4366084662400027,0.42830724468163783,0.45179252879929166,0.4366084662400027,0.0,0.00442439432429904,0.0
2024-02-13,0.4161576439870984,0.4207482486487111,0.40801217857147165,0.4161576439870984,0.0,0.008687501590788002,0.0
2024-02-14,0.366224704337613,0.37354774397999524,0.40287551690413537,0.366224704337613,0.0,0.0036344093035775298,0.0
2024-02-15,0.3845288434697345,0.4135616849020929,0.4262668961724554,0.3845288434697345,0.0,0.005691465456548835,0.0
2024-02-16,0.4174377588778153,0.40907686450640757,0.43351810173465744,0.4174377588778153,0.0,0.004274937949442367,0.0
2024-02-19,0.426141976207866,0.4162551519799651,0.45598595184507573,0.42577448360709624,4.322036127388721e-05,0.002487436802655921,4.3219427301006834e-05
2024-02-20,0.41862764540632114,0.4538744912391648,0.45562085749309844,0.41862764540632114,0.0,0.007058368250320273,0.0
2024-02-21,0.4483926663138931,0.4414775538279754,0.4787569522786743,0.4483926663138931,0.0,0.0028298724016288107,0.0
2024-02-22,0.45411182865636235,0.4906459723057557,0.4891307000238605,0.45411182865636235,0.0,0.007500871451337008,0.0
2024-02-23,0.45826797259688945,0.4545090055047014,0.49593797337908896,0.45826797259688945,0.0,0.0023712636410458962,0.0
2024-02-26,0.4538345644178836,0.4696720572792037,0.49566204088680266,0.45346519205955715,4.330042207116119e-05,0.004221736062665315,4.329948463502024e-05
2024-02-27,0.4781802443120604,0.4751334778922578,0.5116182595980057,0.4781802443120604,0.0,0.002994258669675741,0.0
2024-02-28,0.4733558465629155,0.46049459007620985,0.48407850748681547,0.4733558465629155,0.0,0.004471552892631372,0.0
2024-02-29,0.4686291962062832,0.4672167629473529,0.4895905875109783,0.4686291962062832,0.0,0.004632072693053178,0.0
2024-03-01,0.4419441580424728,0.45614035087722815,0.484537456428038,0.4419441580424728,0.0,0.003911686249551332,0.0
2024-03-04,0.4716866218595328,0.47540659490223103,0.5155010239536004,0.4716866218595328,0.0,0.002574346839884738,0.0
2024-03-05,0.48152339311270964,0.4822437160098536,0.518739007281269,0.48152339311270964,0.0,0.003009012651798806,0.0
2024-03-06,0.4821737892246265,0.5120925544809216,0.5189248393678945,0.4821737892246265,0.0,0.006551352640576459,0.0
2024-03-07,0.5165047412185046,0.5328181813166042,0.539708938147955,0.5165047412185046,0.0,0.006568162817463306,0.0
2024-03-08,0.5564035350720715,0.5614476488948066,0.5851542687882993,0.5564035350720715,0.0,0.004655741724019112,0.0
2024-03-11,0.5507351261833762,0.5402116518889484,0.5753886987811896,0.5507351261833762,0.0,0.003276607648948841,0.0
2024-03-12,0.5415863461930766,0.53374144555226,0.566394613497442,0.5415863461930766,0.0,0.0035578429471572835,0.0
2024-03-13,0.538761070597122,0.5392874680673954,0.5799875736523834,0.538761070597122,0.0,0.0026369943260923885,0.0
2024-03-14,0.5604703905290052,0.5434504334008752,0.551351599939208,0.5604703905290052,0.0,0.006442999729921858,0.0
2024-03-15,0.5037853617639936,0.5024562139177471,0.5432444405234307,0.5037853617639936,0.0,0.0025488344969517725,0.0
2024-03-18,0.503131206137045,0.5070421887615586,0.5487415038133427,0.503131206137045,0.0,0.002453727787594873,0.0
2024-03-19,0.4963208445374434,0.48416013300892136,0.5127266822965559,0.4963208445374434,0.0,0.003934564541057609,0.0
2024-03-20,0.48793806574827947,0.48142252580821765,0.5142058306225348,0.48793806574827947,0.0,0.003438788640417705,0.0
2024-03-21,0.5462058503694127,0.535589813195366,0.5295829665183476,0.5462058503694127,0.0,0.00804998737301559,0.0
2024-03-22,0.4871936817588818,0.47777544816021145,0.4922569963903438,0.4871936817588818,0.0,0.005570340682243491,0.0
2024-03-25,0.4439695968013684,0.4577726158356521,0.4872010496697161,0.4439695968013684,0.0,0.003793505441912872,0.0
2024-03-26,0.4681658359704759,0.4735858148359151,0.5056162586182218,0.4681658359704759,0.0,0.0035160389649316524,0.0
2024-03-27,0.4635378728851389,0.45441796650135036,0.49437341737700535,0.4635378728851389,0.0,0.002542357679636013,0.0
2024-03-28,0.4485768825536667,0.4459973184875361,0.4658472535331448,0.4485768825536667,0.0,0.004888036200944648,0.0
2024-03-29,0.43366758555482576,0.4297482357744835,0.4606392623779776,0.43366758555482576,0.0,0.003558010659236493,0.0
2024-04-01,0.43229066315029385,0.4252459432468578,0.43125151340525036,0.43229066315029385,0.0,0.006476322389061379,0.0
2024-04-02,0.38852614789741224,0.40773242993220915,0.4263569965780398,0.38852614789741224,0.0,0.004974336160279231,0.0
2024-04-03,0.4132308614835143,0.44871193604100856,0.45735435175576455,0.4132308614835143,0.0,0.006236912336509903,0.0
2024-04-04,0.4682588839691011,0.4826087916089987,0.5127266822965559,0.4682588839691011,0.0,0.003761934846368055,0.0
2024-04-05,0.467240055377637,0.4614932603549926,0.47857299728384284,0.467240055377637,0.0,0.005239484400675422,0.0
2024-04-08,0.4620575638154225,0.46912674284522904,0.5021107897112476,0.4620575638154225,0.0,0.0033959379945597526,0.0
2024-04-09,0.48821814962301247,0.49238307005588755,0.5243890535515376,0.48821814962301247,0.0,0.0035559798531759543,0.0
2024-04-10,0.48477631355106965,0.47686413854119447,0.4329737451172466,0.48477631355106965,0.0,0.012397142392319432,0.0
2024-04-11,0.39207231051339697,0.3900248839942959,0.40675077289256656,0.39207231051339697,0.0,0.005153591177880172,0.0
2024-04-12,0.38035296207494973,0.36981698401580143,0.34633751236532184,0.38035296207494973,0.0,0.009872048551208741,0.0
2024-04-15,0.31946761506700483,0.3203809660434187,0.34624928905152785,0.31946761506700483,0.0,0.003936506799362571,0.0
2024-04-16,0.30064184321507703,0.3115281126603202,0.330905002261904,0.30064184321507703,0.0,0.0046994875764613375,0.0
2024-04-17,0.29726109926338573,0.3104770259857217,0.3340932426572625,0.29726109926338573,0.0,0.004191840831942223,0.0
2024-04-18,0.33505550454102284,0.34061369484093884,0.3653074019360094,0.33505550454102284,0.0,0.004118706523026036,0.0
2024-04-19,0.31517706846170235,0.33180498158074645,0.3369295283431839,0.31517706846170235,0.0,0.006441938001945427,0.0
2024-04-22,0.3262685778788246,0.324771069092173,0.3474037004987256,0.32591048406575673,4.2615495263563224e-05,0.004329890911043022,4.261458724909911e-05
2024-04-23,0.3229564450776916,0.3546585301706999,0.3586183853631528,0.3229564450776916,0.0,0.006630998044482376,0.0
2024-04-24,0.3626089906923724,0.3591727773149662,0.3900164996368112,0.3626089906923724,0.0,0.0034209199310061265,0.0
2024-04-25,0.35908726492453624,0.3715927043733904,0.38965703656012884,0.35908726492453624,0.0,0.004969746679619988,0.0
2024-04-26,0.3825316010741009,0.3877948882060034,0.38714361066111813,0.3825316010741009,0.0,0.007211032355102476,0.0
2024-04-29,0.3645968343003041,0.3742585838745507,0.39927431631628174,0.3645968343003041,0.0,0.004148383395285485,0.0
2024-04-30,0.37156227589764157,0.37514782343215014,0.39405881679395094,0.37156227589764157,0.0,0.004870740646714514,0.0
2024-05-01,0.3328120139064268,0.338232886966396,0.36709251622277606,0.3328120139064268,0.0,0.0036178915533339683,0.0
2024-05-02,0.3761817800739742,0.37070438440161,0.3873238114724469,0.3761817800739742,0.0,0.005128700050703896,0.0
2024-05-03,0.38525536976243124,0.43137038528813054,0.42608575681522964,0.38525536976243124,0.0,0.007863341919208476,0.0
2024-05-06,0.4050097418434522,0.41805202281315257,0.4507901617865535,0.4050097418434522,0.0,0.003323482816744829,0.0
2024-05-07,0.41240752767708067,0.4162551519799651,0.4503349670289136,0.41240752767708067,0.0,0.003157950675558773,0.0
2024-05-08,0.3989916980507715,0.3920783192912589,0.4345167145638129,0.3989916980507715,0.0,0.002116505728542986,0.0
2024-05-09,0.3961683022123701,0.4108709765818306,0.426176795766791,0.3961683022123701,0.0,0.005369731569989352,0.0
2024-05-10,0.4263243126901628,0.41895045822970634,0.4552567016869382,0.4263243126901628,0.0,0.002897124395966771,0.0
2024-05-13,0.41469331285652977,0.4297482357744835,0.458722751666377,0.41469331285652977,0.0,0.003791974031286966,0.0
2024-05-14,0.4329335402319856,0.4459973184875361,0.466578380783071,0.4329335402319856,0.0,0.0048109849497660895,0.0
2024-05-15,0.4494989036313939,0.48142252580821765,0.49584599588163414,0.4494989036313939,0.0,0.005610619336364341,0.0
2024-05-16,0.5088306310251749,0.49879074455190864,0.5285618285876961,0.5088306310251749,0.0,0.003823522875839591,0.0
2024-05-17,0.4914757694552634,0.4849813232105591,0.513744066043623,0.4914757694552634,0.0,0.003915838485672344,0.0
2024-05-20,0.49753234827768367,0.4896408649257049,0.5284689125444242,0.49753234827768367,0.0,0.0027487638400000756,0.0
2024-05-21,0.4859849976549757,0.4823347550131265,0.5213312710351978,0.4859849976549757,0.0,0.002715151946204808,0.0
2024-05-22,0.48152339311270964,0.4741311292698933,0.5028484867824456,0.48152339311270964,0.0,0.0038995266515620807,0.0
2024-05-23,0.45789766035978374,0.4714008787562749,0.49538610839451636,0.45789766035978374,0.0,0.004458948731614507,0.0
2024-05-24,0.4480242338343441,0.46776207738132936,0.4899575589547478,0.4480242338343441,0.0,0.0046655388141672634,0.0
2024-05-27,0.47558147950072716,0.4759537485079983,0.5179984945723852,0.47558147950072716,0.0,0.002346132902841241,0.0
2024-05-28,0.4868224296429986,0.4931150604260415,0.5316243038335937,0.4868224296429986,0.0,0.002797857459958175,0.0
2024-05-29,0.4789227485439014,0.46958101827585264,0.4926249063800867,0.4789227485439014,0.0,0.004553778282598224,0.0
2024-05-30,0.4394600584416626,0.45958695880077816,0.47646502321024364,0.4394600584416626,0.0,0.00527566753406656,0.0
2024-05-31,0.4659439625476942,0.48781272817230015,0.49428143987954876,0.4659439625476942,0.0,0.006547736203963592,0.0
2024-06-03,0.4798513487729963,0.49421304598115956,0.5071855073497851,0.4798513487729963,0.0,0.0057913942557008226,0.0
2024-06-04,0.5226910233118147,0.5153101855172517,0.5329241898941408,0.5226910233118147,0.0,0.0052726962337156956,0.0
2024-06-05,0.5025710383874191,0.493481055611082,0.5331100219807627,0.5025710383874191,0.0,0.002662906667574997,0.0
2024-06-06,0.49678702440958666,0.5002556448780373,0.53524709097697,0.49678702440958666,0.0,0.003222681503855053,0.0
2024-06-07,0.5124783005487874,0.5026392115102682,0.4890387225264021,0.5124783005487874,0.0,0.008887710046882984,0.0
2024-06-10,0.42137585094271834,0.4108709765818306,0.432883644711584,0.42137585094271834,0.0,0.004563490615217816,0.0
2024-06-11,0.4098491776530455,0.40370096538133193,0.4230082648351594,0.4098491776530455,0.0,0.004871469961742096,0.0
2024-06-12,0.39098017137748897,0.4640359153466145,0.4339723579464039,0.39098017137748897,0.0,0.010868023390936989,0.0
2024-06-13,0.4483926663138931,0.43786542044392274,0.44878730485286944,0.4483926663138931,0.0,0.005917166286672217,0.0
2024-06-14,0.38979874375798573,0.3822681769945975,0.3813152406713147,0.38979874375798573,0.0,0.007227044581248326,0.0
2024-06-17,0.36089277205025105,0.36715294368643203,0.39666609728212876,0.36089277205025105,0.0,0.0035990567666565813,0.0
2024-06-18,0.39125367610085426,0.39422095441986027,0.4151423117136126,0.39125367610085426,0.0,0.004668181217333731,0.0
2024-06-19,0.3925272118402052,0.3880624877006058,0.4270815540067776,0.3925272118402052,0.0,0.002512626385929646,0.0
2024-06-20,0.39981221222086916,0.3858324919122369,0.41234262931754095,0.39981221222086916,0.0,0.003982796836777195,0.0
2024-06-21,0.36423592085090206,0.3644907425288535,0.3842735373231907,0.36423592085090206,0.0,0.004745475180503948,0.0
2024-06-24,0.3495305775460942,0.38324753596965255,0.3941479786537183,0.3495305775460942,0.0,0.005855307560360124,0.0
2024-06-25,0.38498280491784165,0.3822681769945975,0.4002644822323749,0.38498280491784165,0.0,0.004988636895015263,0.0
2024-06-26,0.36676701439045445,0.36271778092895257,0.38095765468642284,0.36676701439045445,0.0,0.004922706002312793,0.0
2024-06-27,0.3435003153292975,0.36715294368643203,0.3889390489526594,0.3435003153292975,0.0,0.004525441937692151,0.0
2024-06-28,0.36586285100942995,0.36316102132890915,0.3954065686950159,0.36586285100942995,0.0,0.003263082218938172,0.0
2024-07-01,0.3869809871922527,0.4072845916027772,0.4227360865264558,0.3869809871922527,0.0,0.005349575759488113,0.0
2024-07-02,0.38843497965634377,0.3825357764891235,0.41478097154513804,0.38843497965634377,0.0,0.0033016784623924843,0.0
2024-07-03,0.3973525494681276,0.43615039275513023,0.435605427798631,0.3973525494681276,0.0,0.007303673230904336,0.0
2024-07-04,0.4327493239922102,0.43696238709789004,0.47270896255016304,0.4327493239922102,0.0,0.0030045008423271475,0.0
2024-07-05,0.44645651603851455,0.4536933328183599,0.49354468135424767,0.44645651603851455,0.0,0.002557928304127147,0.0
2024-07-08,0.4585452368353664,0.46049459007620985,0.49704264189405656,0.4585452368353664,0.0,0.0029583124163330586,0.0
2024-07-09,0.46242787605252644,0.45052260066247296,0.4900495364522026,0.46242787605252644,0.0,0.002583521725439149,0.0
2024-07-10,0.4496831198711675,0.446268596325722,0.494465394874382,0.4496831198711675,0.0,0.0015588452508266278,0.0
2024-07-11,0.4642775574806475,0.49998160828216687,0.5110635789758238,0.4642775574806475,0.0,0.006037549072208462,0.0
2024-07-12,0.4953884847932386,0.509888307097552,0.5347825107604525,0.4953884847932386,0.0,0.004425962003689576,0.0
2024-07-15,0.5054668048914888,0.5181618213686177,0.5515383705717269,0.5054668048914888,0.0,0.003450929819262547,0.0
2024-07-16,0.5180978357411057,0.5061244420412754,0.5419417388251997,0.5180978357411057,0.0,0.0031325687752854483,0.0
2024-07-17,0.5188469191243943,0.5376230176027059,0.5609688796952828,0.5188469191243943,0.0,0.004660884998481308,0.0
2024-07-18,0.5485640062144483,0.53374144555226,0.5680783648277998,0.5485640062144483,0.0,0.0033594826194090284,0.0
2024-07-19,0.5180978357411057,0.5024562139177471,0.5460384916441274,0.5180978357411057,0.0,0.0022190532396686347,0.0
2024-07-22,0.5162237174649142,0.5024562139177471,0.5431515244800806,0.5162237174649142,0.0,0.0025559732325521507,0.0
2024-07-23,0.5088306310251749,0.5015393867833611,0.5201280552015053,0.5088306310251749,0.0,0.005134410600248457,0.0
2024-07-24,0.4779941483147301,0.47540659490223103,0.5061690621486132,0.4779941483147301,0.0,0.0036648194254151364,0.0
2024-07-25,0.46918466456193997,0.47376697325664363,0.5082000754590865,0.46918466456193997,0.0,0.003234519785824752,0.0
2024-07-26,0.47845844842931484,0.47695517754446914,0.518739007281269,0.47845844842931484,0.0,0.002378301157584067,0.0
2024-07-29,0.4804086968862862,0.47959898698421366,0.48756802111356556,0.4804086968862862,0.0,0.006341276806899392,0.0
2024-07-30,0.45337308393963127,0.45323997697362817,0.485088382866639,0.45337308393963127,0.0,0.0034942605937944627,0.0
2024-07-31,0.45069724906882236,0.46412695434996554,0.49198106389805574,0.45069724906882236,0.0,0.003990773244972721,0.0
2024-08-01,0.4568816514045757,0.45323997697362817,0.4680415738288257,0.4568816514045757,0.0,0.005493207473903951,0.0
2024-08-02,0.42825106417776304,0.5214760089236714,0.471701902807947,0.42825106417776304,0.0,0.013280589641380467,0.0
2024-08-05,0.5254119723638091,0.5840998081744049,0.5589134641916793,0.5254119723638091,0.0,0.010418595747927613,0.0
2024-08-06,0.557064269850466,0.5499353531118141,0.5675171143843478,0.557064269850466,0.0,0.0053382464199594375,0.0
2024-08-07,0.5375373484327675,0.5293108807242577,0.5692965973957413,0.5375373484327675,0.0,0.00269650324137043,0.0
2024-08-08,0.5390430342294099,0.5374372612525766,0.5499531665600177,0.5390430342294099,0.0,0.005908253534131528,0.0
2024-08-09,0.5292626557026754,0.525437584946796,0.5714505602180697,0.5292626557026754,0.0,0.001988474101674976,0.0
2024-08-12,0.5277588496635879,0.5318949170809466,0.5743572368458469,0.5277588496635879,0.0,0.002417541127028399,0.0
2024-08-13,0.5454501878347582,0.549472801408128,0.5762333900840932,0.5454501878347582,0.0,0.004278289726187173,0.0
2024-08-14,0.593335131634678,0.6158089689051449,0.6333654941725495,0.593335131634678,0.0,0.005475698977371584,0.0
2024-08-15,0.6061306412698908,0.5913958026422081,0.6036182821231382,0.6061306412698908,0.0,0.006024751706303603,0.0
2024-08-16,0.574212358090012,0.5817640600085108,0.6218776924535216,0.574212358090012,0.0,0.0027954516195433654,0.0
2024-08-19,0.6154166435613018,0.6344002368853614,0.6614045526983965,0.6154166435613018,0.0,0.0044175041507048705,0.0
2024-08-20,0.6638899514740295,0.6688690748782209,0.6996521748924316,0.6638899514740295,0.0,0.004041501465208434,0.0
2024-08-21,0.6965723560974855,0.692770951385163,0.7256949463057847,0.6965723560974855,0.0,0.0038383328073395583,0.0
2024-08-22,0.7182017863335552,0.6998719936438809,0.7207450552709691,0.7182017863335552,0.0,0.005217682156964321,0.0
2024-08-23,0.688086190643137,0.7295516283107863,0.7266663413041243,0.688086190643137,0.0,0.008019942196622946,0.0
2024-08-26,0.7438839738450476,0.7335178022633135,0.7629458327623748,0.7438839738450476,0.0,0.004310014150059604,0.0
2024-08-27,0.7255657365312569,0.7169027243652186,0.7616722259868265,0.7255657365312569,0.0,0.0025346933415086436,0.0
2024-08-28,0.7359965111699847,0.7187354590480988,0.7255973375330349,0.7359965111699847,0.0,0.006843431951952163,0.0
2024-08-29,0.6942292383128166,0.686544435309945,0.6869292467793393,0.6942292383128166,0.0,0.007539736499809515,0.0
2024-08-30,0.6591435636631395,0.6522172135444597,0.6851018979275061,0.6591435636631395,0.0,0.003763437794618947,0.0
2024-09-02,0.6310656251556512,0.6382799697640165,0.6760674551703243,0.6310656251556512,0.0,0.0031787080204876694,0.0
2024-09-03,0.6488951255067068,0.6327928007459631,0.669160695950552,0.6488951255067068,0.0,0.003322147488350616,0.0
2024-09-04,0.6342405356556728,0.6508874923444372,0.674723457452922,0.6342405356556728,0.0,0.004811261586730513,0.0
2024-09-05,0.6591435636631395,0.6718264631071902,0.7017761042461768,0.6591435636631395,0.0,0.004146225927410815,0.0
2024-09-06,0.6833144261053228,0.693826635989315,0.6955038020494015,0.6833144261053228,0.0,0.007418560628007334,0.0
2024-09-09,0.6644717364353898,0.6488947497163489,0.6701198898522502,0.6644717364353898,0.0,0.005089011193654548,0.0
2024-09-10,0.6252985289957422,0.6172214528353814,0.6553800266171965,0.6252985289957422,0.0,0.003088147477640843,0.0
2024-09-11,0.6122548913640902,0.620803239885034,0.6447875976791995,0.6122548913640902,0.0,0.004734847358116529,0.0
2024-09-12,0.6043138555989191,0.6150558280595453,0.6477430786933116,0.6043138555989191,0.0,0.0037215986537087525,0.0
2024-09-13,0.6571115457528016,0.6574441397549977,0.7008103405232102,0.6571115457528016,0.0,0.0025748975254695347,0.0
2024-09-16,0.6654407514518574,0.6828118361739621,0.711153116253918,0.6654407514518574,0.0,0.004353416954976054,0.0
2024-09-17,0.6978411924429455,0.6911414451844271,0.7316218636142331,0.6978411924429455,0.0,0.0029715732382558776,0.0
2024-09-18,0.6927658470610254,0.6870226199737788,0.7285115225278957,0.6927658470610254,0.0,0.002848436757158433,0.0
2024-09-19,0.6862355693362385,0.7177708134472978,0.6981082668998901,0.6862355693362385,0.0,0.009911104761759482,0.0
2024-09-20,0.7234049552288848,0.7185423460108078,0.7507212725180441,0.7234049552288848,0.0,0.00397187710228912,0.0
2024-09-23,0.7225205293021197,0.7081381512277831,0.7094121136240865,0.7225205293021197,0.0,0.007464974221331329,0.0
2024-09-24,0.6838003434317237,0.7044837168926117,0.7244326020809062,0.6838003434317237,0.0,0.0053546793849254025,0.0
2024-09-25,0.7464507827780071,0.7422373156920203,0.7541403952029366,0.7464507827780071,0.0,0.006318165893339938,0.0
2024-09-26,0.6990132212746687,0.724622647929249,0.7424282810156448,0.6990132212746687,0.0,0.005637342127812365,0.0
2024-09-27,0.7354043875420686,0.7325503979048227,0.7422330634700636,0.7354043875420686,0.0,0.0065557121949897145,0.0
2024-09-30,0.7295978164736407,0.7391355524780687,0.7497451847903029,0.7295978164736407,0.0,0.006470065913052577,0.0
2024-10-01,0.7034118539390448,0.6908545343860952,0.6906843688936029,0.7034118539390448,0.0,0.007605282732636583,0.0
2024-10-02,0.6460952266376783,0.6417835920128558,0.6694488295394034,0.6460952266376783,0.0,0.004343569646449861,0.0
2024-10-03,0.633951992871939,0.6158089689051449,0.6501288623509911,0.633951992871939,0.0,0.0035230309028012963,0.0
2024-10-04,0.6237618271995053,0.6092228947460816,0.6080585427385241,0.6237618271995053,0.0,0.007595615747727451,0.0
2024-10-07,0.5756372143120654,0.5668437789095071,0.607585515608946,0.5756372143120654,0.0,0.002686693653814229,0.0
2024-10-08,0.5765864918742736,0.5764424164510418,0.6124077644024304,0.5765864918742736,0.0,0.0032620403272656962,0.0
2024-10-09,0.5765864918742736,0.5634008493295406,0.5958837254265035,0.5765864918742736,0.0,0.003633926392408654,0.0
2024-10-10,0.5510180296945233,0.5432655966365649,0.5749194258351924,0.5510180296945233,0.0,0.003692734912525361,0.0
2024-10-11,0.54356479101323,0.5430807598722529,0.5854358325558806,0.54356479101323,0.0,0.0024523584693300834,0.0
2024-10-14,0.5368784934119297,0.5318949170809466,0.5683599285954593,0.5368784934119297,0.0,0.0031122089744115584,0.0
2024-10-15,0.5240980218371636,0.5153101855172517,0.5526571172750501,0.5240980218371636,0.0,0.002974339641195084,0.0
2024-10-16,0.5043455295136194,0.5024562139177471,0.5387788391688648,0.5043455295136194,0.0,0.0030697924341473223,0.0
2024-10-17,0.4872876696363644,0.4780494847560801,0.49602995087654556,0.4872876696363644,0.0,0.005161812137912148,0.0
2024-10-18,0.46131787921991396,0.4732216588225908,0.5073694623446166,0.46131787921991396,0.0,0.003269642650937088,0.0
2024-10-21,0.4921271054459577,0.47777544816021145,0.5017419411756858,0.4921271054459577,0.0,0.004458686541647115,0.0
2024-10-22,0.4520816905035776,0.45323997697362817,0.48665012323103873,0.4520816905035776,0.0,0.0033114217492940115,0.0
2024-10-23,0.4358734810383833,0.43064942994872357,0.4557128349904751,0.4358734810383833,0.0,0.004244813112628086,0.0
2024-10-24,0.4226578455910719,0.43200122121008544,0.4627406666303884,0.4226578455910719,0.0,0.0035859514829997097,0.0
2024-10-25,0.4570668075231268,0.45686590414603767,0.494465394874382,0.4570668075231268,0.0,0.0028266656798773427,0.0
2024-10-28,0.4353217721978382,0.4450933655556861,0.47151888635900896,0.4353217721978382,0.0,0.004119878721230497,0.0
2024-10-29,0.45125083766692065,0.4443696514585911,0.46182652293152415,0.45125083766692065,0.0,0.005163566006974823,0.0
2024-10-30,0.45429604489613595,0.47558867290885676,0.4929928163697497,0.45429604489613595,0.0,0.005243467891623043,0.0
2024-10-31,0.4846832655523645,0.4922920310526129,0.5205907583263123,0.4846832655523645,0.0,0.003990849390939078,0.0
2024-11-01,0.5059329847636302,0.5043809071898755,0.5232768766694065,0.5059329847636302,0.0,0.005107125007720751,0.0
2024-11-04,0.49678702440958666,0.5134710137331018,0.540546121083695,0.49678702440958666,0.0,0.004179137593412075,0.0
2024-11-05,0.4964138925361503,0.5180698627794493,0.5428727763501069,0.4964138925361503,0.0,0.004455799390918773,0.0
2024-11-06,0.5440366101580398,0.5270045593068682,0.39360925331168417,0.5440366101580398,0.0,0.022828918083190066,0.0
2024-11-07,0.38525536976243124,0.444189412623758,0.4174914920815187,0.38525536976243124,0.0,0.010428663090817619,0.0
2024-11-08,0.4342192943953709,0.4220963615664912,0.41460077073388923,0.4342192943953709,0.0,0.008055746872642449,0.0
2024-11-11,0.37092879760364816,0.3689286640440228,0.350337594957395,0.37092879760364816,0.0,0.009301416907383718,0.0
2024-11-12,0.3311080136884197,0.31880203706670596,0.32533097820886603,0.3311080136884197,0.0,0.00623053586319477,0.0
2024-11-13,0.2935269608925939,0.3076768869442743,0.2959929721683672,0.2935269608925939,0.0,0.008409990843201902,0.0
2024-11-14,0.25205480997060725,0.2550912872915232,0.24833361176861324,0.25205480997060725,0.0,0.007729216200265001,0.0
2024-11-15,0.2252165715666159,0.2633896303816927,0.2681688406518301,0.2252165715666159,0.0,0.006383249700704711,0.0
2024-11-18,0.22810293928290548,0.2594115018125249,0.27349133440578655,0.22810293928290548,0.0,0.0052496812596504105,0.0
2024-11-19,0.27632247992652736,0.27066539395979294,0.2713964999746459,0.27632247992652736,0.0,0.006847479367435585,0.0
2024-11-20,0.28633500851063154,0.27934444560925353,0.25562986753364925,0.28633500851063154,0.0,0.009787821340760698,0.0
2024-11-21,0.2379124540516795,0.23699475652125823,0.22462124980525466,0.2379124540516795,0.0,0.008373778355362271,0.0
2024-11-22,0.17732504861525022,0.1916794029313147,0.12286222709436068,0.17732504861525022,0.0,0.015169681815280845,0.0
2024-11-25,0.18562887758737823,0.21555645061915296,0.2092046949819828,0.18562887758737823,0.0,0.007643364267830017,0.0
2024-11-26,0.15758195507940442,0.22651883403869189,0.19170362973242305,0.15758195507940442,0.0,0.011158371906311358,0.0
2024-11-27,0.1945577259445006,0.2570775928184199,0.22962933068536096,0.1945577259445006,0.0,0.010292870246591512,0.0
2024-11-28,0.2507352201712951,0.2430180441144083,0.27192020858243104,0.2507352201712951,0.0,0.0034123641459246584,0.0
2024-11-29,0.2511750834377313,0.2663341444081242,0.28275759799823774,0.2511750834377313,0.0,0.004970491690798113,0.0
2024-12-02,0.23703554715513775,0.22797729726355076,0.21918894618190343,0.23756187926883499,-6.330251480691453e-05,0.007919935883599273,-6.330451849565654e-05
2024-12-03,0.2024621064374852,0.2160695795469385,0.23464398138673914,0.2024621064374852,0.0,0.004614224097562514,0.0
2024-12-04,0.21003282996555228,0.22360466634665688,0.228420483576377,0.21003282996555228,0.0,0.00629139673725558,0.0
2024-12-05,0.2126466328373322,0.26079455899425685,0.25597806805958356,0.2126466328373322,0.0,0.007545662927515139,0.0
2024-12-06,0.2689829665769743,0.2902185487831277,0.28520814132247985,0.2689829665769743,0.0,0.007590789069308358,0.0
2024-12-09,0.25311029383433414,0.2642558802919792,0.27497611400706035,0.25311029383433414,0.0,0.005649809944828925,0.0
2024-12-10,0.24502169710149246,0.2447404284902861,0.249200828172933,0.24502169710149246,0.0,0.0063601528153325645,0.0
2024-12-11,0.22749013832195075,0.2241177952744442,0.23447035039675868,0.22749013832195075,0.0,0.005611783296246988,0.0
2024-12-12,0.20689833425282522,0.21581301508308304,0.22125750132804534,0.20689833425282522,0.0,0.006198358593953612,0.0
2024-12-13,0.18104226916811683,0.2104279200990531,0.21298891201885262,0.18104226916811683,0.0,0.0065539719619505405,0.0
2024-12-16,0.2094228486410099,0.21128221539277714,0.22928394579711409,0.2094228486410099,0.0,0.00466762721728116,0.0
2024-12-17,0.21517490674055217,0.21803749335600298,0.23317327997389903,0.21517490674055217,0.0,0.005027321339043729,0.0
2024-12-18,0.19759541414348902,0.20445337055821344,0.22358603368632757,0.19759541414348902,0.0,0.004520389686962074,0.0
2024-12-19,0.08343209892785097,0.13267877209537904,0.13280705936682402,0.08343209892785097,0.0,0.006734181629750631,0.0
2024-12-20,0.09501986433793519,0.14106631501702882,0.12631513743125922,0.09501986433793519,0.0,0.008569194053883051,0.0
2024-12-23,0.14873299641809723,0.15275517129127092,0.15913327163963054,0.14873299641809723,0.0,0.005970247142926705,0.0
2024-12-24,0.12724830751328398,0.12422501898948024,0.16032240928488584,0.12724830751328398,0.0,0.002286505732585313,0.0
2024-12-25,0.12468807773177026,0.140982632700843,0.17138129553119263,0.12468807773177026,0.0,0.003025217056085359,0.0
2024-12-26,0.12230078564469693,0.13510923760812776,0.16346747656920435,0.12230078564469693,0.0,0.003260514712892606,0.0
2024-12-27,0.14093106271151612,0.15022906884577036,0.17547241707474903,0.14093106271151612,0.0,0.003670685683406692,0.0
2024-12-30,0.14581655258107062,0.16067832333744558,0.14988671751082805,0.14581655258107062,0.0,0.008083283688405225,0.0
2024-12-31,0.1275048944187258,0.13427149486044687,0.12968639427563566,0.1275048944187258,0.0,0.0072773195324733865,0.0
2025-01-02,0.0846999953946117,0.09672572247266142,0.03781870672131227,0.0846999953946117,0.0,0.013885674079342474,0.0
2025-01-03,0.01874400239856122,0.042535445438277364,0.06428100814842885,0.01874400239856122,0.0,0.0038840925304795986,0.0
2025-01-06,0.04802780537370133,0.1425781142235989,0.08857996129434476,0.04802780537370133,0.0,0.013459842457018518,0.0
2025-01-07,0.11191042579326194,0.1435022980451519,0.1382947371977803,0.11191042579326194,0.0,0.007390572933526349,0.0
2025-01-08,0.07971769801131856,0.0834606959793911,0.07316809920054901,0.07971769801131856,0.0,0.00789206022398393,0.0
2025-01-09,0.05540303411665981,0.05624003398791988,0.08057510338087326,0.05540303411665981,0.0,0.003582507406151281,0.0
2025-01-10,0.041920473097347255,0.04761799666375399,0.029420598078996107,0.041920473097347255,0.0,0.008812660521440788,0.0
2025-01-13,0.0,0.0,0.0,0.0,0.0,0.006480481173775442,0.0
2025-01-14,0.01641686255304009,0.041470564975245594,0.044005601241901005,0.01641686255304009,0.0,0.006259465233267378,0.0
2025-01-15,0.04920077408412382,0.07717532640701386,0.0683486660447521,0.04920077408412382,0.0,0.007725075179267655,0.0
2025-01-16,0.040081130335783755,0.04728970450027781,0.06295390425706948,0.040081130335783755,0.0,0.004636246298612958,0.0
2025-01-17,0.04534915086655822,0.06134005734541237,0.06511068271708176,0.04534915086655822,0.0,0.006135339188061032,0.0
2025-01-20,0.02598294871926221,0.13661827805708793,0.07524791689743715,0.02598294871926221,0.0,0.014392382027900963,0.0
2025-01-21,0.13896107680028713,0.14182221462031475,0.12656760627623598,0.13896107680028713,0.0,0.008586625044527497,0.0
2025-01-22,0.127333836481764,0.16034083531509058,0.17078438034386423,0.127333836481764,0.0,0.005508681219242711,0.0
2025-01-23,0.1306647668583807,0.1351929199243136,0.15887892570286333,0.1306647668583807,0.0,0.003827464093185107,0.0
2025-01-24,0.13528145139838266,0.20761030892574528,0.18059124637014534,0.13528145139838266,0.0,0.010190456472716204,0.0
2025-01-27,0.17594154705927068,0.2187225848456391,0.21298891201885262,0.17594154705927068,0.0,0.0075852582802938585,0.0
2025-01-28,0.15818441737387978,0.15856971288690414,0.18221305367170615,0.15818441737387978,0.0,0.003878472327233416,0.0
2025-01-29,0.1455590257968531,0.15022906884577036,0.15718109618407183,0.1455590257968531,0.0,0.005896310256751995,0.0
2025-01-30,0.14255893274882325,0.16608272962520854,0.16338206889301787,0.14255893274882325,0.0,0.007114311295284772,0.0
2025-01-31,0.12050937670057316,0.1250609225653685,0.14032387341646313,0.12050937670057316,0.0,0.004835660242581973,0.0
2025-02-03,0.0026495182651053995,0.05887188881110106,0.023009391090219822,0.0026495182651053995,0.0,0.011073730138800947,0.0
2025-02-04,0.06539770500398312,0.10537166903003392,0.07300197657765573,0.06539770500398312,0.0,0.01067673003831295,0.0
2025-02-05,0.10120802618880198,0.14367058226342078,0.14692278958365357,0.10120802618880198,0.0,0.0063647711948522714,0.0
2025-02-06,0.12332337375127267,0.11962892870089537,0.13441009575047325,0.12332337375127267,0.0,0.004879159147927805,0.0
2025-02-07,0.1114000716187924,0.12012918342614487,0.11084320840038231,0.1114000716187924,0.0,0.00783087765194642,0.0
2025-02-10,0.05297062784839923,0.06619914919919712,0.09108494028037128,0.05297062784839923,0.0,0.003541035959375816,0.0
2025-02-11,0.0450145540228597,0.07849769091987291,0.08574367560850149,0.0450145540228597,0.0,0.005750707107273566,0.0
2025-02-12,0.09501986433793519,0.11220235303638848,0.1058107253270677,0.09501986433793519,0.0,0.007471865206009306,0.0
2025-02-13,0.1163363149421226,0.15081852340258006,0.1538708448226771,0.1163363149421226,0.0,0.006395462882987395,0.0
2025-02-14,0.17127974833808324,0.2032588284843717,0.20808688682447674,0.17127974833808324,0.0,0.006268539434416245,0.0
2025-02-17,0.19299564742141406,0.19814593092442134,0.223241587343896,0.19299564742141406,0.0,0.0037850922258957464,0.0
2025-02-18,0.18996077885875629,0.18225180836565702,0.2038775084985467,0.18996077885875629,0.0,0.0041671195361720655,0.0
2025-02-19,0.1607653244884304,0.16371755471080984,0.17419317902390574,0.1607653244884304,0.0,0.005490888964722543,0.0
2025-02-20,0.13921860358450644,0.17631864018996435,0.18571664548681,0.13921860358450644,0.0,0.005668298981808093,0.0
2025-02-21,0.20194047371767887,0.1984870972903563,0.209548202778441,0.20194047371767887,0.0,0.005479473827016927,0.0
2025-02-24,0.18164755109884645,0.21478675722751195,0.21298891201885262,0.18164755109884645,0.0,0.007092929842642181,0.0
2025-02-25,0.17102034179630898,0.2069270566079,0.21582895188827678,0.17102034179630898,0.0,0.005783300355575282,0.0
2025-02-26,0.22049838011891154,0.2138469404458112,0.23040738522991333,0.22049838011891154,0.0,0.004841726932447156,0.0
2025-02-27,0.1926488321536013,0.18488274360294188,0.1740223636715328,0.1926488321536013,0.0,0.008106267525467854,0.0
2025-02-28,0.11880537648256606,0.13175734703151232,0.15590748940852528,0.11880537648256606,0.0,0.003767635922562057,0.0
2025-03-03,0.13357181190770717,0.1928693470756775,0.1627016231212952,0.13357181190770717,0.0,0.010539542716793752,0.0
2025-03-04,0.18970043243820456,0.23862886065147304,0.22669355913497924,0.18970043243820456,0.0,0.008373612512866805,0.0
2025-03-05,0.3016221367768015,0.4132030464041412,0.32993079162595507,0.3016221367768015,0.0,0.01721822078197539,0.0
2025-03-06,0.4340350781555973,0.46349060091263805,0.47133586990999454,0.4340350781555973,0.0,0.0063513125961428205,0.0
2025-03-07,0.4285264486586069,0.490188938117444,0.4710608759636816,0.4285264486586069,0.0,0.009596014847081715,0.0
2025-03-10,0.4857989016576454,0.4807843331990993,0.4900495364522026,0.4857989016576454,0.0,0.0061885559626280295,0.0
2025-03-11,0.46909255644209225,0.5246081184720994,0.5141138531250764,0.46909255644209225,0.0,0.008621923112155958,0.0
2025-03-12,0.5280408132958794,0.5279269039566286,0.5459455756007774,0.5280408132958794,0.0,0.005252597627431936,0.0
2025-03-13,0.5060269726410329,0.5006225596489715,0.5032173353180838,0.5060269726410329,0.0,0.006999963206497029,0.0
2025-03-14,0.481894645228671,0.5090615993806198,0.5097702627365468,0.481894645228671,0.0,0.007260740062015539,0.0
2025-03-17,0.5021048585153576,0.5235938152331672,0.5396160221046031,0.5021048585153576,0.0,0.005491091847779281,0.0
2025-03-18,0.5319873642697832,0.5432655966365649,0.5615291915929177,0.5319873642697832,0.0,0.005258486960606935,0.0
2025-03-19,0.5479972593134566,0.5365130774310236,0.5449206834866231,0.5479972593134566,0.0,0.006376909005343787,0.0
2025-03-20,0.5262569233819789,0.5147584339820073,0.49953072705396373,0.5262569233819789,0.0,0.009091969779662508,0.0
2025-03-21,0.4827311373379164,0.4714008787562749,0.4895905875109783,0.4827311373379164,0.0,0.005124042769379424,0.0
2025-03-24,0.4662212267861712,0.4680351943913026,0.4778390543962274,0.4662212267861712,0.0,0.006108785156294729,0.0
2025-03-25,0.4408398004825287,0.4478070635231832,0.4683165677752168,0.4408398004825287,0.0,0.004819319118350165,0.0
2025-03-26,0.42815989593661463,0.4258758595829155,0.46054822342649615,0.42815989593661463,0.0,0.003105688900671568,0.0
2025-03-27,0.39234487535798657,0.43858729536914876,0.43950977870967023,0.39234487535798657,0.0,0.007140420463924753,0.0
2025-03-28,0.4388153016024141,0.459042563952619,0.45826661836283833,0.4388153016024141,0.0,0.007350778436199808,0.0
2025-03-31,0.4568816514045757,0.4614932603549926,0.47389903874131534,0.4568816514045757,0.0,0.005794316787477283,0.0
2025-04-01,0.45291160346137893,0.4478070635231832,0.46904769502514476,0.45291160346137893,0.0,0.004726663496972904,0.0
2025-04-02,0.43486217147714257,0.48014614058998095,0.47096983701212203,0.43486217147714257,0.0,0.008393686140665697,0.0
2025-04-03,0.5237230102061705,0.6812825648354535,0.5500460826032896,0.5237230102061705,0.0,0.02300184157233014,0.0
2025-04-04,0.6301999968043663,0.6613441035233523,0.6148676931856265,0.6301999968043663,0.0,0.012924965490679039,0.0
2025-04-07,0.5835256168659058,0.6168444226195957,0.566394613497442,0.5835256168659058,0.0,0.01334797836106331,0.0
2025-04-08,0.52897975219153,0.5721525482645182,0.5575112766289063,0.52897975219153,0.0,0.009158552275993423,0.0
2025-04-09,0.5802924338818833,0.6515523529444485,0.6207401748322869,0.5802924338818833,0.0,0.011164182552639151,0.0
2025-04-10,0.5579158000200799,0.7522378122684428,0.6056962227282359,0.5579158000200799,0.0,0.02485540840486041,0.0
2025-04-11,0.7989975252991925,0.9423704717291566,0.8401018134583556,0.7989975252991925,0.0,0.01962756567591017,0.0
2025-04-14,0.8662533706402229,0.9060744165687877,0.8785362062849078,0.8662533706402229,0.0,0.011028219028330467,0.0
2025-04-15,0.863514563891524,0.8698758375128852,0.8674923367727736,0.863514563891524,0.0,0.00813043770328281,0.0
2025-04-16,0.8264617229669504,0.8793724010204,0.8742160795436096,0.8264617229669504,0.0,0.008498170586238746,0.0
2025-04-17,0.9085516750048974,0.8841790764782926,0.9113280612082004,0.9085516750048974,0.0,0.0048312185333512486,0.0
2025-04-22,1.0,1.0000000000000009,1.0,1.0,0.0,0.008041215956020253,0.0
2025-04-23,0.8726483058214551,0.9178708643923477,0.9086954399809191,0.8726483058214551,0.0,0.008992849387229603,0.0
2025-04-24,0.8537924578487885,0.8825762382683715,0.896364824050778,0.8537924578487885,0.0,0.006355254161227317,0.0
2025-04-25,0.8889326454673512,0.8748710280786716,0.891522865793565,0.8889326454673512,0.0,0.005992800211585381,0.0
2025-04-28,0.8662533706402229,0.893305966457187,0.9032340414348834,0.8662533706402229,0.0,0.006803451739969291,0.0
2025-04-29,0.9182906988656363,0.9020493891191022,0.9349859875098492,0.9182906988656363,0.0,0.004222687137370999,0.0
2025-04-30,0.9026163405443608,0.8860835388607944,0.90010117524713,0.9026163405443608,0.0,0.006303219822137495,0.0
2025-05-01,0.8518704057550774,0.8414072974658628,0.852775937185033,0.8518704057550774,0.0,0.006532832477930471,0.0
2025-05-02,0.8294787338329055,0.8704744879286492,0.8592772445793955,0.8294787338329055,0.0,0.009153889907236723,0.0
2025-05-05,0.8505564552283538,0.8596013043406705,0.8889024456628487,0.8505564552283538,0.0,0.004564349164135972,0.0
2025-05-06,0.8427798982486969,0.8570117504685326,0.8639840522281901,0.8427798982486969,0.0,0.007069186758494204,0.0
2025-05-07,0.8659488499173396,0.8697756026506562,0.90010117524713,0.8659488499173396,0.0,0.004465268655484052,0.0
2025-05-08,0.8371321666931184,0.8381344912758797,0.8284563360294932,0.8371321666931184,0.0,0.008900467750333483,0.0
2025-05-09,0.8137113275129249,0.8054413736406856,0.8006143721409398,0.777764723905852,0.004059581572052171,0.008335272229521061,0.004051363704011381
