timestamp,tvlUsd,apy,apyBase,apyReward,il7d,apyBase7d
2024-03-11T23:03:16.026Z,40127551638.0,3.586,3.586,,,
2024-12-16T23:01:29.166Z,39661401692.0,2.856,2.856,,,
2024-12-06T23:01:22.174Z,39648039924.0,3.34,3.34,,,
2024-12-07T23:01:18.427Z,39392112943.0,2.894,2.894,,,
2024-12-08T23:02:16.586Z,39300530029.0,2.781,2.781,,,
2024-03-13T23:02:46.856Z,39231372318.0,3.644,3.644,,,
2024-03-12T23:02:00.149Z,38802967969.0,3.677,3.677,,,
2024-03-08T23:17:38.058Z,38509199913.0,3.523,3.523,,,
2024-03-09T23:01:51.517Z,38499907781.0,3.521,3.521,,,
2024-12-13T23:02:20.701Z,38211965632.0,2.898,2.898,,,
2024-03-07T23:02:44.247Z,38177828703.0,3.904,3.904,,,
2024-03-10T23:01:57.433Z,38092100891.0,3.404,3.404,,,
2024-12-04T23:17:21.584Z,38042144489.0,3.145,3.145,,,
2024-12-15T23:01:14.331Z,38024218511.0,2.762,2.762,,,
2024-03-14T23:01:14.644Z,37938616956.0,3.438,3.438,,,
2024-12-14T23:01:48.487Z,37858056582.0,2.797,2.797,,,
2024-12-17T23:01:51.543Z,37834965753.0,2.868,2.868,,,
2024-03-06T23:02:02.912Z,37810693355.0,4.13,4.13,,,
2024-12-12T23:01:23.429Z,37806016613.0,2.925,2.925,,,
2024-12-11T23:01:18.739Z,37667315223.0,3.037,3.037,,,
2024-12-05T23:01:22.802Z,37506409249.0,2.996,2.996,,,
2024-06-05T23:01:17.401Z,36717862224.0,3.258,3.258,,,
2024-12-01T23:01:07.023Z,36647561588.0,2.793,2.793,,,
2024-12-09T23:01:12.164Z,36556593528.0,2.857,2.857,,,
2024-11-30T23:01:17.210Z,36403092741.0,2.804,2.804,,,
2024-06-04T23:01:44.631Z,36265529170.0,3.179,3.179,,,
2024-05-28T23:01:36.115Z,36232785916.0,3.222,3.222,,,
2024-03-15T23:01:25.932Z,36154873244.0,3.691,3.691,,,
2024-06-06T23:01:37.922Z,36146875321.0,3.499,3.499,,,
2024-06-01T23:04:47.544Z,36097095928.0,3.131,3.131,,,
2024-05-27T23:01:31.408Z,36093901178.0,3.103,3.103,,,
2024-12-18T23:01:18.535Z,36005647146.0,2.858,2.858,,,
2024-06-02T23:01:46.083Z,35927306227.0,3.15,3.15,,,
2024-05-31T23:01:44.504Z,35918322227.0,3.275,3.275,,,
2024-11-27T23:02:05.967Z,35903173735.0,2.96,2.96,,,
2024-12-10T23:01:31.176Z,35862802728.0,3.413,3.413,,,
2024-06-03T23:02:09.972Z,35796738203.0,3.266,3.266,,,
2024-05-29T23:01:29.856Z,35742418096.0,3.151,3.151,,,
2024-05-26T23:01:31.444Z,35702895399.0,2.959,2.959,,,
2024-05-30T23:01:36.534Z,35585717621.0,3.237,3.237,,,
2024-03-17T23:01:37.009Z,35562183841.0,3.311,3.311,,,
2024-12-03T23:01:14.476Z,35553300143.0,3.113,3.113,,,
2024-12-02T23:01:28.735Z,35450104491.0,2.946,2.946,,,
2025-01-06T23:03:31.934Z,35437930296.0,2.85,2.85,,,
2024-05-23T23:04:01.403Z,35401832827.0,3.191,3.191,,,
2024-11-29T23:01:54.277Z,35281699273.0,2.807,2.807,,,
2024-06-09T23:01:22.495Z,35269566359.0,3.044,3.044,,,
2025-01-04T23:02:38.146Z,35203568526.0,2.872,2.872,,,
2024-11-28T23:01:19.962Z,35133585056.0,2.909,2.909,,,
2024-04-08T23:01:26.976Z,35126869237.0,3.148,3.148,,,
2024-03-31T23:01:26.995Z,35114644706.0,3.07,3.07,,,
2024-06-07T23:01:32.062Z,35111188709.0,3.372,3.372,,,
2025-01-05T23:01:35.567Z,35068959951.0,2.808,2.808,,,
2024-05-21T23:01:42.697Z,35021996587.0,3.936,3.936,,,
2024-06-08T23:01:33.262Z,34985076582.0,3.319,3.319,,,
2024-05-22T23:01:31.108Z,34959045610.0,3.183,3.183,,,
2024-03-25T23:01:27.024Z,34915326033.0,3.165,3.165,,,
2024-06-10T23:02:06.114Z,34867335185.0,3.242,3.242,,,
2025-01-03T23:02:28.234Z,34840087743.0,2.904,2.904,,,
2024-03-04T16:02:03.661Z,34789324383.0,3.449,3.449,,,
2024-05-25T23:01:27.510Z,34745485827.0,3.022,3.022,,,
2024-05-24T23:02:50.857Z,34713288127.0,4.24,4.24,,,
2024-03-26T23:02:53.724Z,34702003833.0,3.467,3.467,,,
2024-06-16T23:03:19.861Z,34676399878.0,2.956,2.956,,,
2024-07-21T23:02:04.746Z,34657037998.0,2.83,2.83,,,
2024-03-16T23:02:33.047Z,34614117838.0,3.225,3.225,,,
2024-03-28T23:01:13.727Z,34427611674.0,3.186,3.186,,,
2024-03-18T23:01:26.374Z,34388397375.0,3.125,3.125,,,
2024-07-20T23:02:39.986Z,34349451980.0,2.886,2.886,,,
2024-03-20T23:02:48.572Z,34346162385.0,3.415,3.415,,,
2024-07-19T23:02:19.909Z,34329444700.0,3.144,3.144,,,
2024-03-21T23:01:40.009Z,34243203973.0,3.422,3.422,,,
2024-03-05T23:02:41.008Z,34181903127.0,3.836,3.836,,,
2024-05-20T23:01:38.114Z,34170060889.0,2.88,2.88,,,
2024-03-03T23:02:40.560Z,34165505427.0,3.294,3.294,,,
2024-06-19T23:01:56.472Z,34056850368.0,3.005,3.005,,,
2024-07-23T23:04:41.329Z,34011347816.0,2.994,2.994,,,
2024-06-12T23:01:24.244Z,33937043617.0,3.263,3.263,,,
2024-06-15T23:01:28.039Z,33920186365.0,3.126,3.126,,,
2024-03-30T23:01:20.490Z,33907787038.0,3.119,3.119,,,
2024-03-27T23:01:17.239Z,33885814744.0,3.255,3.255,,,
2024-07-22T23:01:49.969Z,33863421471.0,3.118,3.118,,,
2024-12-20T23:01:15.529Z,33783903759.0,3.278,3.278,,,
2024-12-24T23:01:54.380Z,33759610053.0,2.824,2.824,,,
2024-03-01T23:01:59.605Z,33744163658.0,3.336,3.336,,,
2024-07-15T23:03:17.751Z,33708952986.0,2.916,2.916,,,
2024-12-19T23:01:23.179Z,33702040259.0,2.97,2.97,,,
2024-06-20T23:01:10.179Z,33694429852.0,3.096,3.096,,,
2024-03-29T23:01:47.959Z,33672616598.0,3.299,3.299,,,
2024-04-01T23:01:43.524Z,33670763638.0,3.127,3.127,,,
2024-06-17T23:01:37.273Z,33655561943.0,2.945,2.945,,,
2024-06-22T23:02:40.442Z,33641774470.0,2.88,2.88,,,
2024-11-25T23:02:24.654Z,33637513072.0,2.905,2.905,,,
2024-06-21T23:01:36.495Z,33631149101.0,2.989,2.989,,,
2024-07-01T23:01:27.017Z,33592760514.0,2.997,2.997,,,
2024-07-16T23:02:43.315Z,33545418897.0,3.067,3.067,,,
2024-03-02T23:02:03.182Z,33521374470.0,3.49,3.49,,,
2024-12-25T23:01:48.537Z,33508349138.0,2.743,2.743,,,
2024-03-24T23:01:17.997Z,33454878812.0,3.015,3.015,,,
2025-01-17T23:01:53.218Z,33453282301.0,2.892,2.892,,,
2024-11-23T23:01:12.214Z,33394590359.0,2.978,2.978,,,
2024-06-27T23:01:17.315Z,33385636816.0,2.979,2.979,,,
2024-12-23T23:01:24.255Z,33370048723.0,2.861,2.861,,,
2024-07-18T23:02:29.117Z,33315420925.0,3.337,3.337,,,
2024-04-09T23:01:50.895Z,33276151304.0,3.22,3.22,,,
2024-07-17T23:01:28.404Z,33267405570.0,3.141,3.141,,,
2024-06-14T23:01:34.011Z,33233388091.0,3.073,3.073,,,
2024-07-02T23:02:41.124Z,33207938753.0,2.975,2.975,,,
2024-06-11T23:01:27.786Z,33191496875.0,3.577,3.577,,,
2025-01-02T23:01:17.344Z,33172489450.0,2.991,2.991,,,
2024-06-30T23:01:30.935Z,33153014476.0,2.788,2.788,,,
2024-06-18T23:01:31.334Z,33087509211.0,3.203,3.203,,,
2024-11-21T23:01:31.523Z,33070140729.0,2.985,2.985,,,
2024-04-10T23:01:04.832Z,33065845586.0,3.36,3.36,,,
2024-06-13T23:01:47.592Z,33064632708.0,3.674,3.674,,,
2024-03-23T23:01:16.860Z,32991205180.0,3.345,3.345,,,
2024-04-11T23:01:29.505Z,32973417956.0,3.45,3.45,,,
2024-12-28T23:01:41.129Z,32950731845.0,2.762,2.762,,,
2024-06-23T23:01:39.599Z,32931721024.0,2.947,2.947,,,
2024-06-25T23:17:21.947Z,32929269169.0,3.044,3.044,,,
2025-01-15T23:17:25.916Z,32902268917.0,2.857,2.857,,,
2024-06-29T23:01:17.990Z,32852223529.0,2.822,2.822,,,
2024-11-24T23:01:18.803Z,32849261119.0,3.01,3.01,,,
2024-06-28T23:03:13.285Z,32815057609.0,3.133,3.133,,,
2024-02-29T23:01:28.057Z,32738825734.0,3.7,3.7,,,
2024-07-29T23:01:57.078Z,32731678257.0,2.811,2.811,,,
2024-07-24T23:01:59.643Z,32727809648.0,2.951,2.951,,,
2024-02-28T23:03:14.465Z,32724017868.0,3.426,3.426,,,
2025-01-07T23:03:01.764Z,32668055293.0,2.926,2.926,,,
2024-11-26T23:01:15.926Z,32623884592.0,2.996,2.996,,,
2024-06-26T23:01:34.382Z,32610176370.0,2.966,2.966,,,
2024-11-11T23:01:44.733Z,32597301109.0,3.057,3.057,,,
2024-04-07T23:03:54.626Z,32443916249.0,3.041,3.041,,,
2024-12-21T23:01:13.667Z,32438677834.0,2.926,2.926,,,
2024-11-22T23:01:26.467Z,32432798258.0,3.044,3.044,,,
2025-01-01T23:04:38.217Z,32398716256.0,2.849,2.849,,,
2024-12-30T23:01:35.769Z,32316292712.0,2.753,2.753,,,
2024-07-27T23:02:00.957Z,32273494149.0,2.812,2.812,,,
2024-12-26T23:01:42.458Z,32266644788.0,2.752,2.752,,,
2024-06-24T23:02:36.211Z,32245121469.0,3.007,3.007,,,
2024-12-31T23:02:31.340Z,32219799673.0,2.963,2.963,,,
2024-07-30T23:03:40.015Z,32188713549.0,2.913,2.913,,,
2024-07-26T23:03:22.867Z,32184436314.0,2.933,2.933,,,
2024-07-03T23:02:41.378Z,32155306107.0,3.04,3.04,,,
2024-12-29T23:01:32.647Z,32132479266.0,2.743,2.743,,,
2024-12-27T23:01:23.861Z,32111611770.0,2.821,2.821,,,
2024-03-22T23:01:22.428Z,32076695829.0,3.219,3.219,,,
2024-11-12T23:01:31.624Z,31966821903.0,3.47,3.47,,,
2024-07-28T23:03:09.209Z,31966780834.0,3.023,3.023,,,
2025-01-25T23:01:17.604Z,31914833616.0,2.803,2.803,,,
2024-04-06T23:01:11.418Z,31913090574.0,3.347,3.347,,,
2025-01-08T23:01:23.742Z,31884772772.0,3.017,3.017,,,
2024-02-27T23:02:55.425Z,31861958743.0,3.472,3.472,,,
2024-04-05T23:01:32.875Z,31829397101.0,3.489,3.489,,,
2025-01-21T23:01:06.201Z,31803851247.0,3.428,3.428,,,
2024-12-22T23:02:34.135Z,31784266531.0,2.899,2.899,,,
2025-01-24T23:02:45.276Z,31783590197.0,4.191,4.191,,,
2024-04-04T23:01:08.072Z,31769947323.0,3.384,3.384,,,
2024-07-31T23:01:40.810Z,31753650141.0,2.993,2.993,,,
2025-01-23T23:01:16.440Z,31707919901.0,2.843,2.843,,,
2025-01-11T23:01:25.008Z,31610835967.0,2.759,2.759,,,
2024-07-14T23:01:59.647Z,31559879989.0,2.912,2.912,,,
2025-01-16T23:01:45.248Z,31545466064.0,2.898,2.898,,,
2024-03-19T23:01:20.898Z,31527947352.0,3.954,3.954,,,
2025-01-20T23:01:18.682Z,31492388452.0,3.472,3.472,,,
2025-01-10T23:02:39.583Z,31456620529.0,2.931,2.931,,,
2024-04-03T23:01:10.500Z,31442373725.0,3.413,3.413,,,
2025-01-18T23:01:37.965Z,31441520141.0,2.981,2.981,,,
2025-01-26T23:02:43.412Z,31428284943.0,2.735,2.735,,,
2024-08-01T23:01:48.469Z,31248706790.0,3.034,3.034,,,
2024-02-26T23:03:19.218Z,31196506470.0,3.262,3.262,,,
2024-11-10T23:01:21.938Z,31191231893.0,2.923,2.923,,,
2024-04-02T23:01:17.564Z,31175779818.0,3.501,3.501,,,
2024-11-13T23:01:29.133Z,31152381971.0,3.142,3.142,,,
2024-07-25T23:02:39.407Z,31148432962.0,2.995,2.995,,,
2025-01-31T23:01:35.223Z,31143457798.0,2.797,2.797,,,
2025-01-22T23:01:32.036Z,31125511344.0,2.919,2.919,,,
2025-01-12T23:02:34.399Z,31118082148.0,2.7,2.7,,,
2025-01-30T23:01:16.913Z,30987994022.0,2.881,2.881,,,
2025-01-19T23:01:22.986Z,30962794807.0,3.164,3.164,,,
2025-01-14T23:01:13.676Z,30959407039.0,2.984,2.984,,,
2024-11-18T23:01:32.594Z,30945709395.0,2.915,2.915,,,
2025-01-09T23:01:09.363Z,30890782392.0,2.954,2.954,,,
2024-04-28T23:03:07.662Z,30888607086.0,2.942,2.942,,,
2024-11-16T23:01:32.978Z,30864520874.0,3.027,3.027,,,
2024-07-13T23:04:38.545Z,30746685796.0,2.901,2.901,,,
2024-07-04T23:02:38.524Z,30575326637.0,3.401,3.401,,,
2024-02-25T23:02:01.690Z,30502625248.0,3.148,3.148,,,
2024-11-09T23:01:52.294Z,30478858199.0,3.103,3.103,,,
2024-11-19T23:01:52.763Z,30310831925.0,3.033,3.033,,,
2024-11-14T23:01:41.809Z,30289196741.0,3.524,3.524,,,
2024-04-27T23:01:20.388Z,30259833329.0,3.004,3.004,,,
2024-07-12T23:03:09.163Z,30256851311.0,3.055,3.055,,,
2024-04-12T23:01:31.665Z,30223893379.0,3.146,3.146,,,
2024-11-15T23:01:26.309Z,30204008073.0,3.218,3.218,,,
2024-11-17T23:01:33.013Z,30155667996.0,2.923,2.923,,,
2025-01-27T23:02:13.567Z,30149637527.0,3.075,3.075,,,
2024-11-20T23:01:28.309Z,30113280218.0,3.033,3.033,,,
2024-07-10T23:01:16.617Z,30098156877.0,3.051,3.051,,,
2024-07-11T23:01:16.971Z,30083038990.0,2.999,2.999,,,
2024-04-23T23:01:37.517Z,30004411402.0,3.098,3.098,,,
2025-01-13T23:02:34.228Z,29926823038.0,3.113,3.113,,,
2024-04-22T23:01:15.493Z,29906775524.0,3.058,3.058,,,
2024-04-29T23:01:22.075Z,29863072008.0,3.031,3.031,,,
2024-07-06T23:01:13.293Z,29829267656.0,3.033,3.033,,,
2025-01-29T23:01:14.947Z,29817112754.0,2.799,2.799,,,
2024-04-25T23:02:09.251Z,29750078559.0,3.293,3.293,,,
2024-07-09T23:03:08.922Z,29708773971.0,2.969,2.969,,,
2025-02-01T23:01:12.912Z,29708656417.0,2.825,2.825,,,
2024-04-14T23:06:19.074Z,29603525849.0,4.436,4.436,,,
2024-08-02T23:01:37.574Z,29510514082.0,3.005,3.005,,,
2024-04-20T23:05:07.235Z,29433218852.0,3.173,3.173,,,
2024-04-26T23:01:39.057Z,29399844844.0,3.058,3.058,,,
2024-04-24T23:01:25.570Z,29366085501.0,3.742,3.742,,,
2024-04-21T23:01:23.346Z,29335706943.0,2.94,2.94,,,
2024-07-08T23:01:28.375Z,29320772502.0,2.92,2.92,,,
2025-01-28T23:01:28.580Z,29300827813.0,2.906,2.906,,,
2024-02-24T23:03:57.623Z,29277853064.0,3.467,3.467,,,
2024-05-05T23:01:21.324Z,29277399792.0,2.829,2.829,,,
2024-02-20T23:03:23.985Z,29251788734.0,3.363,3.363,,,
2024-02-22T23:02:38.485Z,29230175612.0,3.468,3.468,,,
2024-05-04T23:01:57.188Z,29190217620.0,2.999,2.999,,,
2024-05-18T23:01:31.323Z,29119269053.0,2.776,2.776,,,
2024-11-08T23:01:30.834Z,29086536614.0,3.031,3.031,,,
2024-02-19T23:02:06.916Z,29065348699.0,3.263,3.263,,,
2024-05-03T23:01:57.529Z,29054286667.0,2.934,2.934,,,
2024-04-16T23:01:52.586Z,29035947410.0,3.551,3.551,,,
2024-04-15T23:01:34.855Z,29020898814.0,3.101,3.101,,,
2024-07-05T23:03:00.373Z,28946851048.0,4.085,4.085,,,
2024-05-17T23:01:23.392Z,28917923715.0,2.906,2.906,,,
2024-02-23T23:03:19.249Z,28829373369.0,3.415,3.415,,,
2024-05-06T23:01:59.335Z,28826959941.0,2.887,2.887,,,
2024-04-19T23:01:38.013Z,28811666039.0,3.295,3.295,,,
2024-07-07T23:01:22.567Z,28707713574.0,2.836,2.836,,,
2024-04-18T23:01:46.970Z,28674723530.0,3.237,3.237,,,
2024-02-21T23:02:41.466Z,28614502893.0,3.466,3.466,,,
2024-05-19T23:01:12.768Z,28579330260.0,2.853,2.853,,,
2024-08-03T23:02:00.688Z,28571203677.0,3.049,3.049,,,
2024-05-07T23:03:17.216Z,28483572707.0,2.922,2.922,,,
2024-05-09T23:01:29.081Z,28263829653.0,2.91,2.91,,,
2024-05-15T23:02:08.815Z,28237127744.0,2.997,2.997,,,
2024-04-17T23:01:24.573Z,28211076305.0,3.191,3.191,,,
2024-05-02T23:01:54.411Z,28080831828.0,3.103,3.103,,,
2024-11-07T23:02:30.956Z,28021205364.0,3.002,3.002,,,
2024-02-18T23:02:45.643Z,27997797029.0,3.127,3.127,,,
2024-04-30T23:02:01.096Z,27877082840.0,3.046,3.046,,,
2024-05-08T23:04:45.590Z,27771200544.0,2.955,2.955,,,
2024-05-01T23:01:41.097Z,27684411734.0,3.31,3.31,,,
2024-05-13T23:01:37.641Z,27635739808.0,2.888,2.888,,,
2024-04-13T23:01:16.411Z,27507790373.0,4.31,4.31,,,
2024-05-16T23:01:13.790Z,27494295812.0,3.043,3.043,,,
2024-05-12T23:01:19.899Z,27368608800.0,2.812,2.812,,,
2024-08-23T23:02:40.420Z,27343519292.0,2.744,2.744,,,
2024-05-11T23:02:18.276Z,27325475523.0,2.894,2.894,,,
2024-02-15T23:02:56.881Z,27309705308.0,3.279,3.279,,,
2024-02-17T23:02:44.752Z,27294369118.0,3.126,3.126,,,
2024-02-16T23:03:36.941Z,27263988634.0,3.778,3.778,,,
2024-08-25T23:01:36.357Z,27231964611.0,2.715,2.715,,,
2024-05-10T23:01:37.775Z,27131548445.0,2.934,2.934,,,
2025-02-02T23:01:22.131Z,27113145524.0,2.768,2.768,,,
2024-05-14T23:01:25.800Z,27107555090.0,3.087,3.087,,,
2024-02-14T23:02:12.734Z,27049017481.0,3.562,3.562,,,
2025-02-03T23:02:38.277Z,27033316297.0,11.773,11.773,,,
2024-08-24T23:01:17.254Z,26912370857.0,2.825,2.825,,,
2024-08-04T23:02:04.239Z,26863039524.0,2.925,2.925,,,
2024-08-13T23:02:36.920Z,26677412367.0,3.016,3.016,,,
2024-10-20T23:01:36.556Z,26623435589.0,2.833,2.833,,,
2024-11-06T23:01:32.712Z,26520046509.0,3.217,3.217,,,
2024-09-27T23:01:51.348Z,26516820363.0,3.233,3.233,,,
2024-08-12T23:02:22.259Z,26396528905.0,2.987,2.987,,,
2024-08-26T23:01:13.750Z,26268489415.0,2.731,2.731,,,
2025-02-23T23:01:33.617Z,26257774676.0,2.737,2.737,,,
2024-09-28T23:02:11.515Z,26222189293.0,2.968,2.968,,,
2025-02-05T23:01:28.214Z,26206613015.0,3.032,3.032,,,
2024-10-21T23:02:34.998Z,26137349445.0,2.835,2.835,,,
2024-08-18T23:01:32.669Z,26064274337.0,2.759,2.759,,,
2025-02-22T23:01:22.569Z,26019595555.0,3.013,3.013,,,
2024-09-24T23:01:20.845Z,25992362970.0,3.209,3.209,,,
2024-09-29T23:01:40.652Z,25985543935.0,2.877,2.877,,,
2024-08-08T23:01:25.167Z,25962923466.0,3.074,3.074,,,
2024-10-30T23:01:34.216Z,25931084451.0,2.994,2.994,,,
2024-08-14T23:01:40.207Z,25897682010.0,2.951,2.951,,,
2024-09-26T23:02:08.909Z,25882496914.0,3.124,3.124,,,
2024-08-21T23:02:04.404Z,25879206560.0,2.779,2.779,,,
2024-09-23T23:01:47.871Z,25844049999.0,3.19,3.19,,,
2025-02-17T23:01:27.472Z,25831733442.0,2.765,2.765,,,
2024-10-19T23:02:05.884Z,25788468831.0,2.894,2.894,,,
2025-02-12T23:01:21.437Z,25781716831.0,2.813,2.813,,,
2024-10-18T23:02:03.611Z,25758078603.0,2.975,2.975,,,
2024-08-22T23:01:09.802Z,25747953553.0,2.949,2.949,,,
2024-08-19T23:01:34.440Z,25744523870.0,2.778,2.778,,,
2024-10-22T23:01:26.473Z,25719663412.0,2.974,2.974,,,
2024-10-14T23:02:03.246Z,25707294338.0,3.183,3.183,,,
2025-02-20T23:02:22.479Z,25696853697.0,2.722,2.722,,,
2024-08-17T23:01:15.243Z,25662766301.0,2.741,2.741,,,
2024-10-29T23:01:31.185Z,25646894445.0,2.946,2.946,,,
2024-10-16T23:01:56.962Z,25637911080.0,3.018,3.018,,,
2024-08-10T23:03:01.873Z,25611210981.0,2.918,2.918,,,
2024-09-30T23:01:34.125Z,25560791739.0,2.959,2.959,,,
2024-08-16T23:01:25.175Z,25556007698.0,2.921,2.921,,,
2025-02-14T23:01:25.513Z,25546959431.0,2.851,2.851,,,
2024-08-09T23:01:15.869Z,25538757180.0,3.078,3.078,,,
2025-02-04T23:01:19.367Z,25531413448.0,3.31,3.31,,,
2025-02-19T23:02:35.686Z,25502091882.0,2.785,2.785,,,
2024-02-12T23:01:27.739Z,25451982026.0,3.352,3.352,,,
2024-02-13T23:02:20.800Z,25424531525.0,4.275,4.275,,,
2024-08-11T23:02:20.781Z,25419838600.0,2.75,2.75,,,
2024-10-17T23:01:56.420Z,25414333486.0,2.977,2.977,,,
2024-10-15T23:01:30.853Z,25389227061.0,3.08,3.08,,,
2024-08-20T23:01:26.634Z,25377600560.0,2.866,2.866,,,
2025-02-06T23:01:16.243Z,25330796824.0,2.817,2.817,,,
2025-02-15T23:01:39.187Z,25265227220.0,2.688,2.688,,,
2024-09-25T23:01:41.893Z,25223942683.0,3.171,3.171,,,
2024-08-15T23:01:03.777Z,25184241819.0,2.998,2.998,,,
2024-09-22T23:01:12.265Z,25130250992.0,3.173,3.173,,,
2025-02-16T23:01:43.971Z,25119239869.0,2.65,2.65,,,
2025-02-13T23:01:40.905Z,25070054895.0,2.956,2.956,,,
2025-02-10T23:01:15.690Z,25060988395.0,2.857,2.857,,,
2024-10-28T23:01:37.676Z,25058243871.0,2.769,2.769,,,
2025-02-18T23:01:27.694Z,25052336028.0,2.944,2.944,,,
2024-09-21T23:01:54.666Z,25005163960.0,3.302,3.302,,,
2025-02-21T23:01:35.477Z,24939857710.0,2.739,2.739,,,
2024-09-02T23:01:35.824Z,24914851835.0,2.751,2.751,,,
2024-09-20T23:01:22.408Z,24874676396.0,3.278,3.278,,,
2024-10-24T23:01:24.736Z,24782171015.0,2.95,2.95,,,
2025-02-08T23:01:23.757Z,24749917962.0,2.848,2.848,,,
2024-08-29T23:01:23.515Z,24748840465.0,2.773,2.773,,,
2024-08-30T23:03:23.800Z,24711796261.0,2.88,2.88,,,
2024-08-28T23:01:13.730Z,24701735332.0,3.13,3.13,,,
2024-08-31T23:01:15.942Z,24648430075.0,2.683,2.683,,,
2024-10-31T23:01:26.571Z,24561133828.0,2.916,2.916,,,
2025-02-09T23:01:17.381Z,24559063187.0,2.706,2.706,,,
2024-10-27T23:01:09.867Z,24534483012.0,2.818,2.818,,,
2024-11-01T23:01:54.378Z,24459410999.0,3.176,3.176,,,
2024-08-06T23:01:24.661Z,24430382356.0,3.574,3.574,,,
2024-10-23T23:01:25.427Z,24426217585.0,2.934,2.934,,,
2024-01-11T23:12:09.831Z,24326480765.0,3.9,3.9,,,
2024-11-02T23:01:16.934Z,24323422289.0,2.836,2.836,,,
2025-02-07T23:01:18.952Z,24275250806.0,2.922,2.922,,,
2025-02-11T23:01:24.950Z,24260932113.0,2.807,2.807,,,
2024-01-16T23:01:55.624Z,24254117547.0,3.6,3.6,,,
2024-10-26T23:02:01.582Z,24204811508.0,2.925,2.925,,,
2024-09-04T23:02:24.883Z,24164509872.0,2.906,2.906,,,
2024-10-12T22:01:28.480Z,24129105261.0,3.062,3.062,,,
2024-09-03T23:01:28.135Z,24087711312.0,2.972,2.972,,,
2024-10-01T23:01:25.324Z,24082372334.0,3.025,3.025,,,
2024-02-09T23:01:21.005Z,24068585114.0,3.88,3.88,,,
2024-10-13T23:01:17.358Z,24066158590.0,3.085,3.085,,,
2024-11-03T23:01:11.431Z,24063736030.0,2.868,2.868,,,
2024-02-11T23:02:04.064Z,24053730354.0,3.336,3.336,,,
2024-02-10T23:02:09.792Z,24053720528.0,3.641,3.641,,,
2024-09-19T23:01:03.299Z,24005713552.0,3.261,3.261,,,
2024-10-25T23:01:40.332Z,23973588131.0,2.97,2.97,,,
2024-09-13T23:01:39.673Z,23937247640.0,2.875,2.875,,,
2024-01-13T23:01:23.138Z,23924527266.0,3.5,3.5,,,
2024-08-27T23:01:49.588Z,23919155785.0,2.785,2.785,,,
2024-08-05T23:01:14.300Z,23855331817.0,9.908,9.908,,,
2024-10-08T23:01:28.629Z,23840952331.0,3.358,3.358,,,
2024-10-11T23:01:41.140Z,23816397990.0,3.188,3.188,,,
2024-10-06T23:02:05.997Z,23787873333.0,2.976,2.976,,,
2024-09-01T23:01:23.691Z,23767039406.0,2.674,2.674,,,
2024-10-04T23:01:14.348Z,23745044916.0,2.949,2.949,,,
2024-11-05T23:01:32.653Z,23668012636.0,2.933,2.933,,,
2025-03-02T23:01:25.314Z,23662814664.0,2.764,2.764,,,
2024-10-07T23:01:26.837Z,23644264006.0,3.051,3.051,,,
2025-02-25T23:02:32.021Z,23637489715.0,4.108,4.108,,,
2024-10-05T23:01:32.361Z,23630402140.0,2.882,2.882,,,
2024-09-14T23:01:25.734Z,23615098451.0,2.859,2.859,,,
2025-02-24T23:01:44.817Z,23594781685.0,2.792,2.792,,,
2024-01-15T23:01:26.015Z,23531312308.0,3.3,3.3,,,
2024-01-10T23:01:21.008Z,23494154968.0,4.0,4.0,,,
2024-01-14T23:02:56.840Z,23471325505.0,3.3,3.3,,,
2024-01-17T23:01:27.715Z,23424673089.0,3.5,3.5,,,
2024-10-02T23:01:34.539Z,23357199334.0,3.063,3.063,,,
2024-11-04T23:01:36.592Z,23347094296.0,2.868,2.868,,,
2024-09-10T23:01:20.247Z,23344514453.0,3.022,3.022,,,
2024-09-05T23:01:10.303Z,23290537236.0,3.019,3.019,,,
2024-02-08T23:02:45.863Z,23182873437.0,3.792,3.792,,,
2024-02-07T23:02:02.490Z,23175974515.0,3.443,3.443,,,
2024-01-19T23:01:19.909Z,23159085894.0,4.5,4.5,,,
2024-01-12T23:01:27.144Z,23120204457.0,3.3,3.3,,,
2024-09-09T23:01:21.875Z,23115283807.0,2.904,2.904,,,
2024-10-10T23:01:18.634Z,23094808364.0,3.149,3.149,,,
2024-10-09T23:01:26.642Z,23043001012.0,3.431,3.431,,,
2024-01-21T23:01:32.760Z,23036834477.0,3.1,3.1,,,
2024-10-03T23:01:19.648Z,23014324628.0,3.021,3.021,,,
2024-01-20T23:01:19.310Z,22987318068.0,3.3,3.3,,,
2024-09-12T23:01:30.243Z,22957976116.0,2.896,2.896,,,
2024-08-07T23:02:03.314Z,22954418642.0,3.022,3.022,,,
2024-09-15T23:01:57.643Z,22939025457.0,2.811,2.811,,,
2024-01-18T23:01:20.519Z,22893966753.0,3.4,3.4,,,
2024-09-11T23:01:33.217Z,22861589904.0,3.017,3.017,,,
2024-09-17T23:01:20.413Z,22830699435.0,2.939,2.939,,,
2024-09-18T23:01:17.539Z,22815692912.0,3.113,3.113,,,
2024-02-06T23:02:03.307Z,22646544525.0,3.3,3.3,,,
2024-09-08T23:01:57.065Z,22631599038.0,2.755,2.755,,,
2024-01-30T23:02:38.613Z,22331470467.0,3.3,3.3,,,
2024-09-16T23:01:14.127Z,22286481674.0,3.155,3.155,,,
2024-09-07T23:01:30.119Z,22250182735.0,3.943,3.943,,,
2025-02-26T23:01:12.946Z,22242318413.0,2.982,2.982,,,
2024-02-04T23:01:59.994Z,21839623933.0,3.0,3.0,,,
2024-02-02T23:13:21.777Z,21805522279.0,3.3,3.3,,,
2024-02-03T23:01:35.267Z,21800358025.0,3.5,3.5,,,
2024-01-22T23:02:00.876Z,21763237201.0,3.2,3.2,,,
2024-02-01T23:01:57.091Z,21752922635.0,3.5,3.5,,,
2024-02-05T23:01:42.861Z,21732987500.0,3.0,3.0,,,
2024-01-08T23:01:14.543Z,21702077217.0,3.3,3.3,,,
2024-09-06T23:01:15.395Z,21680185840.0,2.948,2.948,,,
2024-01-29T23:01:23.598Z,21678645386.0,3.1,3.1,,,
2024-01-09T23:01:26.888Z,21511050786.0,3.5,3.5,,,
2024-01-31T23:01:33.553Z,21403505916.0,3.5,3.5,,,
2025-02-27T23:01:28.861Z,21334863382.0,3.14,3.14,,,
2024-01-27T23:01:18.482Z,21259147600.0,3.5,3.5,,,
2024-01-28T23:01:32.468Z,21205990693.0,3.2,3.2,,,
2024-01-26T23:01:17.686Z,21119276969.0,3.6,3.6,,,
2025-05-09T15:01:55.029Z,21107699186.0,3.479,3.479,,,
2025-03-05T23:01:31.076Z,20982072782.0,3.112,3.112,,,
2025-02-28T23:01:23.536Z,20886541385.0,4.079,4.079,,,
2025-03-01T23:01:26.184Z,20869805736.0,2.849,2.849,,,
2024-01-25T23:01:21.912Z,20815494202.0,3.3,3.3,,,
2025-03-06T23:02:28.566Z,20808405705.0,2.875,2.875,,,
2024-01-24T23:01:11.171Z,20752318830.0,3.2,3.2,,,
2025-03-08T23:01:21.395Z,20627774763.0,2.95,2.95,,,
2024-01-23T23:12:54.948Z,20616051080.0,3.8,3.8,,,
2024-01-07T23:01:46.496Z,20603031243.0,3.1,3.1,,,
2025-03-04T23:01:18.775Z,20468588674.0,3.615,3.615,,,
2025-03-03T23:01:33.638Z,20249116194.0,3.33,3.33,,,
2023-12-03T18:01:21.076Z,19999059999.0,3.6,3.6,,,
2023-12-13T07:01:21.920Z,19996427138.0,3.8,3.8,,,
2023-12-02T21:01:17.705Z,19993358398.0,3.6,3.6,,,
2023-12-21T03:01:26.614Z,19989978863.0,3.8,3.8,,,
2025-05-08T23:01:20.612Z,19989462963.0,2.709,2.709,,,
2023-12-18T22:01:43.114Z,19981707761.0,3.8,3.8,,,
2023-12-26T20:01:22.169Z,19972627403.0,3.6,3.6,,,
2023-12-19T23:01:19.235Z,19957938936.0,3.8,3.8,,,
2023-12-20T23:01:18.544Z,19936499423.0,3.8,3.8,,,
2025-03-07T23:01:24.022Z,19934083061.0,3.053,3.053,,,
2023-12-11T19:01:14.677Z,19898974103.0,3.8,3.8,,,
2025-03-24T23:01:21.563Z,19433883314.0,2.669,2.669,,,
2023-12-01T23:01:15.531Z,19400421889.0,3.6,3.6,,,
2025-03-25T23:01:27.662Z,19270593654.0,2.704,2.704,,,
2023-11-25T23:01:13.580Z,19173980973.0,3.6,3.6,,,
2023-11-26T23:01:23.019Z,19086277361.0,3.6,3.6,,,
2023-11-28T23:01:16.646Z,19044134257.0,3.6,3.6,,,
2023-11-22T23:01:20.566Z,19035437320.0,3.6,3.6,,,
2023-11-24T23:01:15.860Z,19008647949.0,3.6,3.6,,,
2023-11-23T23:01:20.568Z,19007306629.0,3.6,3.6,,,
2025-03-19T23:01:27.725Z,19006836697.0,2.873,2.873,,,
2023-11-30T23:01:24.131Z,18977490523.0,3.6,3.6,,,
2025-03-09T23:01:28.589Z,18876325587.0,2.718,2.718,,,
2025-03-27T23:02:33.850Z,18799065658.0,2.749,2.749,,,
2023-11-29T23:01:19.044Z,18785240361.0,3.7,3.7,,,
2025-03-26T23:01:23.236Z,18766002009.0,2.689,2.689,,,
2023-11-10T23:01:19.231Z,18713957645.0,3.8,3.8,,,
2025-03-23T23:01:37.218Z,18643354885.0,2.664,2.664,,,
2023-11-09T23:01:19.655Z,18640962840.0,3.6,3.6,,,
2023-11-27T23:01:17.869Z,18601498706.0,3.6,3.6,,,
2025-03-22T23:01:29.770Z,18527091642.0,2.668,2.668,,,
2023-11-13T23:01:22.469Z,18457953119.0,3.9,3.9,,,
2023-11-12T23:01:21.674Z,18443652875.0,3.9,3.9,,,
2025-03-20T23:01:20.428Z,18435321289.0,2.93,2.93,,,
2023-11-15T23:01:21.516Z,18335659005.0,4.0,4.0,,,
2025-03-21T23:01:34.729Z,18316718570.0,2.741,2.741,,,
2023-11-11T23:01:19.914Z,18273188666.0,3.8,3.8,,,
2025-03-11T23:01:29.764Z,18198547493.0,4.851,4.851,,,
2023-11-20T23:01:14.852Z,18196890837.0,3.7,3.7,,,
2025-03-15T23:01:17.343Z,18164216941.0,2.794,2.794,,,
2025-03-17T23:01:20.953Z,18032973845.0,2.688,2.688,,,
2025-04-01T23:17:20.667Z,17952621396.0,2.787,2.787,,,
2025-03-14T23:01:33.209Z,17946296370.0,2.811,2.811,,,
2025-03-18T23:01:26.381Z,17872525625.0,2.793,2.793,,,
2025-03-12T23:01:29.359Z,17872120380.0,3.602,3.602,,,
2023-11-19T23:01:20.884Z,17820820683.0,3.8,3.8,,,
2023-11-21T23:01:20.660Z,17814285819.0,3.7,3.7,,,
2025-03-28T23:01:30.757Z,17711261719.0,3.019,3.019,,,
2023-11-14T23:01:20.972Z,17697307875.0,4.0,4.0,,,
2023-11-18T23:01:23.960Z,17570301953.0,3.8,3.8,,,
2025-03-10T23:01:23.845Z,17539127202.0,3.064,3.064,,,
2023-11-16T23:01:20.810Z,17513987382.0,4.0,4.0,,,
2025-03-16T23:01:37.716Z,17497436401.0,2.714,2.714,,,
2025-03-13T23:02:41.387Z,17422495242.0,2.825,2.825,,,
2023-11-17T23:01:27.137Z,17376767659.0,3.9,3.9,,,
2025-03-31T23:17:24.865Z,17094090195.0,2.743,2.743,,,
2025-04-04T23:01:25.851Z,17058197117.0,2.852,2.852,,,
2025-03-29T23:02:43.113Z,17025405314.0,2.812,2.812,,,
2025-04-03T23:01:29.612Z,16971584814.0,2.993,2.993,,,
2023-11-08T23:01:36.790Z,16903230076.0,3.7,3.7,,,
2023-11-06T23:01:17.124Z,16899011451.0,3.7,3.7,,,
2025-05-03T23:01:32.597Z,16888061269.0,2.672,2.672,,,
2025-05-02T23:01:16.700Z,16884915209.0,2.733,2.733,,,
2025-03-30T23:01:11.177Z,16846136448.0,2.765,2.765,,,
2025-04-26T23:01:40.321Z,16820457231.0,2.763,2.763,,,
2023-11-07T23:02:02.026Z,16809888837.0,3.7,3.7,,,
2025-04-05T23:02:08.262Z,16802467043.0,2.782,2.782,,,
2025-05-05T23:01:55.772Z,16796502633.0,2.698,2.698,,,
2025-04-02T23:01:23.639Z,16759164866.0,2.761,2.761,,,
2025-05-04T23:01:16.776Z,16733181589.0,2.649,2.649,,,
2025-04-30T11:01:11.779Z,16689319174.0,2.825,2.825,,,
2023-11-05T23:01:26.206Z,16675754548.0,3.7,3.7,,,
2025-04-25T23:01:22.956Z,16622848035.0,2.801,2.801,,,
2025-04-29T23:01:24.364Z,16583597249.0,2.825,2.825,,,
2025-05-07T23:01:31.772Z,16576706945.0,2.689,2.689,,,
2025-04-23T23:02:02.129Z,16562611106.0,3.161,3.161,,,
2025-04-28T23:01:34.117Z,16561024422.0,2.705,2.705,,,
2025-05-06T23:01:33.288Z,16511829502.0,2.718,2.718,,,
2025-04-27T23:01:26.999Z,16497553881.0,2.692,2.692,,,
2023-11-04T23:01:40.691Z,16326288774.0,3.7,3.7,,,
2025-04-24T23:03:02.108Z,16292327561.0,2.913,2.913,,,
2023-11-01T23:01:13.958Z,16279550913.0,3.8,3.8,,,
2023-11-03T23:01:24.948Z,16175225139.0,3.8,3.8,,,
2025-04-22T23:01:15.277Z,16137659160.0,2.814,2.814,,,
2023-11-02T23:01:44.026Z,15988110784.0,3.8,3.8,,,
2023-10-31T23:01:13.777Z,15931207535.0,3.8,3.8,,,
2023-10-30T23:01:21.169Z,15917609456.0,3.8,3.8,,,
2023-10-26T23:01:10.914Z,15859313343.0,3.7,3.7,,,
2023-10-29T23:01:19.327Z,15843353945.0,3.8,3.8,,,
2023-10-25T23:01:13.286Z,15746769109.0,3.6,3.6,,,
2023-10-28T23:01:21.325Z,15651387910.0,3.8,3.8,,,
2023-10-27T23:01:17.192Z,15637891985.0,3.7,3.7,,,
2025-04-09T23:01:24.126Z,15634304535.0,3.293,3.293,,,
2023-10-24T23:01:53.328Z,15623606476.0,3.8,3.8,,,
2025-04-12T23:01:27.188Z,15371179852.0,2.886,2.886,,,
2023-07-13T23:01:43.942Z,15192588065.0,3.9,3.9,,,
2023-10-23T23:02:46.633Z,15112944899.0,3.7,3.7,,,
2025-04-14T23:01:24.966Z,15095512407.0,2.976,2.976,,,
2025-04-19T23:01:41.801Z,15007587965.0,2.667,2.667,,,
2023-08-13T23:02:15.743Z,14992833491.0,3.8,3.8,,,
2023-07-16T23:01:47.738Z,14965006791.0,3.8,3.8,,,
2023-08-12T23:01:47.458Z,14939188588.0,3.8,3.8,,,
2023-08-14T23:01:58.871Z,14934294403.0,3.8,3.8,,,
2023-07-15T23:01:47.704Z,14925024548.0,3.8,3.8,,,
2023-08-10T23:01:54.453Z,14893548365.0,3.8,3.8,,,
2023-08-08T23:01:49.409Z,14882313505.0,3.8,3.8,,,
2023-07-29T23:01:58.604Z,14875188675.0,4.0,4.0,,,
2023-08-11T23:01:55.692Z,14862647590.0,3.8,3.8,,,
2023-08-15T23:01:49.144Z,14851919166.0,3.8,3.8,,,
2023-08-09T23:01:59.112Z,14841597468.0,3.8,3.8,,,
2023-07-17T23:01:52.109Z,14839930668.0,3.9,3.9,,,
2023-07-14T23:01:57.422Z,14830794114.0,3.9,3.9,,,
2025-04-15T23:01:17.009Z,14824285212.0,2.832,2.832,,,
2023-07-28T23:02:01.070Z,14814675532.0,4.0,4.0,,,
2025-04-18T23:01:42.414Z,14811149359.0,2.722,2.722,,,
2025-04-13T23:01:23.616Z,14800445038.0,2.843,2.843,,,
2025-04-17T23:01:22.783Z,14772271388.0,2.787,2.787,,,
2025-04-07T23:01:28.236Z,14767720006.0,7.349,7.349,,,
2023-07-03T23:01:43.583Z,14759097741.0,4.0,4.0,,,
2023-07-31T23:01:47.180Z,14750409517.0,4.2,4.2,,,
2025-04-16T23:01:36.247Z,14746875760.0,2.836,2.836,,,
2023-10-01T23:02:07.839Z,14734203793.0,3.5,3.5,,,
2025-04-06T23:01:26.398Z,14727451380.0,2.663,2.663,,,
2023-07-30T23:01:36.300Z,14726044189.0,4.0,4.0,,,
2023-08-29T23:02:08.963Z,14722074923.0,3.8,3.8,,,
2023-09-30T23:01:46.679Z,14719874125.0,3.5,3.5,,,
2023-07-21T23:01:42.573Z,14718966304.0,3.9,3.9,,,
2023-07-18T23:01:49.170Z,14712713056.0,3.8,3.8,,,
2023-07-23T23:01:41.852Z,14711605371.0,3.9,3.9,,,
2023-07-20T23:01:53.436Z,14710232209.0,3.9,3.9,,,
2023-08-01T23:01:41.696Z,14700687625.0,4.2,4.2,,,
2023-08-16T23:01:55.224Z,14700077357.0,3.8,3.8,,,
2023-07-26T23:02:19.878Z,14690398972.0,4.0,4.0,,,
2025-04-11T23:01:27.835Z,14686609500.0,3.161,3.161,,,
2023-07-22T23:01:36.852Z,14675034133.0,3.9,3.9,,,
2023-07-19T23:02:02.684Z,14660569996.0,3.9,3.9,,,
2023-08-02T23:01:44.527Z,14655377239.0,4.2,4.2,,,
2025-04-20T23:01:14.712Z,14642724500.0,2.684,2.684,,,
2023-08-05T23:01:53.589Z,14641436248.0,4.1,4.1,,,
2023-07-27T23:02:08.969Z,14638936418.0,4.0,4.0,,,
2023-07-04T23:01:59.141Z,14634764718.0,4.0,4.0,,,
2023-08-04T23:02:02.871Z,14610943720.0,4.1,4.1,,,
2023-09-29T23:02:10.713Z,14605671694.0,3.5,3.5,,,
2025-04-21T23:01:23.582Z,14605475291.0,2.749,2.749,,,
2023-07-25T23:02:03.490Z,14602116521.0,4.0,4.0,,,
2023-08-03T23:02:09.470Z,14600270151.0,4.1,4.1,,,
2023-08-06T23:01:46.815Z,14591279620.0,4.0,4.0,,,
2023-10-06T23:01:43.326Z,14579420437.0,3.6,3.6,,,
2023-08-07T23:01:55.120Z,14573818750.0,4.1,4.1,,,
2023-10-02T23:01:37.234Z,14542703895.0,3.5,3.5,,,
2023-10-03T23:01:55.383Z,14533845697.0,3.6,3.6,,,
2023-08-30T23:02:15.405Z,14513329111.0,3.8,3.8,,,
2023-10-04T23:01:45.164Z,14510015876.0,3.6,3.6,,,
2023-07-02T23:01:41.751Z,14480416884.0,3.9,3.9,,,
2023-10-22T23:02:08.131Z,14472835509.0,3.7,3.7,,,
2023-07-24T23:02:06.259Z,14457906517.0,4.0,4.0,,,
2023-10-08T23:01:40.437Z,14447474416.0,3.5,3.5,,,
2023-06-30T23:01:50.134Z,14446229235.0,3.8,3.8,,,
2023-07-01T23:01:50.679Z,14437758759.0,3.9,3.9,,,
2023-07-05T23:01:56.131Z,14432378897.0,4.0,4.0,,,
2023-09-28T23:02:02.845Z,14428202205.0,3.5,3.5,,,
2023-10-21T23:02:33.919Z,14407011457.0,3.6,3.6,,,
2023-10-07T23:01:50.094Z,14398705958.0,3.5,3.5,,,
2023-07-12T23:01:19.966Z,14340151412.0,3.9,3.9,,,
2025-04-10T23:01:24.208Z,14329384980.0,3.337,3.337,,,
2023-07-11T23:01:51.666Z,14305730228.0,3.9,3.9,,,
2023-10-05T23:01:48.033Z,14270638483.0,3.6,3.6,,,
2023-09-19T23:01:54.163Z,14264640206.0,3.6,3.6,,,
2023-07-10T23:01:31.129Z,14243286678.0,3.9,3.9,,,
2023-07-07T23:01:53.512Z,14216155100.0,4.0,4.0,,,
2023-09-18T23:01:26.207Z,14215283214.0,3.6,3.6,,,
2023-10-20T23:01:42.807Z,14204594946.0,3.6,3.6,,,
2023-07-09T23:01:53.351Z,14203080552.0,3.8,3.8,,,
2023-07-06T23:02:12.296Z,14198927725.0,4.0,4.0,,,
2023-09-07T23:01:52.330Z,14169315704.0,3.6,3.6,,,
2023-09-16T23:01:48.643Z,14153368317.0,3.6,3.6,,,
2023-09-20T23:02:04.056Z,14128241306.0,3.6,3.6,,,
2023-07-08T23:01:53.327Z,14121987232.0,3.9,3.9,,,
2023-09-15T23:01:55.406Z,14114960131.0,3.7,3.7,,,
2023-06-23T23:01:38.911Z,14065085143.0,3.8,3.8,,,
2023-09-14T23:02:05.349Z,14057594564.0,3.7,3.7,,,
2023-10-16T23:01:56.721Z,14056132064.0,3.3,3.3,,,
2023-06-27T23:02:24.979Z,14054944171.0,3.8,3.8,,,
2023-09-09T23:01:53.823Z,14049050925.0,3.6,3.6,,,
2023-09-08T23:02:01.471Z,14045647489.0,3.6,3.6,,,
2023-08-31T23:01:50.926Z,14032180979.0,3.8,3.8,,,
2023-06-25T23:01:52.572Z,14016611414.0,3.8,3.8,,,
2023-09-17T23:01:57.754Z,13981493703.0,3.6,3.6,,,
2023-09-03T23:02:09.648Z,13975919695.0,3.7,3.7,,,
2023-09-06T23:01:41.065Z,13970318633.0,3.6,3.6,,,
2023-09-05T23:02:18.816Z,13967571000.0,3.7,3.7,,,
2023-09-02T23:02:31.852Z,13958824315.0,3.7,3.7,,,
2023-09-10T23:01:50.068Z,13955271543.0,3.7,3.7,,,
2023-09-27T23:01:45.456Z,13949989210.0,3.6,3.6,,,
2023-10-09T23:01:32.180Z,13935228582.0,3.4,3.4,,,
2023-08-28T23:02:17.041Z,13934257171.0,3.8,3.8,,,
2023-09-23T23:02:33.782Z,13895682649.0,3.6,3.6,,,
2023-09-26T23:01:33.471Z,13885590804.0,3.6,3.6,,,
2023-09-22T23:01:58.910Z,13884326230.0,3.6,3.6,,,
2023-08-27T23:01:46.647Z,13881530102.0,3.7,3.7,,,
2023-09-13T23:01:53.160Z,13879950122.0,3.8,3.8,,,
2023-09-01T23:01:54.995Z,13876886142.0,3.8,3.8,,,
2023-09-04T23:02:03.493Z,13866748080.0,3.7,3.7,,,
2023-09-24T23:01:29.588Z,13851150619.0,3.5,3.5,,,
2023-08-26T23:01:32.322Z,13836636769.0,3.8,3.8,,,
2023-09-25T23:01:40.814Z,13835568829.0,3.6,3.6,,,
2023-06-22T23:02:06.473Z,13834205696.0,3.8,3.8,,,
2023-06-24T23:02:00.222Z,13825125038.0,3.8,3.8,,,
2023-08-24T23:01:57.307Z,13824935039.0,4.0,4.0,,,
2023-08-25T23:01:57.727Z,13822755099.0,4.0,4.0,,,
2023-10-19T23:02:30.174Z,13816376626.0,3.6,3.6,,,
2023-08-20T23:01:54.540Z,13815533540.0,4.0,4.0,,,
2023-10-10T23:01:53.522Z,13815001735.0,3.4,3.4,,,
2023-08-21T23:01:55.237Z,13803739456.0,4.1,4.1,,,
2023-06-29T23:01:47.923Z,13797869759.0,3.8,3.8,,,
2023-09-21T23:02:06.902Z,13789892101.0,3.6,3.6,,,
2023-10-11T23:02:04.889Z,13785380058.0,3.3,3.3,,,
2023-09-12T23:01:56.848Z,13785248596.0,3.8,3.8,,,
2023-10-17T23:02:16.713Z,13782074757.0,3.4,3.4,,,
2023-10-18T23:02:02.630Z,13774496019.0,3.5,3.5,,,
2023-10-15T23:01:33.105Z,13767392070.0,3.3,3.3,,,
2023-10-13T23:01:51.943Z,13757708256.0,3.3,3.3,,,
2023-06-21T23:02:02.159Z,13752738422.0,3.8,3.8,,,
2023-06-26T23:01:47.586Z,13746433412.0,3.8,3.8,,,
2023-10-14T23:02:06.106Z,13744564559.0,3.3,3.3,,,
2025-04-08T23:01:28.305Z,13684256040.0,3.122,3.122,,,
2023-08-19T23:01:31.870Z,13679202464.0,4.0,4.0,,,
2023-08-23T12:02:08.701Z,13672815226.0,4.0,4.0,,,
2023-06-28T23:02:07.601Z,13631640138.0,3.8,3.8,,,
2023-08-18T23:02:33.798Z,13578011052.0,4.0,4.0,,,
2023-10-12T23:01:48.964Z,13560728740.0,3.3,3.3,,,
2023-06-04T23:01:39.727Z,13436235271.0,4.4,4.4,,,
2023-06-02T23:01:55.953Z,13406397464.0,4.7,4.7,,,
2023-08-22T23:02:02.096Z,13395928704.0,4.0,4.0,,,
2023-08-17T23:01:45.309Z,13374099524.0,3.8,3.8,,,
2023-09-11T23:01:43.630Z,13343453068.0,3.7,3.7,,,
2023-06-06T23:01:41.392Z,13330807337.0,4.3,4.3,,,
2023-06-03T23:01:36.962Z,13329420114.0,4.5,4.5,,,
2023-06-08T23:01:57.824Z,13244774774.0,4.1,4.1,,,
2023-06-09T23:02:00.743Z,13143672743.0,4.0,4.0,,,
2023-05-30T23:05:30.352Z,13128762485.0,4.8,4.8,,,
2023-06-07T23:02:14.623Z,13116024434.0,4.2,4.2,,,
2023-06-01T23:01:41.671Z,13071758573.0,4.7,4.7,,,
2023-06-20T23:02:13.010Z,12984451451.0,3.8,3.8,,,
2023-05-31T23:01:42.406Z,12955174289.0,4.8,4.8,,,
2023-05-29T23:02:12.914Z,12910780073.0,4.9,4.9,,,
2023-05-28T23:02:02.164Z,12906011156.0,4.8,4.8,,,
2023-06-05T23:02:04.082Z,12777545228.0,4.3,4.3,,,
2023-04-16T23:01:43.717Z,12775329334.0,4.3,4.3,,,
2023-06-11T23:01:56.768Z,12650513614.0,4.1,4.1,,,
2023-04-18T23:01:46.292Z,12625056127.0,4.4,4.4,,,
2023-06-19T23:01:55.964Z,12621688752.0,3.8,3.8,,,
2023-04-14T23:01:51.747Z,12548948812.0,4.9,4.9,,,
2023-05-05T23:01:56.500Z,12532452557.0,5.4,5.4,,,
2023-06-17T23:01:50.205Z,12505620867.0,3.9,3.9,,,
2023-04-17T23:01:39.061Z,12503331778.0,4.3,4.3,,,
2023-06-13T23:01:56.849Z,12498252783.0,4.0,4.0,,,
2023-06-18T23:01:42.527Z,12493032406.0,3.8,3.8,,,
2023-04-15T23:01:45.903Z,12487763395.0,4.8,4.8,,,
2023-06-10T23:02:10.807Z,12479075978.0,4.1,4.1,,,
2023-06-12T23:01:59.734Z,12478581646.0,4.0,4.0,,,
2023-06-16T23:01:52.401Z,12418632612.0,3.9,3.9,,,
2023-05-27T23:01:57.247Z,12394229250.0,4.8,4.8,,,
2023-05-26T23:02:07.011Z,12354788390.0,4.9,4.9,,,
2023-05-23T23:01:51.859Z,12299306752.0,5.0,5.0,,,
2023-05-16T23:02:19.286Z,12271773774.0,5.9,5.9,,,
2023-05-07T23:02:02.241Z,12201079873.0,6.2,6.2,,,
2023-05-15T23:02:19.306Z,12186064417.0,6.0,6.0,,,
2023-05-25T23:01:55.843Z,12094563155.0,4.9,4.9,,,
2023-05-24T23:01:23.020Z,12012717117.0,4.9,4.9,,,
2023-06-15T23:01:36.069Z,12010401879.0,3.9,3.9,,,
2023-05-06T23:02:00.833Z,11998718795.0,5.9,5.9,,,
2023-05-03T23:01:45.467Z,11969580364.0,5.2,5.2,,,
2023-05-14T23:01:43.557Z,11960230620.0,6.4,6.4,,,
2023-05-10T23:01:37.123Z,11953720722.0,6.7,6.7,,,
2023-05-13T23:01:57.756Z,11947345907.0,6.7,6.7,,,
2023-04-19T23:01:58.602Z,11943749104.0,4.6,4.6,,,
2023-04-13T23:01:59.788Z,11939247779.0,4.7,4.7,,,
2023-05-12T23:01:58.607Z,11926857913.0,7.0,7.0,,,
2023-05-22T23:01:31.855Z,11884917368.0,5.0,5.0,,,
2023-06-14T23:02:03.017Z,11866758375.0,3.9,3.9,,,
2023-05-09T23:01:53.031Z,11825891141.0,6.7,6.7,,,
2023-04-27T23:01:41.399Z,11811904152.0,4.8,4.8,,,
2023-04-29T23:01:39.294Z,11809665804.0,4.7,4.7,,,
2023-04-20T23:02:00.659Z,11805390053.0,4.8,4.8,,,
2023-05-04T23:01:36.226Z,11794145002.0,5.3,5.3,,,
2023-05-08T23:01:26.592Z,11769283018.0,6.6,6.6,,,
2023-04-30T23:01:54.850Z,11754875552.0,4.6,4.6,,,
2022-05-04T00:00:00.000Z,11744709791.0,3.6,3.6,,,
2023-04-28T23:02:00.582Z,11734602500.0,4.7,4.7,,,
2023-05-21T23:01:40.302Z,11707397228.0,5.0,5.0,,,
2023-05-02T23:01:33.924Z,11687973403.0,5.0,5.0,,,
2023-05-20T23:01:51.018Z,11683964977.0,5.1,5.1,,,
2023-05-11T23:01:45.986Z,11656973663.0,6.8,6.8,,,
2023-05-19T23:01:44.688Z,11622635652.0,5.2,5.2,,,
2023-04-26T23:01:46.476Z,11522541503.0,5.0,5.0,,,
2023-05-18T23:02:12.431Z,11512913999.0,5.4,5.4,,,
2023-05-17T23:02:12.872Z,11509657914.0,5.7,5.7,,,
2023-04-25T23:01:49.321Z,11476878109.0,5.1,5.1,,,
2023-04-22T23:01:43.469Z,11469532739.0,5.0,5.0,,,
2023-05-01T23:01:43.240Z,11344653069.0,4.8,4.8,,,
2023-04-12T23:01:51.568Z,11325762663.0,4.8,4.8,,,
2023-04-23T23:01:57.408Z,11301073938.0,5.0,5.0,,,
2023-04-05T23:01:35.840Z,11281430579.0,4.3,4.3,,,
2023-04-24T23:01:46.609Z,11250425168.0,5.1,5.1,,,
2023-04-11T23:01:36.128Z,11215594575.0,4.7,4.7,,,
2023-04-21T23:02:08.019Z,11206169357.0,5.0,5.0,,,
2023-04-10T23:02:03.674Z,11164927923.0,4.7,4.7,,,
2022-05-03T00:00:00.000Z,11074372760.0,3.6,3.6,,,
2023-04-04T23:02:06.729Z,11061158560.0,4.3,4.3,,,
2023-04-06T23:01:49.111Z,11015495421.0,4.2,4.2,,,
2022-05-05T00:00:00.000Z,11008298772.0,3.6,3.6,,,
2023-04-09T23:01:48.177Z,10990326485.0,4.7,4.7,,,
2022-05-06T00:00:00.000Z,10974211995.0,3.5,3.5,,,
2023-04-07T23:01:45.283Z,10972797807.0,4.2,4.2,,,
2023-04-08T23:01:41.826Z,10956038463.0,4.1,4.1,,,
2023-03-31T23:01:52.703Z,10747720943.0,4.5,4.5,,,
2022-05-07T00:00:00.000Z,10736517627.0,3.5,3.5,,,
2023-04-01T23:01:34.067Z,10730333898.0,4.5,4.5,,,
2023-04-03T23:01:34.220Z,10644717155.0,4.4,4.4,,,
2023-03-23T23:01:47.874Z,10630295091.0,5.3,5.3,,,
2023-03-29T23:01:38.741Z,10601059651.0,4.5,4.5,,,
2023-03-30T23:01:45.488Z,10547319332.0,4.5,4.5,,,
2023-04-02T23:01:55.066Z,10521211443.0,4.5,4.5,,,
2023-03-19T23:01:53.442Z,10516009677.0,5.6,5.6,,,
2023-03-21T23:01:43.870Z,10485051230.0,5.5,5.5,,,
2023-03-28T23:01:38.894Z,10389190920.0,4.5,4.5,,,
2022-05-08T00:00:00.000Z,10375445969.0,3.6,3.6,,,
2023-03-18T23:02:07.554Z,10353695377.0,6.4,6.4,,,
2023-03-26T22:01:57.375Z,10323628746.0,5.0,5.0,,,
2023-03-20T23:02:01.706Z,10243387759.0,5.9,5.9,,,
2023-03-17T23:01:34.715Z,10229989095.0,7.1,7.1,,,
2023-03-24T23:01:48.230Z,10226382797.0,5.2,5.2,,,
2023-03-25T23:01:55.389Z,10168213566.0,5.0,5.0,,,
2023-03-22T23:01:48.845Z,10071707518.0,5.4,5.4,,,
2023-03-27T23:01:43.816Z,10061552075.0,4.4,4.4,,,
2023-03-14T23:01:40.037Z,9817252564.0,6.6,6.6,,,
2023-03-16T23:02:23.618Z,9677336666.0,6.7,6.7,,,
2023-03-13T23:01:33.062Z,9668155721.0,6.7,6.7,,,
2023-03-15T23:01:48.577Z,9584519671.0,6.6,6.6,,,
2022-05-10T00:00:00.000Z,9506069560.0,3.6,3.6,,,
2022-05-09T00:00:00.000Z,9406769875.0,3.5,3.5,,,
2023-03-01T23:01:58.038Z,9392012530.0,4.4,4.4,,,
2023-03-02T23:01:31.545Z,9357036499.0,4.8,4.8,,,
2023-02-27T23:01:48.878Z,9157302947.0,4.0,4.0,,,
2023-02-28T23:01:45.092Z,9119343201.0,4.6,4.6,,,
2023-02-26T23:01:36.499Z,8975443870.0,4.1,4.1,,,
2023-03-06T23:01:32.294Z,8951541051.0,4.2,4.2,,,
2023-03-05T23:01:49.398Z,8949243946.0,4.4,4.4,,,
2023-03-12T23:01:41.903Z,8901295766.0,6.2,6.2,,,
2023-03-04T23:01:54.307Z,8893195751.0,4.4,4.4,,,
2023-03-03T23:01:58.025Z,8892671081.0,5.2,5.2,,,
2023-03-08T23:02:20.025Z,8887470447.0,4.6,4.6,,,
2022-05-15T00:00:00.000Z,8869252957.0,3.7,3.7,,,
2023-03-07T23:01:41.728Z,8854505893.0,5.0,5.0,,,
2023-02-20T23:01:49.636Z,8805981338.0,4.9,4.9,,,
2022-05-11T00:00:00.000Z,8714550420.0,3.6,3.6,,,
2023-02-18T23:01:40.340Z,8695335093.0,5.4,5.4,,,
2023-02-19T23:01:48.349Z,8689677236.0,5.0,5.0,,,
2023-02-17T23:01:38.571Z,8626600457.0,5.0,5.0,,,
2023-02-16T23:01:35.572Z,8610763753.0,5.3,5.3,,,
2022-05-17T00:00:00.000Z,8601108016.0,3.7,3.7,,,
2023-02-23T23:01:33.626Z,8543493058.0,5.0,5.0,,,
2023-02-21T23:01:27.035Z,8518937163.0,5.0,5.0,,,
2023-02-15T23:01:45.225Z,8504350968.0,6.5,6.5,,,
2023-02-25T23:01:24.098Z,8501429801.0,4.5,4.5,,,
2022-05-13T00:00:00.000Z,8459868374.0,3.6,3.6,,,
2023-02-04T23:01:57.310Z,8455770307.0,5.0,5.0,,,
2023-03-11T23:01:42.761Z,8444113663.0,6.2,6.2,,,
2023-02-22T23:01:30.317Z,8433148902.0,5.3,5.3,,,
2023-02-07T23:01:27.642Z,8426802837.0,5.0,5.0,,,
2022-05-16T00:00:00.000Z,8406513502.0,3.7,3.7,,,
2023-02-24T23:01:29.907Z,8334585062.0,4.7,4.7,,,
2023-02-08T23:01:43.343Z,8334264841.0,5.1,5.1,,,
2023-02-03T23:01:45.807Z,8321479253.0,5.0,5.0,,,
2022-05-14T00:00:00.000Z,8307436489.0,3.6,3.6,,,
2023-02-02T23:01:31.826Z,8306017890.0,5.1,5.1,,,
2022-05-19T00:00:00.000Z,8305322669.0,3.8,3.8,,,
2022-08-13T00:00:00.000Z,8303910199.0,3.9,3.9,,,
2023-02-06T23:01:30.373Z,8299876201.0,4.6,4.6,,,
2022-05-22T00:00:00.000Z,8299480469.0,3.9,3.9,,,
2023-03-09T23:01:42.736Z,8296217480.0,4.5,4.5,,,
2023-02-05T23:01:46.061Z,8259229000.0,4.6,4.6,,,
2023-01-29T23:01:57.369Z,8222577842.0,4.4,4.4,,,
2023-02-01T23:02:01.754Z,8215408628.0,4.7,4.7,,,
2022-05-30T00:00:00.000Z,8190730072.0,4.0,4.0,,,
2023-03-10T23:01:41.968Z,8156017042.0,5.4,5.4,,,
2022-05-24T00:00:00.000Z,8144177342.0,4.0,4.0,,,
2022-05-23T00:00:00.000Z,8130648910.0,3.9,3.9,,,
2023-01-23T23:01:41.313Z,8125797506.0,4.6,4.6,,,
2022-05-20T00:00:00.000Z,8110663532.0,3.8,3.8,,,
2022-08-14T00:00:00.000Z,8098077400.0,3.9,3.9,,,
2022-05-21T00:00:00.000Z,8093785039.0,3.8,3.8,,,
2023-01-21T23:02:00.742Z,8089146659.0,5.3,5.3,,,
2023-01-20T23:01:35.569Z,8081665298.0,4.5,4.5,,,
2022-05-25T00:00:00.000Z,8076696769.0,4.0,4.0,,,
2022-05-18T00:00:00.000Z,8072321130.0,3.8,3.8,,,
2022-05-31T00:00:00.000Z,8040565588.0,4.0,4.0,,,
2023-01-25T23:01:24.456Z,8036826105.0,5.4,5.4,,,
2022-08-12T00:00:00.000Z,8011739284.0,3.9,3.9,,,
2023-01-26T23:01:35.616Z,7990514125.0,5.0,5.0,,,
2023-01-27T23:01:46.815Z,7980089286.0,5.7,5.7,,,
2023-01-22T23:01:25.099Z,7966751218.0,4.6,4.6,,,
2022-08-15T00:00:00.000Z,7960091878.0,3.9,3.9,,,
2023-02-14T23:01:36.263Z,7916797626.0,4.8,4.8,,,
2023-01-31T23:02:00.552Z,7888142136.0,4.8,4.8,,,
2022-05-12T00:00:00.000Z,7857787286.0,3.6,3.6,,,
2022-08-11T00:00:00.000Z,7843828625.0,3.9,3.9,,,
2023-02-09T23:02:07.013Z,7839454933.0,5.4,5.4,,,
2023-01-28T23:01:53.928Z,7825398568.0,4.6,4.6,,,
2022-08-16T00:00:00.000Z,7812960907.0,3.9,3.9,,,
2022-08-18T00:00:00.000Z,7788872430.0,3.9,3.9,,,
2023-01-30T23:01:43.832Z,7788301946.0,4.6,4.6,,,
2023-01-24T23:01:41.428Z,7787599145.0,5.0,5.0,,,
2023-02-11T23:01:40.225Z,7769949290.0,4.8,4.8,,,
2022-06-06T00:00:00.000Z,7693058781.0,4.0,4.0,,,
2022-08-17T00:00:00.000Z,7684345027.0,3.9,3.9,,,
2023-02-10T23:01:43.852Z,7681386223.0,5.1,5.1,,,
2022-11-04T23:01:37.419Z,7673028495.0,6.2,6.2,,,
2023-01-17T23:01:25.164Z,7671843598.0,5.0,5.0,,,
2023-01-16T23:01:41.475Z,7662579723.0,5.0,5.0,,,
2023-02-12T23:01:42.897Z,7657049802.0,4.4,4.4,,,
2022-11-05T23:01:28.991Z,7645207753.0,5.3,5.3,,,
2022-08-10T00:00:00.000Z,7634852552.0,3.9,3.9,,,
2022-06-07T00:00:00.000Z,7602537682.0,4.0,4.0,,,
2023-02-13T23:01:43.678Z,7574235205.0,5.0,5.0,,,
2023-01-19T23:01:44.567Z,7570885159.0,5.5,5.5,,,
2022-05-26T00:00:00.000Z,7549047867.0,4.0,4.0,,,
2022-11-06T23:01:34.965Z,7535123379.0,4.6,4.6,,,
2022-06-02T00:00:00.000Z,7529727017.0,4.0,4.0,,,
2023-01-15T23:01:48.966Z,7515309583.0,4.8,4.8,,,
2022-10-29T23:01:34.997Z,7467958839.0,5.3,5.3,,,
2022-06-05T00:00:00.000Z,7462010533.0,4.0,4.0,,,
2022-08-06T00:00:00.000Z,7458717544.0,3.9,3.9,,,
2022-06-01T00:00:00.000Z,7457563960.0,4.0,4.0,,,
2022-11-07T22:01:07.834Z,7438152760.0,5.0,5.0,,,
2023-01-18T23:01:23.943Z,7437888933.0,4.9,4.9,,,
2022-06-08T00:00:00.000Z,7423014605.0,4.0,4.0,,,
2023-01-14T23:01:36.988Z,7415052776.0,6.0,6.0,,,
2022-05-29T00:00:00.000Z,7403372675.0,4.0,4.0,,,
2022-06-04T00:00:00.000Z,7371970157.0,4.0,4.0,,,
2022-06-09T00:00:00.000Z,7365761144.0,4.0,4.0,,,
2022-06-03T00:00:00.000Z,7361895607.0,4.0,4.0,,,
2022-09-10T23:01:09.918Z,7351359379.0,3.8,3.8,,,
2022-10-30T23:01:21.105Z,7351125624.0,5.3,5.3,,,
2022-05-28T00:00:00.000Z,7329191226.0,4.0,4.0,,,
2022-11-01T23:01:46.730Z,7325844573.0,5.3,5.3,,,
2022-08-08T00:00:00.000Z,7304205552.0,3.9,3.9,,,
2022-09-11T23:01:26.339Z,7286655809.0,3.8,3.8,,,
2022-07-28T00:00:00.000Z,7232897604.0,4.0,4.0,,,
2022-08-07T00:00:00.000Z,7217877591.0,3.9,3.9,,,
2022-10-31T23:01:33.556Z,7210064108.0,5.0,5.0,,,
2022-09-12T23:01:22.574Z,7192081392.0,3.8,3.8,,,
2022-07-29T00:00:00.000Z,7174806109.0,3.9,3.9,,,
2022-09-09T23:01:21.962Z,7168583666.0,3.8,3.8,,,
2022-05-27T00:00:00.000Z,7162858310.0,4.0,4.0,,,
2022-11-03T23:01:39.693Z,7159502067.0,5.8,5.8,,,
2022-08-25T00:00:00.000Z,7123541693.0,3.9,3.9,,,
2022-10-28T23:01:21.359Z,7102693764.0,5.4,5.4,,,
2022-11-02T23:01:16.040Z,7054992160.0,5.3,5.3,,,
2022-10-26T23:01:31.961Z,7016639524.0,6.1,6.1,,,
2022-07-31T00:00:00.000Z,7014586564.0,3.9,3.9,,,
2022-08-09T00:00:00.000Z,6995633859.0,3.9,3.9,,,
2023-01-13T23:01:52.256Z,6985216931.0,5.5,5.5,,,
2022-07-30T00:00:00.000Z,6977484593.0,3.9,3.9,,,
2022-08-24T00:00:00.000Z,6948100964.0,3.9,3.9,,,
2022-10-27T23:01:33.413Z,6923039371.0,5.8,5.8,,,
2022-08-23T00:00:00.000Z,6909594160.0,3.9,3.9,,,
2022-08-05T00:00:00.000Z,6908542490.0,3.9,3.9,,,
2022-08-02T00:00:00.000Z,6890613466.0,3.9,3.9,,,
2022-08-19T00:00:00.000Z,6860332450.0,3.9,3.9,,,
2023-01-12T23:01:43.414Z,6850557186.0,5.3,5.3,,,
2022-09-08T23:02:40.814Z,6786851272.0,3.8,3.8,,,
2022-07-27T00:00:00.000Z,6777984956.0,3.9,3.9,,,
2022-08-03T00:00:00.000Z,6776873887.0,3.9,3.9,,,
2022-09-07T23:01:19.821Z,6763332373.0,3.5,3.5,,,
2022-07-24T00:00:00.000Z,6761689534.0,3.9,3.9,,,
2022-08-01T00:00:00.000Z,6724669519.0,3.9,3.9,,,
2022-08-04T00:00:00.000Z,6713444566.0,3.9,3.9,,,
2022-09-14T23:01:41.878Z,6698034102.0,3.8,3.8,,,
2022-06-10T00:00:00.000Z,6693572071.0,4.0,4.0,,,
2022-08-21T00:00:00.000Z,6683229695.0,3.9,3.9,,,
2022-09-05T23:00:30.679Z,6643226253.0,3.9,3.9,,,
2022-09-13T23:01:35.003Z,6632054366.0,3.8,3.8,,,
2022-10-25T23:01:31.802Z,6625011130.0,5.0,5.0,,,
2022-09-01T00:00:00.000Z,6612139651.0,3.9,3.9,,,
2022-07-21T00:00:00.000Z,6607042649.0,3.9,3.9,,,
2022-08-20T00:00:00.000Z,6583547617.0,3.9,3.9,,,
2022-09-02T00:00:00.000Z,6580468626.0,3.9,3.9,,,
2022-08-22T00:00:00.000Z,6580044165.0,3.9,3.9,,,
2022-08-31T00:00:00.000Z,6576566695.0,3.9,3.9,,,
2022-09-04T00:00:00.000Z,6542640230.0,3.9,3.9,,,
2022-09-06T23:01:37.237Z,6520763538.0,3.8,3.8,,,
2022-07-19T00:00:00.000Z,6518463985.0,3.9,3.9,,,
2022-08-26T00:00:00.000Z,6488054486.0,3.8,3.8,,,
2023-01-11T23:01:37.280Z,6481266893.0,4.4,4.4,,,
2022-07-20T00:00:00.000Z,6472259510.0,3.9,3.9,,,
2022-09-03T00:00:00.000Z,6469124569.0,3.9,3.9,,,
2023-01-10T23:01:41.029Z,6450965311.0,4.7,4.7,,,
2022-08-29T00:00:00.000Z,6443174944.0,3.9,3.9,,,
2022-08-30T00:00:00.000Z,6427031104.0,3.9,3.9,,,
2022-07-22T00:00:00.000Z,6416905210.0,3.9,3.9,,,
2022-09-15T23:01:20.973Z,6383348324.0,4.0,4.0,,,
2023-01-09T23:01:38.579Z,6371375334.0,5.2,5.2,,,
2022-07-23T00:00:00.000Z,6353671405.0,3.9,3.9,,,
2022-06-11T00:00:00.000Z,6292245541.0,4.0,4.0,,,
2022-12-13T23:02:01.055Z,6265841246.0,4.8,4.8,,,
2022-07-18T00:00:00.000Z,6263863454.0,3.9,3.9,,,
2022-09-17T23:01:33.565Z,6248868873.0,4.8,4.8,,,
2022-07-25T00:00:00.000Z,6240665157.0,3.9,3.9,,,
2022-12-14T23:01:27.680Z,6225856615.0,4.9,4.9,,,
2022-11-08T23:01:32.169Z,6202171997.0,5.9,5.9,,,
2022-11-10T23:01:44.842Z,6177737971.0,6.9,6.9,,,
2022-08-27T00:00:00.000Z,6177416420.0,3.9,3.9,,,
2022-09-16T23:01:36.543Z,6152550787.0,5.5,5.5,,,
2022-08-28T00:00:00.000Z,6114311812.0,3.9,3.9,,,
2023-01-08T23:01:45.472Z,6101687202.0,4.2,4.2,,,
2022-12-02T23:01:22.658Z,6101101000.0,5.0,5.0,,,
2022-11-30T23:01:20.669Z,6084415198.0,4.7,4.7,,,
2023-01-07T23:01:39.909Z,6083815367.0,4.5,4.5,,,
2023-01-06T23:01:28.593Z,6072713110.0,4.5,4.5,,,
2022-12-12T23:01:46.584Z,6053352028.0,4.7,4.7,,,
2022-12-08T23:01:33.298Z,6049820121.0,5.0,5.0,,,
2022-12-04T23:01:25.067Z,6036426806.0,4.6,4.6,,,
2022-12-10T23:01:24.715Z,6028613481.0,4.5,4.5,,,
2022-12-01T23:01:38.848Z,6026474714.0,4.8,4.8,,,
2022-12-15T23:01:40.617Z,6023963845.0,4.7,4.7,,,
2022-10-24T23:01:14.441Z,6022969192.0,5.0,5.0,,,
2022-10-23T23:01:41.454Z,6018734656.0,5.0,5.0,,,
2022-06-12T00:00:00.000Z,6013418620.0,4.0,4.0,,,
2022-12-11T23:01:30.097Z,6012390465.0,4.1,4.1,,,
2023-01-05T23:01:49.295Z,6002995483.0,5.5,5.5,,,
2023-01-04T23:01:45.766Z,5998752856.0,4.9,4.9,,,
2022-12-09T23:01:35.273Z,5974703310.0,4.8,4.8,,,
2022-10-04T23:01:16.113Z,5952964141.0,5.0,5.0,,,
2022-12-05T23:01:23.573Z,5944511613.0,4.4,4.4,,,
2022-10-06T23:01:44.429Z,5943018896.0,5.7,5.7,,,
2022-09-19T23:01:39.615Z,5932865782.0,5.3,5.3,,,
2022-12-06T23:01:41.302Z,5923663119.0,4.5,4.5,,,
2022-10-05T23:01:30.658Z,5920188192.0,5.3,5.3,,,
2022-11-11T23:01:25.661Z,5916676591.0,6.9,6.9,,,
2022-12-03T23:01:37.585Z,5882960738.0,4.6,4.6,,,
2022-10-17T23:01:47.697Z,5874054170.0,5.0,5.0,,,
2022-07-26T00:00:00.000Z,5865846166.0,4.0,4.0,,,
2022-10-22T23:01:39.105Z,5863410016.0,5.6,5.6,,,
2022-10-07T23:01:23.674Z,5854806263.0,5.0,5.0,,,
2022-11-12T23:01:38.957Z,5847547893.0,6.9,6.9,,,
2022-09-28T23:01:24.750Z,5843639254.0,5.6,5.6,,,
2022-09-29T23:01:17.744Z,5843185343.0,5.4,5.4,,,
2023-01-02T23:01:44.532Z,5832839417.0,4.4,4.4,,,
2022-11-15T23:01:39.855Z,5830867018.0,10.1,10.1,,,
2022-12-07T23:01:23.882Z,5827050199.0,4.7,4.7,,,
2022-12-23T23:01:28.725Z,5826358459.0,5.4,5.4,,,
2022-12-24T23:01:31.007Z,5824037691.0,4.3,4.3,,,
2022-12-26T23:01:34.584Z,5819302332.0,4.4,4.4,,,
2022-10-18T23:01:46.221Z,5811321656.0,5.9,5.9,,,
2022-10-09T23:01:38.152Z,5805945106.0,4.7,4.7,,,
2022-09-30T23:01:28.391Z,5801648031.0,5.6,5.6,,,
2022-12-25T23:01:35.830Z,5800184754.0,4.0,4.0,,,
2022-12-22T23:01:32.418Z,5798852544.0,4.8,4.8,,,
2023-01-03T23:01:24.226Z,5798284845.0,4.6,4.6,,,
2022-12-20T23:01:59.081Z,5795643490.0,4.9,4.9,,,
2022-12-21T14:01:19.879Z,5793974294.0,4.5,4.5,,,
2022-12-27T23:01:37.075Z,5789730094.0,4.4,4.4,,,
2022-10-16T23:01:43.349Z,5785844872.0,5.0,5.0,,,
2022-10-21T23:01:48.681Z,5785676210.0,5.7,5.7,,,
2022-09-27T23:01:33.295Z,5776603773.0,5.5,5.5,,,
2022-10-03T23:04:31.484Z,5773325745.0,5.2,5.2,,,
2022-09-23T23:01:29.095Z,5762440019.0,5.0,5.0,,,
2022-10-08T23:01:16.989Z,5760214894.0,5.8,5.8,,,
2022-11-29T23:01:24.474Z,5759108457.0,4.8,4.8,,,
2022-10-01T23:01:15.915Z,5751410711.0,5.4,5.4,,,
2022-09-26T23:01:28.452Z,5749704257.0,5.1,5.1,,,
2022-10-19T23:02:00.960Z,5743039452.0,5.5,5.5,,,
2023-01-01T23:01:13.741Z,5741314254.0,4.2,4.2,,,
2022-12-30T23:01:25.274Z,5737019199.0,4.3,4.3,,,
2022-11-19T23:01:27.114Z,5732534871.0,4.8,4.8,,,
2022-10-12T23:01:38.640Z,5726380785.0,4.9,4.9,,,
2022-09-18T23:01:38.211Z,5723155462.0,4.6,4.6,,,
2022-12-31T23:01:51.642Z,5722356688.0,4.5,4.5,,,
2022-11-14T23:01:26.953Z,5718763865.0,10.2,10.2,,,
2022-12-29T23:01:21.388Z,5718227732.0,4.3,4.3,,,
2022-10-02T23:01:54.618Z,5716507295.0,5.1,5.1,,,
2022-09-24T23:01:18.999Z,5715230579.0,5.0,5.0,,,
2022-11-13T23:01:46.300Z,5705998188.0,10.2,10.2,,,
2022-11-27T23:01:34.779Z,5702807364.0,4.4,4.4,,,
2022-10-13T23:01:31.391Z,5702727849.0,5.1,5.1,,,
2022-10-20T23:01:30.594Z,5700698685.0,6.3,6.3,,,
2022-09-20T23:01:23.984Z,5697552372.0,4.9,4.9,,,
2022-10-14T23:01:32.967Z,5696341566.0,6.2,6.2,,,
2022-12-16T23:01:34.331Z,5685196904.0,5.0,5.0,,,
2022-10-10T23:01:36.658Z,5682810416.0,5.0,5.0,,,
2022-09-22T23:01:27.381Z,5677021743.0,5.2,5.2,,,
2022-12-28T23:01:44.253Z,5669249698.0,4.6,4.6,,,
2022-11-17T23:01:32.200Z,5667059854.0,5.5,5.5,,,
2022-11-26T23:01:23.981Z,5666576564.0,7.7,7.7,,,
2022-11-18T23:01:29.831Z,5662140339.0,5.2,5.2,,,
2022-11-16T23:01:23.496Z,5660194496.0,9.7,9.7,,,
2022-10-11T23:01:37.201Z,5634787546.0,5.2,5.2,,,
2022-12-18T23:01:48.649Z,5631285759.0,4.6,4.6,,,
2022-10-15T23:01:36.019Z,5630081851.0,5.0,5.0,,,
2022-07-17T00:00:00.000Z,5625899824.0,3.9,3.9,,,
2022-11-25T23:01:23.506Z,5617013869.0,4.9,4.9,,,
2022-09-25T23:01:24.683Z,5616952047.0,4.7,4.7,,,
2022-12-17T23:01:35.710Z,5607159373.0,5.4,5.4,,,
2022-12-19T23:01:57.737Z,5605513021.0,4.3,4.3,,,
2022-11-24T23:01:38.659Z,5578991151.0,4.9,4.9,,,
2022-07-16T00:00:00.000Z,5555425744.0,4.0,4.0,,,
2022-11-28T23:01:25.210Z,5517604288.0,5.0,5.0,,,
2022-11-23T23:01:26.751Z,5481722310.0,6.3,6.3,,,
2022-11-20T23:01:37.105Z,5419250524.0,5.3,5.3,,,
2022-09-21T23:01:28.154Z,5300665049.0,5.3,5.3,,,
2022-11-22T23:01:26.236Z,5293241478.0,5.4,5.4,,,
2022-11-21T12:01:34.515Z,5274056690.0,5.3,5.3,,,
2022-11-09T23:01:34.732Z,5180491530.0,5.9,5.9,,,
2022-07-15T00:00:00.000Z,5139344218.0,3.9,3.9,,,
2022-07-07T00:00:00.000Z,5106471304.0,4.0,4.0,,,
2022-07-08T00:00:00.000Z,5099925900.0,4.0,4.0,,,
2022-06-25T00:00:00.000Z,5081069509.0,4.0,4.0,,,
2022-07-09T00:00:00.000Z,5033724248.0,4.0,4.0,,,
2022-06-24T00:00:00.000Z,5021163436.0,4.0,4.0,,,
2022-06-13T00:00:00.000Z,5020855492.0,4.0,4.0,,,
2022-06-26T00:00:00.000Z,5004523357.0,4.0,4.0,,,
2022-06-27T00:00:00.000Z,4955876828.0,3.9,3.9,,,
2022-06-15T00:00:00.000Z,4881295771.0,4.0,4.0,,,
2022-07-14T00:00:00.000Z,4842711111.0,3.9,3.9,,,
2022-07-06T00:00:00.000Z,4837109739.0,3.9,3.9,,,
2022-07-10T00:00:00.000Z,4808943414.0,4.0,4.0,,,
2022-06-14T00:00:00.000Z,4739191219.0,4.0,4.0,,,
2022-06-28T00:00:00.000Z,4732321593.0,4.0,4.0,,,
2022-07-05T00:00:00.000Z,4713828842.0,3.9,3.9,,,
2022-07-04T00:00:00.000Z,4680798883.0,3.9,3.9,,,
2022-07-11T00:00:00.000Z,4591925326.0,4.0,4.0,,,
2022-06-23T00:00:00.000Z,4567417615.0,4.0,4.0,,,
2022-06-29T00:00:00.000Z,4539445148.0,4.0,4.0,,,
2022-06-19T00:00:00.000Z,4520906774.0,3.9,3.9,,,
2022-06-21T00:00:00.000Z,4507593430.0,4.0,4.0,,,
2022-07-13T00:00:00.000Z,4443090874.0,3.9,3.9,,,
2022-07-03T00:00:00.000Z,4409746992.0,3.9,3.9,,,
2022-06-16T00:00:00.000Z,4394576092.0,4.0,4.0,,,
2022-07-02T00:00:00.000Z,4380939233.0,4.0,4.0,,,
2022-06-20T00:00:00.000Z,4367053109.0,4.0,4.0,,,
2022-07-01T00:00:00.000Z,4359975792.0,3.9,3.9,,,
2022-06-17T00:00:00.000Z,4282944265.0,4.0,4.0,,,
2022-07-12T00:00:00.000Z,4263669067.0,4.0,4.0,,,
2022-06-22T00:00:00.000Z,4217562775.0,4.0,4.0,,,
2022-06-30T00:00:00.000Z,4210439330.0,4.0,4.0,,,
2022-06-18T00:00:00.000Z,3874088251.0,4.0,4.0,,,
