timestamp,pair,rate
2024-01-02 16:00:00.000,BTC/USDC:USDC,0.0001
2024-01-03 00:00:00.000,BTC/USDC:USDC,0.0001
2024-01-03 08:00:00.000,BTC/USDC:USDC,0.0001
2024-01-03 16:00:00.000,BTC/USDC:USDC,0.0001
2024-01-04 00:00:00.000,BTC/USDC:USDC,0.0001
2024-01-04 08:00:00.000,BTC/USDC:USDC,0.0001
2024-01-04 16:00:00.000,BTC/USDC:USDC,0.0001
2024-01-05 00:00:00.001,BTC/USDC:USDC,0.0001
2024-01-05 08:00:00.000,BTC/USDC:USDC,0.0001
2024-01-05 16:00:00.000,BTC/USDC:USDC,0.0001
2024-01-06 00:00:00.000,BTC/USDC:USDC,4.061e-05
2024-01-06 08:00:00.000,BTC/USDC:USDC,9.377e-05
2024-01-06 16:00:00.000,BTC/USDC:USDC,6.494e-05
2024-01-07 00:00:00.000,BTC/USDC:USDC,4.978e-05
2024-01-07 08:00:00.001,BTC/USDC:USDC,9.451e-05
2024-01-07 16:00:00.001,BTC/USDC:USDC,0.0001
2024-01-08 00:00:00.000,BTC/USDC:USDC,-1.556e-05
2024-01-08 08:00:00.000,BTC/USDC:USDC,5.794e-05
2024-01-08 16:00:00.000,BTC/USDC:USDC,0.0001
2024-01-09 00:00:00.001,BTC/USDC:USDC,0.0001
2024-01-09 08:00:00.000,BTC/USDC:USDC,0.0001
2024-01-09 16:00:00.000,BTC/USDC:USDC,6.105e-05
2024-01-10 00:00:00.000,BTC/USDC:USDC,7.137e-05
2024-01-10 08:00:00.000,BTC/USDC:USDC,0.0001
2024-01-10 16:00:00.000,BTC/USDC:USDC,0.0001
2024-01-11 00:00:00.000,BTC/USDC:USDC,0.0001
2024-01-11 08:00:00.000,BTC/USDC:USDC,0.0001
2024-01-11 16:00:00.000,BTC/USDC:USDC,0.0001
2024-01-12 00:00:00.001,BTC/USDC:USDC,0.0001
2024-01-12 08:00:00.000,BTC/USDC:USDC,0.0001
2024-01-12 16:00:00.000,BTC/USDC:USDC,0.0001
2024-01-13 00:00:00.000,BTC/USDC:USDC,0.0001
2024-01-13 08:00:00.000,BTC/USDC:USDC,0.0001
2024-01-13 16:00:00.001,BTC/USDC:USDC,0.0001
2024-01-14 00:00:00.000,BTC/USDC:USDC,0.0001
2024-01-14 08:00:00.000,BTC/USDC:USDC,0.0001
2024-01-14 16:00:00.001,BTC/USDC:USDC,0.0001
2024-01-15 00:00:00.000,BTC/USDC:USDC,0.0001
2024-01-15 08:00:00.000,BTC/USDC:USDC,0.0001
2024-01-15 16:00:00.000,BTC/USDC:USDC,0.0001
2024-01-16 00:00:00.000,BTC/USDC:USDC,0.0001
2024-01-16 08:00:00.000,BTC/USDC:USDC,0.0001
2024-01-16 16:00:00.001,BTC/USDC:USDC,0.0001
2024-01-17 00:00:00.000,BTC/USDC:USDC,5.306e-05
2024-01-17 08:00:00.000,BTC/USDC:USDC,4.969e-05
2024-01-17 16:00:00.000,BTC/USDC:USDC,0.0001
2024-01-18 00:00:00.001,BTC/USDC:USDC,0.0001
2024-01-18 08:00:00.000,BTC/USDC:USDC,0.0001
2024-01-18 16:00:00.000,BTC/USDC:USDC,0.0001
2024-01-19 00:00:00.000,BTC/USDC:USDC,0.0001
2024-01-19 08:00:00.000,BTC/USDC:USDC,0.0001
2024-01-19 16:00:00.002,BTC/USDC:USDC,0.0001
2024-01-20 00:00:00.000,BTC/USDC:USDC,0.0001
2024-01-20 08:00:00.003,BTC/USDC:USDC,0.0001
2024-01-20 16:00:00.000,BTC/USDC:USDC,0.0001
2024-01-21 00:00:00.000,BTC/USDC:USDC,0.0001
2024-01-21 08:00:00.000,BTC/USDC:USDC,0.0001
2024-01-21 16:00:00.000,BTC/USDC:USDC,0.0001
2024-01-22 00:00:00.000,BTC/USDC:USDC,0.0001
2024-01-22 08:00:00.000,BTC/USDC:USDC,0.0001
2024-01-22 16:00:00.000,BTC/USDC:USDC,0.0001
2024-01-23 00:00:00.000,BTC/USDC:USDC,0.0001
2024-01-23 08:00:00.000,BTC/USDC:USDC,0.0001
2024-01-23 16:00:00.000,BTC/USDC:USDC,0.0001
2024-01-24 00:00:00.000,BTC/USDC:USDC,0.0001
2024-01-24 08:00:00.000,BTC/USDC:USDC,0.0001
2024-01-24 16:00:00.000,BTC/USDC:USDC,0.0001
2024-01-25 00:00:00.000,BTC/USDC:USDC,0.0001
2024-01-25 08:00:00.001,BTC/USDC:USDC,0.0001
2024-01-25 16:00:00.000,BTC/USDC:USDC,0.0001
2024-01-26 00:00:00.001,BTC/USDC:USDC,0.0001
2024-01-26 08:00:00.000,BTC/USDC:USDC,0.0001
2024-01-26 16:00:00.000,BTC/USDC:USDC,0.0001
2024-01-27 00:00:00.000,BTC/USDC:USDC,0.0001
2024-01-27 08:00:00.000,BTC/USDC:USDC,0.0001
2024-01-27 16:00:00.000,BTC/USDC:USDC,0.0001
2024-01-28 00:00:00.000,BTC/USDC:USDC,5.219e-05
2024-01-28 08:00:00.000,BTC/USDC:USDC,5.557e-05
2024-01-28 16:00:00.000,BTC/USDC:USDC,0.0001
2024-01-29 00:00:00.000,BTC/USDC:USDC,0.0001
2024-01-29 08:00:00.001,BTC/USDC:USDC,0.0001
2024-01-29 16:00:00.000,BTC/USDC:USDC,0.0001
2024-01-30 00:00:00.000,BTC/USDC:USDC,0.0001
2024-01-30 08:00:00.000,BTC/USDC:USDC,0.0001
2024-01-30 16:00:00.001,BTC/USDC:USDC,0.0001
2024-01-31 00:00:00.000,BTC/USDC:USDC,-9.71e-06
2024-01-31 08:00:00.000,BTC/USDC:USDC,0.0001
2024-01-31 16:00:00.000,BTC/USDC:USDC,0.0001
2024-02-01 00:00:00.000,BTC/USDC:USDC,4.817e-05
2024-02-01 08:00:00.000,BTC/USDC:USDC,9.729e-05
2024-02-01 16:00:00.002,BTC/USDC:USDC,0.0001
2024-02-02 00:00:00.000,BTC/USDC:USDC,8.147e-05
2024-02-02 08:00:00.000,BTC/USDC:USDC,0.0001
2024-02-02 16:00:00.000,BTC/USDC:USDC,0.0001
2024-02-03 00:00:00.000,BTC/USDC:USDC,0.0001
2024-02-03 08:00:00.000,BTC/USDC:USDC,8.078e-05
2024-02-03 16:00:00.001,BTC/USDC:USDC,9.546e-05
2024-02-04 00:00:00.000,BTC/USDC:USDC,6.468e-05
2024-02-04 08:00:00.004,BTC/USDC:USDC,4.632e-05
2024-02-04 16:00:00.000,BTC/USDC:USDC,8.152e-05
2024-02-05 00:00:00.000,BTC/USDC:USDC,6.73e-05
2024-02-05 08:00:00.000,BTC/USDC:USDC,0.0001
2024-02-05 16:00:00.000,BTC/USDC:USDC,0.0001
2024-02-06 00:00:00.000,BTC/USDC:USDC,0.0001
2024-02-06 08:00:00.001,BTC/USDC:USDC,0.0001
2024-02-06 16:00:00.000,BTC/USDC:USDC,0.0001
2024-02-07 00:00:00.000,BTC/USDC:USDC,0.0001
2024-02-07 08:00:00.000,BTC/USDC:USDC,0.0001
2024-02-07 16:00:00.000,BTC/USDC:USDC,0.0001
2024-02-08 00:00:00.000,BTC/USDC:USDC,0.0001
2024-02-08 08:00:00.000,BTC/USDC:USDC,0.0001
2024-02-08 16:00:00.000,BTC/USDC:USDC,0.0001
2024-02-09 00:00:00.000,BTC/USDC:USDC,2.636e-05
2024-02-09 08:00:00.000,BTC/USDC:USDC,0.0001
2024-02-09 16:00:00.001,BTC/USDC:USDC,0.0001
2024-02-10 00:00:00.001,BTC/USDC:USDC,-4.751e-05
2024-02-10 08:00:00.000,BTC/USDC:USDC,1.067e-05
2024-02-10 16:00:00.000,BTC/USDC:USDC,-3.323e-05
2024-02-11 00:00:00.000,BTC/USDC:USDC,6.596e-05
2024-02-11 08:00:00.001,BTC/USDC:USDC,9.411e-05
2024-02-11 16:00:00.000,BTC/USDC:USDC,0.0001
2024-02-12 00:00:00.000,BTC/USDC:USDC,0.0001
2024-02-12 08:00:00.000,BTC/USDC:USDC,0.0001
2024-02-12 16:00:00.000,BTC/USDC:USDC,0.0001
2024-02-13 00:00:00.000,BTC/USDC:USDC,0.0001
2024-02-13 08:00:00.000,BTC/USDC:USDC,0.0001
2024-02-13 16:00:00.000,BTC/USDC:USDC,0.0001
2024-02-14 00:00:00.000,BTC/USDC:USDC,0.0001
2024-02-14 08:00:00.000,BTC/USDC:USDC,0.0001
2024-02-14 16:00:00.000,BTC/USDC:USDC,0.0001
2024-02-15 00:00:00.000,BTC/USDC:USDC,0.0001
2024-02-15 08:00:00.000,BTC/USDC:USDC,0.0001
2024-02-15 16:00:00.000,BTC/USDC:USDC,0.0001
2024-02-16 00:00:00.000,BTC/USDC:USDC,0.0001
2024-02-16 08:00:00.000,BTC/USDC:USDC,0.0001
2024-02-16 16:00:00.000,BTC/USDC:USDC,0.0001
2024-02-17 00:00:00.000,BTC/USDC:USDC,0.0001
2024-02-17 08:00:00.000,BTC/USDC:USDC,0.0001
2024-02-17 16:00:00.000,BTC/USDC:USDC,0.0001
2024-02-18 00:00:00.000,BTC/USDC:USDC,0.0001
2024-02-18 08:00:00.000,BTC/USDC:USDC,0.0001
2024-02-18 16:00:00.000,BTC/USDC:USDC,0.0001
2024-02-19 00:00:00.000,BTC/USDC:USDC,0.00013363
2024-02-19 08:00:00.000,BTC/USDC:USDC,0.00010047
2024-02-19 16:00:00.000,BTC/USDC:USDC,0.0001224
2024-02-20 00:00:00.000,BTC/USDC:USDC,0.0001
2024-02-20 08:00:00.000,BTC/USDC:USDC,0.00020801
2024-02-20 16:00:00.000,BTC/USDC:USDC,0.00018314
2024-02-21 00:00:00.000,BTC/USDC:USDC,0.0001
2024-02-21 08:00:00.000,BTC/USDC:USDC,0.0001
2024-02-21 16:00:00.000,BTC/USDC:USDC,0.0001
2024-02-22 00:00:00.001,BTC/USDC:USDC,0.0001
2024-02-22 08:00:00.001,BTC/USDC:USDC,0.00012666
2024-02-22 16:00:00.000,BTC/USDC:USDC,0.00015709
2024-02-23 00:00:00.000,BTC/USDC:USDC,0.0001
2024-02-23 08:00:00.000,BTC/USDC:USDC,0.0001
2024-02-23 16:00:00.000,BTC/USDC:USDC,0.00010109
2024-02-24 00:00:00.000,BTC/USDC:USDC,0.0001
2024-02-24 08:00:00.001,BTC/USDC:USDC,0.0001
2024-02-24 16:00:00.000,BTC/USDC:USDC,0.0001
2024-02-25 00:00:00.001,BTC/USDC:USDC,0.0001
2024-02-25 08:00:00.000,BTC/USDC:USDC,0.0001357
2024-02-25 16:00:00.000,BTC/USDC:USDC,0.00012748
2024-02-26 00:00:00.000,BTC/USDC:USDC,0.0001
2024-02-26 08:00:00.000,BTC/USDC:USDC,0.0001
2024-02-26 16:00:00.000,BTC/USDC:USDC,0.00016193
2024-02-27 00:00:00.000,BTC/USDC:USDC,0.0001
2024-02-27 08:00:00.000,BTC/USDC:USDC,0.00052289
2024-02-27 16:00:00.000,BTC/USDC:USDC,0.00018769
2024-02-28 00:00:00.000,BTC/USDC:USDC,0.0001
2024-02-28 08:00:00.000,BTC/USDC:USDC,0.00016869
2024-02-28 16:00:00.000,BTC/USDC:USDC,0.00045244
2024-02-29 00:00:00.000,BTC/USDC:USDC,0.00040231
2024-02-29 08:00:00.000,BTC/USDC:USDC,0.00066139
2024-02-29 16:00:00.000,BTC/USDC:USDC,0.00051006
2024-03-01 00:00:00.000,BTC/USDC:USDC,0.00048253
2024-03-01 08:00:00.000,BTC/USDC:USDC,0.00059742
2024-03-01 16:00:00.000,BTC/USDC:USDC,0.00036861
2024-03-02 00:00:00.000,BTC/USDC:USDC,0.00012804
2024-03-02 08:00:00.001,BTC/USDC:USDC,0.00028141
2024-03-02 16:00:00.000,BTC/USDC:USDC,0.0004004
2024-03-03 00:00:00.000,BTC/USDC:USDC,0.00031423
2024-03-03 08:00:00.000,BTC/USDC:USDC,0.00041298
2024-03-03 16:00:00.000,BTC/USDC:USDC,0.00040274
2024-03-04 00:00:00.000,BTC/USDC:USDC,0.00047488
2024-03-04 08:00:00.000,BTC/USDC:USDC,0.00052677
2024-03-04 16:00:00.000,BTC/USDC:USDC,0.00066336
2024-03-05 00:00:00.000,BTC/USDC:USDC,0.0003251
2024-03-05 08:00:00.000,BTC/USDC:USDC,0.00081885
2024-03-05 16:00:00.000,BTC/USDC:USDC,0.00075925
2024-03-06 00:00:00.000,BTC/USDC:USDC,0.00015494
2024-03-06 08:00:00.001,BTC/USDC:USDC,0.00027166
2024-03-06 16:00:00.000,BTC/USDC:USDC,0.00042833
2024-03-07 00:00:00.000,BTC/USDC:USDC,0.0001
2024-03-07 08:00:00.000,BTC/USDC:USDC,0.00031623
2024-03-07 16:00:00.000,BTC/USDC:USDC,0.00036485
2024-03-08 00:00:00.000,BTC/USDC:USDC,0.0001
2024-03-08 08:00:00.000,BTC/USDC:USDC,0.0001
2024-03-08 16:00:00.000,BTC/USDC:USDC,0.00036077
2024-03-09 00:00:00.000,BTC/USDC:USDC,0.0001
2024-03-09 08:00:00.001,BTC/USDC:USDC,0.0001
2024-03-09 16:00:00.000,BTC/USDC:USDC,0.0001
2024-03-10 00:00:00.000,BTC/USDC:USDC,0.0001
2024-03-10 08:00:00.000,BTC/USDC:USDC,0.00054706
2024-03-10 16:00:00.000,BTC/USDC:USDC,0.00057854
2024-03-11 00:00:00.000,BTC/USDC:USDC,0.000401
2024-03-11 08:00:00.000,BTC/USDC:USDC,0.00090388
2024-03-11 16:00:00.000,BTC/USDC:USDC,0.00058155
2024-03-12 00:00:00.000,BTC/USDC:USDC,0.00038027
2024-03-12 08:00:00.000,BTC/USDC:USDC,0.00061446
2024-03-12 16:00:00.000,BTC/USDC:USDC,0.00067721
2024-03-13 00:00:00.000,BTC/USDC:USDC,0.00048299
2024-03-13 08:00:00.001,BTC/USDC:USDC,0.00067239
2024-03-13 16:00:00.000,BTC/USDC:USDC,0.00042104
2024-03-14 00:00:00.001,BTC/USDC:USDC,0.00016927
2024-03-14 08:00:00.000,BTC/USDC:USDC,0.00042062
2024-03-14 16:00:00.000,BTC/USDC:USDC,0.0004866
2024-03-15 00:00:00.000,BTC/USDC:USDC,0.00046527
2024-03-15 08:00:00.000,BTC/USDC:USDC,0.00043866
2024-03-15 16:00:00.000,BTC/USDC:USDC,0.00034623
2024-03-16 00:00:00.000,BTC/USDC:USDC,0.00011563
2024-03-16 08:00:00.000,BTC/USDC:USDC,0.00037149
2024-03-16 16:00:00.000,BTC/USDC:USDC,0.00041366
2024-03-17 00:00:00.000,BTC/USDC:USDC,0.00036746
2024-03-17 08:00:00.000,BTC/USDC:USDC,0.00033676
2024-03-17 16:00:00.000,BTC/USDC:USDC,0.00047322
2024-03-18 00:00:00.000,BTC/USDC:USDC,0.00020364
2024-03-18 08:00:00.000,BTC/USDC:USDC,0.00035562
2024-03-18 16:00:00.001,BTC/USDC:USDC,0.00027511
2024-03-19 00:00:00.000,BTC/USDC:USDC,0.00025377
2024-03-19 08:00:00.000,BTC/USDC:USDC,0.00033006
2024-03-19 16:00:00.001,BTC/USDC:USDC,0.00029476
2024-03-20 00:00:00.000,BTC/USDC:USDC,0.00023088
2024-03-20 08:00:00.004,BTC/USDC:USDC,0.00023975
2024-03-20 16:00:00.000,BTC/USDC:USDC,0.0001
2024-03-21 00:00:00.000,BTC/USDC:USDC,0.0001
2024-03-21 08:00:00.000,BTC/USDC:USDC,0.0001
2024-03-21 16:00:00.000,BTC/USDC:USDC,0.00014802
2024-03-22 00:00:00.000,BTC/USDC:USDC,0.00014792
2024-03-22 08:00:00.000,BTC/USDC:USDC,0.0001
2024-03-22 16:00:00.000,BTC/USDC:USDC,0.00014957
2024-03-23 00:00:00.000,BTC/USDC:USDC,0.0001
2024-03-23 08:00:00.000,BTC/USDC:USDC,0.0001
2024-03-23 16:00:00.000,BTC/USDC:USDC,0.0001
2024-03-24 00:00:00.000,BTC/USDC:USDC,0.0001
2024-03-24 08:00:00.000,BTC/USDC:USDC,0.0001
2024-03-24 16:00:00.000,BTC/USDC:USDC,0.0001
2024-03-25 00:00:00.000,BTC/USDC:USDC,0.00015805
2024-03-25 08:00:00.001,BTC/USDC:USDC,0.00011726
2024-03-25 16:00:00.000,BTC/USDC:USDC,0.00026157
2024-03-26 00:00:00.000,BTC/USDC:USDC,0.00025168
2024-03-26 08:00:00.000,BTC/USDC:USDC,0.00022075
2024-03-26 16:00:00.000,BTC/USDC:USDC,0.00029492
2024-03-27 00:00:00.000,BTC/USDC:USDC,0.00033129
2024-03-27 08:00:00.001,BTC/USDC:USDC,0.00030134
2024-03-27 16:00:00.000,BTC/USDC:USDC,0.00043752
2024-03-28 00:00:00.000,BTC/USDC:USDC,0.00025435
2024-03-28 08:00:00.000,BTC/USDC:USDC,0.00032328
2024-03-28 16:00:00.000,BTC/USDC:USDC,0.0003688
2024-03-29 00:00:00.000,BTC/USDC:USDC,0.00018798
2024-03-29 08:00:00.000,BTC/USDC:USDC,0.00035098
2024-03-29 16:00:00.000,BTC/USDC:USDC,0.00035812
2024-03-30 00:00:00.000,BTC/USDC:USDC,0.00027526
2024-03-30 08:00:00.000,BTC/USDC:USDC,0.00039926
2024-03-30 16:00:00.000,BTC/USDC:USDC,0.00038281
2024-03-31 00:00:00.000,BTC/USDC:USDC,0.00038087
2024-03-31 08:00:00.000,BTC/USDC:USDC,0.00049065
2024-03-31 16:00:00.001,BTC/USDC:USDC,0.0004753
2024-04-01 00:00:00.000,BTC/USDC:USDC,0.0007532
2024-04-01 08:00:00.000,BTC/USDC:USDC,0.00036795
2024-04-01 16:00:00.000,BTC/USDC:USDC,0.00036225
2024-04-02 00:00:00.007,BTC/USDC:USDC,0.00015351
2024-04-02 08:00:00.015,BTC/USDC:USDC,0.0001
2024-04-02 16:00:00.000,BTC/USDC:USDC,0.00026221
2024-04-03 00:00:00.000,BTC/USDC:USDC,0.00010471
2024-04-03 08:00:00.000,BTC/USDC:USDC,0.00010557
2024-04-03 16:00:00.000,BTC/USDC:USDC,0.00013484
2024-04-04 00:00:00.000,BTC/USDC:USDC,0.0001
2024-04-04 08:00:00.000,BTC/USDC:USDC,0.0001
2024-04-04 16:00:00.000,BTC/USDC:USDC,0.0001
2024-04-05 00:00:00.000,BTC/USDC:USDC,0.0001
2024-04-05 08:00:00.000,BTC/USDC:USDC,0.0001
2024-04-05 16:00:00.000,BTC/USDC:USDC,0.0001
2024-04-06 00:00:00.000,BTC/USDC:USDC,0.0001
2024-04-06 08:00:00.000,BTC/USDC:USDC,0.0001
2024-04-06 16:00:00.000,BTC/USDC:USDC,0.0001
2024-04-07 00:00:00.000,BTC/USDC:USDC,0.0001
2024-04-07 08:00:00.000,BTC/USDC:USDC,0.0001
2024-04-07 16:00:00.000,BTC/USDC:USDC,0.0001
2024-04-08 00:00:00.001,BTC/USDC:USDC,0.0001
2024-04-08 08:00:00.000,BTC/USDC:USDC,0.0001
2024-04-08 16:00:00.006,BTC/USDC:USDC,0.00034279
2024-04-09 00:00:00.000,BTC/USDC:USDC,0.0001
2024-04-09 08:00:00.001,BTC/USDC:USDC,0.00013821
2024-04-09 16:00:00.001,BTC/USDC:USDC,0.00024574
2024-04-10 00:00:00.000,BTC/USDC:USDC,0.00012831
2024-04-10 08:00:00.001,BTC/USDC:USDC,0.0001
2024-04-10 16:00:00.000,BTC/USDC:USDC,0.0001
2024-04-11 00:00:00.000,BTC/USDC:USDC,0.0001
2024-04-11 08:00:00.000,BTC/USDC:USDC,0.0001
2024-04-11 16:00:00.000,BTC/USDC:USDC,0.0001
2024-04-12 00:00:00.000,BTC/USDC:USDC,0.0001
2024-04-12 08:00:00.001,BTC/USDC:USDC,0.0001
2024-04-12 16:00:00.000,BTC/USDC:USDC,0.0001
2024-04-13 00:00:00.000,BTC/USDC:USDC,0.0001
2024-04-13 08:00:00.000,BTC/USDC:USDC,0.0001
2024-04-13 16:00:00.001,BTC/USDC:USDC,0.0001
2024-04-14 00:00:00.000,BTC/USDC:USDC,0.0001
2024-04-14 08:00:00.000,BTC/USDC:USDC,0.0001
2024-04-14 16:00:00.000,BTC/USDC:USDC,0.0001
2024-04-15 00:00:00.000,BTC/USDC:USDC,0.0001
2024-04-15 08:00:00.001,BTC/USDC:USDC,2.937e-05
2024-04-15 16:00:00.000,BTC/USDC:USDC,9.886e-05
2024-04-16 00:00:00.001,BTC/USDC:USDC,0.0001
2024-04-16 08:00:00.000,BTC/USDC:USDC,6.58e-05
2024-04-16 16:00:00.000,BTC/USDC:USDC,-2.886e-05
2024-04-17 00:00:00.000,BTC/USDC:USDC,1.217e-05
2024-04-17 08:00:00.000,BTC/USDC:USDC,1.395e-05
2024-04-17 16:00:00.000,BTC/USDC:USDC,2.16e-05
2024-04-18 00:00:00.000,BTC/USDC:USDC,1.356e-05
2024-04-18 08:00:00.000,BTC/USDC:USDC,2.692e-05
2024-04-18 16:00:00.000,BTC/USDC:USDC,-6.304e-05
2024-04-19 00:00:00.001,BTC/USDC:USDC,-8.334e-05
2024-04-19 08:00:00.000,BTC/USDC:USDC,8.77e-05
2024-04-19 16:00:00.000,BTC/USDC:USDC,3.712e-05
2024-04-20 00:00:00.000,BTC/USDC:USDC,6.948e-05
2024-04-20 08:00:00.000,BTC/USDC:USDC,-9.47e-06
2024-04-20 16:00:00.000,BTC/USDC:USDC,2.322e-05
2024-04-21 00:00:00.000,BTC/USDC:USDC,4.363e-05
2024-04-21 08:00:00.000,BTC/USDC:USDC,2.263e-05
2024-04-21 16:00:00.000,BTC/USDC:USDC,8.962e-05
2024-04-22 00:00:00.000,BTC/USDC:USDC,8.771e-05
2024-04-22 08:00:00.000,BTC/USDC:USDC,4.017e-05
2024-04-22 16:00:00.000,BTC/USDC:USDC,1.625e-05
2024-04-23 00:00:00.000,BTC/USDC:USDC,-2.012e-05
2024-04-23 08:00:00.000,BTC/USDC:USDC,5.151e-05
2024-04-23 16:00:00.001,BTC/USDC:USDC,6.291e-05
2024-04-24 00:00:00.000,BTC/USDC:USDC,5.972e-05
2024-04-24 08:00:00.000,BTC/USDC:USDC,0.0001
2024-04-24 16:00:00.000,BTC/USDC:USDC,0.0001
2024-04-25 00:00:00.000,BTC/USDC:USDC,0.0001
2024-04-25 08:00:00.000,BTC/USDC:USDC,6.833e-05
2024-04-25 16:00:00.010,BTC/USDC:USDC,9.825e-05
2024-04-26 00:00:00.001,BTC/USDC:USDC,1.892e-05
2024-04-26 08:00:00.000,BTC/USDC:USDC,4.338e-05
2024-04-26 16:00:00.000,BTC/USDC:USDC,4.811e-05
2024-04-27 00:00:00.000,BTC/USDC:USDC,0.0001
2024-04-27 08:00:00.001,BTC/USDC:USDC,0.0001
2024-04-27 16:00:00.000,BTC/USDC:USDC,0.0001
2024-04-28 00:00:00.000,BTC/USDC:USDC,9.719e-05
2024-04-28 08:00:00.000,BTC/USDC:USDC,0.0001
2024-04-28 16:00:00.000,BTC/USDC:USDC,0.0001
2024-04-29 00:00:00.000,BTC/USDC:USDC,9.636e-05
2024-04-29 08:00:00.000,BTC/USDC:USDC,-1.225e-05
2024-04-29 16:00:00.000,BTC/USDC:USDC,9.88e-05
2024-04-30 00:00:00.000,BTC/USDC:USDC,0.0001
2024-04-30 08:00:00.000,BTC/USDC:USDC,0.0001
2024-04-30 16:00:00.000,BTC/USDC:USDC,0.0001
2024-05-01 00:00:00.000,BTC/USDC:USDC,0.0001
2024-05-01 08:00:00.000,BTC/USDC:USDC,0.0001
2024-05-01 16:00:00.000,BTC/USDC:USDC,0.0001
2024-05-02 00:00:00.000,BTC/USDC:USDC,0.0001
2024-05-02 08:00:00.000,BTC/USDC:USDC,0.0001
2024-05-02 16:00:00.002,BTC/USDC:USDC,-4.97e-05
2024-05-03 00:00:00.000,BTC/USDC:USDC,-3.661e-05
2024-05-03 08:00:00.000,BTC/USDC:USDC,-4.223e-05
2024-05-03 16:00:00.000,BTC/USDC:USDC,0.0001
2024-05-04 00:00:00.000,BTC/USDC:USDC,-2.028e-05
2024-05-04 08:00:00.000,BTC/USDC:USDC,-8.68e-06
2024-05-04 16:00:00.000,BTC/USDC:USDC,0.0001
2024-05-05 00:00:00.000,BTC/USDC:USDC,0.0001
2024-05-05 08:00:00.000,BTC/USDC:USDC,8.881e-05
2024-05-05 16:00:00.000,BTC/USDC:USDC,8.71e-05
2024-05-06 00:00:00.000,BTC/USDC:USDC,8.773e-05
2024-05-06 08:00:00.000,BTC/USDC:USDC,4.515e-05
2024-05-06 16:00:00.000,BTC/USDC:USDC,0.0001
2024-05-07 00:00:00.000,BTC/USDC:USDC,0.0001
2024-05-07 08:00:00.000,BTC/USDC:USDC,4.788e-05
2024-05-07 16:00:00.000,BTC/USDC:USDC,0.0001
2024-05-08 00:00:00.000,BTC/USDC:USDC,0.0001
2024-05-08 08:00:00.000,BTC/USDC:USDC,6.397e-05
2024-05-08 16:00:00.000,BTC/USDC:USDC,0.0001
2024-05-09 00:00:00.000,BTC/USDC:USDC,0.0001
2024-05-09 08:00:00.000,BTC/USDC:USDC,2.301e-05
2024-05-09 16:00:00.000,BTC/USDC:USDC,0.0001
2024-05-10 00:00:00.000,BTC/USDC:USDC,3.959e-05
2024-05-10 08:00:00.000,BTC/USDC:USDC,6.139e-05
2024-05-10 16:00:00.000,BTC/USDC:USDC,6.479e-05
2024-05-11 00:00:00.000,BTC/USDC:USDC,0.0001
2024-05-11 08:00:00.000,BTC/USDC:USDC,6.058e-05
2024-05-11 16:00:00.000,BTC/USDC:USDC,9.477e-05
2024-05-12 00:00:00.000,BTC/USDC:USDC,8.703e-05
2024-05-12 08:00:00.000,BTC/USDC:USDC,2.241e-05
2024-05-12 16:00:00.000,BTC/USDC:USDC,0.0001
2024-05-13 00:00:00.001,BTC/USDC:USDC,8.012e-05
2024-05-13 08:00:00.001,BTC/USDC:USDC,0.0001
2024-05-13 16:00:00.000,BTC/USDC:USDC,0.0001
2024-05-14 00:00:00.000,BTC/USDC:USDC,2.382e-05
2024-05-14 08:00:00.000,BTC/USDC:USDC,0.0001
2024-05-14 16:00:00.000,BTC/USDC:USDC,0.0001
2024-05-15 00:00:00.000,BTC/USDC:USDC,0.0001
2024-05-15 08:00:00.000,BTC/USDC:USDC,4.463e-05
2024-05-15 16:00:00.000,BTC/USDC:USDC,1.816e-05
2024-05-16 00:00:00.004,BTC/USDC:USDC,-7.87e-05
2024-05-16 08:00:00.000,BTC/USDC:USDC,6.793e-05
2024-05-16 16:00:00.000,BTC/USDC:USDC,-6.81e-06
2024-05-17 00:00:00.000,BTC/USDC:USDC,2.447e-05
2024-05-17 08:00:00.000,BTC/USDC:USDC,-1.04e-05
2024-05-17 16:00:00.000,BTC/USDC:USDC,4.036e-05
2024-05-18 00:00:00.000,BTC/USDC:USDC,-2.867e-05
2024-05-18 08:00:00.000,BTC/USDC:USDC,0.0001
2024-05-18 16:00:00.000,BTC/USDC:USDC,1.399e-05
2024-05-19 00:00:00.000,BTC/USDC:USDC,5.02e-05
2024-05-19 08:00:00.000,BTC/USDC:USDC,8.901e-05
2024-05-19 16:00:00.000,BTC/USDC:USDC,0.0001
2024-05-20 00:00:00.000,BTC/USDC:USDC,8.424e-05
2024-05-20 08:00:00.000,BTC/USDC:USDC,9.408e-05
2024-05-20 16:00:00.003,BTC/USDC:USDC,0.0001
2024-05-21 00:00:00.000,BTC/USDC:USDC,0.0001
2024-05-21 08:00:00.001,BTC/USDC:USDC,0.0001
2024-05-21 16:00:00.000,BTC/USDC:USDC,0.0001
2024-05-22 00:00:00.000,BTC/USDC:USDC,0.0001
2024-05-22 08:00:00.000,BTC/USDC:USDC,0.0001
2024-05-22 16:00:00.000,BTC/USDC:USDC,0.0001
2024-05-23 00:00:00.000,BTC/USDC:USDC,0.0001
2024-05-23 08:00:00.000,BTC/USDC:USDC,0.00010206
2024-05-23 16:00:00.000,BTC/USDC:USDC,0.0001235
2024-05-24 00:00:00.000,BTC/USDC:USDC,0.0001
2024-05-24 08:00:00.000,BTC/USDC:USDC,0.0001
2024-05-24 16:00:00.000,BTC/USDC:USDC,0.0001
2024-05-25 00:00:00.000,BTC/USDC:USDC,0.0001
2024-05-25 08:00:00.000,BTC/USDC:USDC,0.0001
2024-05-25 16:00:00.000,BTC/USDC:USDC,0.0001
2024-05-26 00:00:00.000,BTC/USDC:USDC,0.0001
2024-05-26 08:00:00.000,BTC/USDC:USDC,0.0001
2024-05-26 16:00:00.000,BTC/USDC:USDC,0.0001
2024-05-27 00:00:00.000,BTC/USDC:USDC,0.0001
2024-05-27 08:00:00.000,BTC/USDC:USDC,0.0001
2024-05-27 16:00:00.000,BTC/USDC:USDC,0.00022469
2024-05-28 00:00:00.000,BTC/USDC:USDC,0.00033353
2024-05-28 08:00:00.000,BTC/USDC:USDC,0.00010471
2024-05-28 16:00:00.000,BTC/USDC:USDC,0.00023393
2024-05-29 00:00:00.001,BTC/USDC:USDC,0.00026805
2024-05-29 08:00:00.000,BTC/USDC:USDC,0.00023169
2024-05-29 16:00:00.000,BTC/USDC:USDC,0.00016247
2024-05-30 00:00:00.000,BTC/USDC:USDC,0.00012426
2024-05-30 08:00:00.000,BTC/USDC:USDC,0.0001
2024-05-30 16:00:00.000,BTC/USDC:USDC,0.0001
2024-05-31 00:00:00.000,BTC/USDC:USDC,0.0001
2024-05-31 08:00:00.000,BTC/USDC:USDC,0.0001
2024-05-31 16:00:00.000,BTC/USDC:USDC,0.0001
2024-06-01 00:00:00.000,BTC/USDC:USDC,0.00016668
2024-06-01 08:00:00.000,BTC/USDC:USDC,0.0001
2024-06-01 16:00:00.001,BTC/USDC:USDC,0.0001
2024-06-02 00:00:00.000,BTC/USDC:USDC,0.0001
2024-06-02 08:00:00.000,BTC/USDC:USDC,0.0001
2024-06-02 16:00:00.000,BTC/USDC:USDC,0.0001
2024-06-03 00:00:00.000,BTC/USDC:USDC,0.0001
2024-06-03 08:00:00.000,BTC/USDC:USDC,0.0001
2024-06-03 16:00:00.000,BTC/USDC:USDC,0.0001
2024-06-04 00:00:00.000,BTC/USDC:USDC,0.0001
2024-06-04 08:00:00.000,BTC/USDC:USDC,0.0001
2024-06-04 16:00:00.000,BTC/USDC:USDC,0.0001
2024-06-05 00:00:00.000,BTC/USDC:USDC,0.0001
2024-06-05 08:00:00.000,BTC/USDC:USDC,0.00018459
2024-06-05 16:00:00.000,BTC/USDC:USDC,0.00014139
2024-06-06 00:00:00.000,BTC/USDC:USDC,0.0001
2024-06-06 08:00:00.008,BTC/USDC:USDC,0.0001
2024-06-06 16:00:00.000,BTC/USDC:USDC,0.00011156
2024-06-07 00:00:00.000,BTC/USDC:USDC,0.0001
2024-06-07 08:00:00.000,BTC/USDC:USDC,0.0001
2024-06-07 16:00:00.000,BTC/USDC:USDC,0.00016029
2024-06-08 00:00:00.000,BTC/USDC:USDC,0.0001
2024-06-08 08:00:00.000,BTC/USDC:USDC,0.0001
2024-06-08 16:00:00.000,BTC/USDC:USDC,0.0001
2024-06-09 00:00:00.000,BTC/USDC:USDC,0.0001
2024-06-09 08:00:00.000,BTC/USDC:USDC,0.0001
2024-06-09 16:00:00.001,BTC/USDC:USDC,0.0001
2024-06-10 00:00:00.000,BTC/USDC:USDC,0.0001
2024-06-10 08:00:00.000,BTC/USDC:USDC,0.0001
2024-06-10 16:00:00.001,BTC/USDC:USDC,0.0001
2024-06-11 00:00:00.001,BTC/USDC:USDC,0.0001
2024-06-11 08:00:00.000,BTC/USDC:USDC,0.0001
2024-06-11 16:00:00.000,BTC/USDC:USDC,0.0001
2024-06-12 00:00:00.000,BTC/USDC:USDC,0.0001
2024-06-12 08:00:00.000,BTC/USDC:USDC,0.0001
2024-06-12 16:00:00.000,BTC/USDC:USDC,0.0001
2024-06-13 00:00:00.000,BTC/USDC:USDC,0.0001
2024-06-13 08:00:00.001,BTC/USDC:USDC,0.0001
2024-06-13 16:00:00.000,BTC/USDC:USDC,0.0001
2024-06-14 00:00:00.000,BTC/USDC:USDC,0.0001
2024-06-14 08:00:00.000,BTC/USDC:USDC,0.0001
2024-06-14 16:00:00.000,BTC/USDC:USDC,0.0001
2024-06-15 00:00:00.000,BTC/USDC:USDC,0.0001
2024-06-15 08:00:00.000,BTC/USDC:USDC,0.0001
2024-06-15 16:00:00.000,BTC/USDC:USDC,0.0001
2024-06-16 00:00:00.001,BTC/USDC:USDC,0.0001
2024-06-16 08:00:00.000,BTC/USDC:USDC,0.0001
2024-06-16 16:00:00.000,BTC/USDC:USDC,0.0001
2024-06-17 00:00:00.000,BTC/USDC:USDC,0.0001
2024-06-17 08:00:00.000,BTC/USDC:USDC,0.0001
2024-06-17 16:00:00.000,BTC/USDC:USDC,0.0001
2024-06-18 00:00:00.000,BTC/USDC:USDC,0.0001
2024-06-18 08:00:00.000,BTC/USDC:USDC,0.0001
2024-06-18 16:00:00.000,BTC/USDC:USDC,0.0001
2024-06-19 00:00:00.001,BTC/USDC:USDC,0.0001
2024-06-19 08:00:00.001,BTC/USDC:USDC,2.344e-05
2024-06-19 16:00:00.000,BTC/USDC:USDC,6.855e-05
2024-06-20 00:00:00.000,BTC/USDC:USDC,0.0001
2024-06-20 08:00:00.000,BTC/USDC:USDC,0.0001
2024-06-20 16:00:00.000,BTC/USDC:USDC,0.0001
2024-06-21 00:00:00.000,BTC/USDC:USDC,0.0001
2024-06-21 08:00:00.000,BTC/USDC:USDC,0.0001
2024-06-21 16:00:00.000,BTC/USDC:USDC,0.0001
2024-06-22 00:00:00.000,BTC/USDC:USDC,0.0001
2024-06-22 08:00:00.000,BTC/USDC:USDC,0.0001
2024-06-22 16:00:00.000,BTC/USDC:USDC,0.0001
2024-06-23 00:00:00.000,BTC/USDC:USDC,0.0001
2024-06-23 08:00:00.000,BTC/USDC:USDC,0.0001
2024-06-23 16:00:00.000,BTC/USDC:USDC,0.0001
2024-06-24 00:00:00.002,BTC/USDC:USDC,0.0001
2024-06-24 08:00:00.000,BTC/USDC:USDC,0.0001
2024-06-24 16:00:00.000,BTC/USDC:USDC,0.0001
2024-06-25 00:00:00.000,BTC/USDC:USDC,-2.53e-06
2024-06-25 08:00:00.000,BTC/USDC:USDC,0.0001
2024-06-25 16:00:00.000,BTC/USDC:USDC,0.0001
2024-06-26 00:00:00.002,BTC/USDC:USDC,0.0001
2024-06-26 08:00:00.000,BTC/USDC:USDC,0.0001
2024-06-26 16:00:00.000,BTC/USDC:USDC,0.0001
2024-06-27 00:00:00.000,BTC/USDC:USDC,0.0001
2024-06-27 08:00:00.001,BTC/USDC:USDC,0.0001
2024-06-27 16:00:00.000,BTC/USDC:USDC,0.0001
2024-06-28 00:00:00.000,BTC/USDC:USDC,0.0001
2024-06-28 08:00:00.000,BTC/USDC:USDC,0.0001
2024-06-28 16:00:00.000,BTC/USDC:USDC,0.0001
2024-06-29 00:00:00.001,BTC/USDC:USDC,0.0001
2024-06-29 08:00:00.000,BTC/USDC:USDC,0.0001
2024-06-29 16:00:00.000,BTC/USDC:USDC,0.0001
2024-06-30 00:00:00.000,BTC/USDC:USDC,0.0001
2024-06-30 08:00:00.000,BTC/USDC:USDC,0.0001
2024-06-30 16:00:00.000,BTC/USDC:USDC,0.0001
2024-07-01 00:00:00.000,BTC/USDC:USDC,0.0001
2024-07-01 08:00:00.000,BTC/USDC:USDC,0.0001
2024-07-01 16:00:00.001,BTC/USDC:USDC,0.0001
2024-07-02 00:00:00.000,BTC/USDC:USDC,0.0001
2024-07-02 08:00:00.000,BTC/USDC:USDC,0.0001
2024-07-02 16:00:00.000,BTC/USDC:USDC,0.0001
2024-07-03 00:00:00.000,BTC/USDC:USDC,0.0001
2024-07-03 08:00:00.001,BTC/USDC:USDC,0.0001
2024-07-03 16:00:00.000,BTC/USDC:USDC,0.0001
2024-07-04 00:00:00.000,BTC/USDC:USDC,0.0001
2024-07-04 08:00:00.000,BTC/USDC:USDC,0.0001
2024-07-04 16:00:00.000,BTC/USDC:USDC,0.0001
2024-07-05 00:00:00.000,BTC/USDC:USDC,6.639e-05
2024-07-05 08:00:00.000,BTC/USDC:USDC,-1.368e-05
2024-07-05 16:00:00.000,BTC/USDC:USDC,4.92e-06
2024-07-06 00:00:00.000,BTC/USDC:USDC,2.476e-05
2024-07-06 08:00:00.000,BTC/USDC:USDC,8.6e-05
2024-07-06 16:00:00.000,BTC/USDC:USDC,4.946e-05
2024-07-07 00:00:00.001,BTC/USDC:USDC,5.995e-05
2024-07-07 08:00:00.000,BTC/USDC:USDC,0.0001
2024-07-07 16:00:00.000,BTC/USDC:USDC,0.0001
2024-07-08 00:00:00.000,BTC/USDC:USDC,0.0001
2024-07-08 08:00:00.000,BTC/USDC:USDC,0.0001
2024-07-08 16:00:00.000,BTC/USDC:USDC,0.0001
2024-07-09 00:00:00.000,BTC/USDC:USDC,0.0001
2024-07-09 08:00:00.001,BTC/USDC:USDC,-7.01e-06
2024-07-09 16:00:00.000,BTC/USDC:USDC,0.0001
2024-07-10 00:00:00.000,BTC/USDC:USDC,0.0001
2024-07-10 08:00:00.000,BTC/USDC:USDC,6.048e-05
2024-07-10 16:00:00.000,BTC/USDC:USDC,0.0001
2024-07-11 00:00:00.002,BTC/USDC:USDC,0.0001
2024-07-11 08:00:00.002,BTC/USDC:USDC,9.484e-05
2024-07-11 16:00:00.004,BTC/USDC:USDC,8.646e-05
2024-07-12 00:00:00.000,BTC/USDC:USDC,4.494e-05
2024-07-12 08:00:00.000,BTC/USDC:USDC,5.94e-05
2024-07-12 16:00:00.000,BTC/USDC:USDC,6.322e-05
2024-07-13 00:00:00.000,BTC/USDC:USDC,9.959e-05
2024-07-13 08:00:00.000,BTC/USDC:USDC,8.783e-05
2024-07-13 16:00:00.000,BTC/USDC:USDC,4.889e-05
2024-07-14 00:00:00.000,BTC/USDC:USDC,0.0001
2024-07-14 08:00:00.000,BTC/USDC:USDC,0.0001
2024-07-14 16:00:00.000,BTC/USDC:USDC,0.0001
2024-07-15 00:00:00.000,BTC/USDC:USDC,0.0001
2024-07-15 08:00:00.000,BTC/USDC:USDC,4.355e-05
2024-07-15 16:00:00.000,BTC/USDC:USDC,8.995e-05
2024-07-16 00:00:00.000,BTC/USDC:USDC,3.06e-06
2024-07-16 08:00:00.000,BTC/USDC:USDC,0.0001
2024-07-16 16:00:00.000,BTC/USDC:USDC,0.0001
2024-07-17 00:00:00.000,BTC/USDC:USDC,-5.01e-06
2024-07-17 08:00:00.001,BTC/USDC:USDC,6.582e-05
2024-07-17 16:00:00.000,BTC/USDC:USDC,3.706e-05
2024-07-18 00:00:00.000,BTC/USDC:USDC,1.26e-06
2024-07-18 08:00:00.000,BTC/USDC:USDC,1.21e-05
2024-07-18 16:00:00.000,BTC/USDC:USDC,1.867e-05
2024-07-19 00:00:00.000,BTC/USDC:USDC,3.956e-05
2024-07-19 08:00:00.000,BTC/USDC:USDC,4.445e-05
2024-07-19 16:00:00.000,BTC/USDC:USDC,0.0001
2024-07-20 00:00:00.001,BTC/USDC:USDC,-2.941e-05
2024-07-20 08:00:00.000,BTC/USDC:USDC,8.025e-05
2024-07-20 16:00:00.000,BTC/USDC:USDC,0.0001
2024-07-21 00:00:00.000,BTC/USDC:USDC,7.698e-05
2024-07-21 08:00:00.000,BTC/USDC:USDC,8.837e-05
2024-07-21 16:00:00.000,BTC/USDC:USDC,5.499e-05
2024-07-22 00:00:00.000,BTC/USDC:USDC,8.674e-05
2024-07-22 08:00:00.000,BTC/USDC:USDC,8.494e-05
2024-07-22 16:00:00.000,BTC/USDC:USDC,8.411e-05
2024-07-23 00:00:00.000,BTC/USDC:USDC,-2.336e-05
2024-07-23 08:00:00.000,BTC/USDC:USDC,6.826e-05
2024-07-23 16:00:00.000,BTC/USDC:USDC,2.97e-05
2024-07-24 00:00:00.000,BTC/USDC:USDC,0.0001
2024-07-24 08:00:00.000,BTC/USDC:USDC,0.0001
2024-07-24 16:00:00.000,BTC/USDC:USDC,7.232e-05
2024-07-25 00:00:00.000,BTC/USDC:USDC,0.0001
2024-07-25 08:00:00.000,BTC/USDC:USDC,0.0001
2024-07-25 16:00:00.000,BTC/USDC:USDC,0.0001
2024-07-26 00:00:00.000,BTC/USDC:USDC,7.743e-05
2024-07-26 08:00:00.000,BTC/USDC:USDC,6.639e-05
2024-07-26 16:00:00.000,BTC/USDC:USDC,4.38e-05
2024-07-27 00:00:00.000,BTC/USDC:USDC,2.239e-05
2024-07-27 08:00:00.000,BTC/USDC:USDC,6.474e-05
2024-07-27 16:00:00.000,BTC/USDC:USDC,0.0001
2024-07-28 00:00:00.000,BTC/USDC:USDC,9.939e-05
2024-07-28 08:00:00.000,BTC/USDC:USDC,5.836e-05
2024-07-28 16:00:00.001,BTC/USDC:USDC,5.516e-05
2024-07-29 00:00:00.001,BTC/USDC:USDC,0.0001
2024-07-29 08:00:00.000,BTC/USDC:USDC,0.0001
2024-07-29 16:00:00.001,BTC/USDC:USDC,0.0001
2024-07-30 00:00:00.000,BTC/USDC:USDC,8.87e-06
2024-07-30 08:00:00.001,BTC/USDC:USDC,6.009e-05
2024-07-30 16:00:00.000,BTC/USDC:USDC,0.0001
2024-07-31 00:00:00.000,BTC/USDC:USDC,8.475e-05
2024-07-31 08:00:00.000,BTC/USDC:USDC,7.182e-05
2024-07-31 16:00:00.000,BTC/USDC:USDC,0.0001
2024-08-01 00:00:00.000,BTC/USDC:USDC,6.737e-05
2024-08-01 08:00:00.000,BTC/USDC:USDC,0.0001
2024-08-01 16:00:00.000,BTC/USDC:USDC,0.0001
2024-08-02 00:00:00.000,BTC/USDC:USDC,0.0001
2024-08-02 08:00:00.001,BTC/USDC:USDC,6.973e-05
2024-08-02 16:00:00.000,BTC/USDC:USDC,7.496e-05
2024-08-03 00:00:00.000,BTC/USDC:USDC,5.35e-05
2024-08-03 08:00:00.000,BTC/USDC:USDC,6.285e-05
2024-08-03 16:00:00.001,BTC/USDC:USDC,-1.371e-05
2024-08-04 00:00:00.000,BTC/USDC:USDC,2.546e-05
2024-08-04 08:00:00.000,BTC/USDC:USDC,-3.11e-06
2024-08-04 16:00:00.000,BTC/USDC:USDC,2.05e-06
2024-08-05 00:00:00.000,BTC/USDC:USDC,-5.121e-05
2024-08-05 08:00:00.000,BTC/USDC:USDC,-6.848e-05
2024-08-05 16:00:00.000,BTC/USDC:USDC,-2.436e-05
2024-08-06 00:00:00.000,BTC/USDC:USDC,2.652e-05
2024-08-06 08:00:00.000,BTC/USDC:USDC,-6.232e-05
2024-08-06 16:00:00.000,BTC/USDC:USDC,3.715e-05
2024-08-07 00:00:00.000,BTC/USDC:USDC,-5.574e-05
2024-08-07 08:00:00.001,BTC/USDC:USDC,-4.673e-05
2024-08-07 16:00:00.000,BTC/USDC:USDC,-1.245e-05
2024-08-08 00:00:00.001,BTC/USDC:USDC,-2.887e-05
2024-08-08 08:00:00.000,BTC/USDC:USDC,3.354e-05
2024-08-08 16:00:00.000,BTC/USDC:USDC,-2.569e-05
2024-08-09 00:00:00.000,BTC/USDC:USDC,2.99e-06
2024-08-09 08:00:00.000,BTC/USDC:USDC,0.0001
2024-08-09 16:00:00.000,BTC/USDC:USDC,-2.8e-06
2024-08-10 00:00:00.000,BTC/USDC:USDC,-3.393e-05
2024-08-10 08:00:00.000,BTC/USDC:USDC,3.111e-05
2024-08-10 16:00:00.000,BTC/USDC:USDC,4.624e-05
2024-08-11 00:00:00.000,BTC/USDC:USDC,1.803e-05
2024-08-11 08:00:00.000,BTC/USDC:USDC,1.76e-06
2024-08-11 16:00:00.001,BTC/USDC:USDC,-1.239e-05
2024-08-12 00:00:00.000,BTC/USDC:USDC,3.766e-05
2024-08-12 08:00:00.000,BTC/USDC:USDC,6.356e-05
2024-08-12 16:00:00.000,BTC/USDC:USDC,-1.207e-05
2024-08-13 00:00:00.000,BTC/USDC:USDC,4.592e-05
2024-08-13 08:00:00.000,BTC/USDC:USDC,3.174e-05
2024-08-13 16:00:00.000,BTC/USDC:USDC,6.17e-06
2024-08-14 00:00:00.000,BTC/USDC:USDC,2.618e-05
2024-08-14 08:00:00.000,BTC/USDC:USDC,-4.456e-05
2024-08-14 16:00:00.000,BTC/USDC:USDC,-0.00010192
2024-08-15 00:00:00.000,BTC/USDC:USDC,-3.668e-05
2024-08-15 08:00:00.000,BTC/USDC:USDC,3.384e-05
2024-08-15 16:00:00.000,BTC/USDC:USDC,8.36e-06
2024-08-16 00:00:00.000,BTC/USDC:USDC,-0.00012576
2024-08-16 08:00:00.000,BTC/USDC:USDC,2.861e-05
2024-08-16 16:00:00.000,BTC/USDC:USDC,6.062e-05
2024-08-17 00:00:00.000,BTC/USDC:USDC,3.871e-05
2024-08-17 08:00:00.000,BTC/USDC:USDC,5.144e-05
2024-08-17 16:00:00.000,BTC/USDC:USDC,3.59e-05
2024-08-18 00:00:00.000,BTC/USDC:USDC,6.216e-05
2024-08-18 08:00:00.000,BTC/USDC:USDC,7.767e-05
2024-08-18 16:00:00.000,BTC/USDC:USDC,6.149e-05
2024-08-19 00:00:00.000,BTC/USDC:USDC,-8.96e-06
2024-08-19 08:00:00.000,BTC/USDC:USDC,4.477e-05
2024-08-19 16:00:00.002,BTC/USDC:USDC,-1.57e-05
2024-08-20 00:00:00.000,BTC/USDC:USDC,-2.915e-05
2024-08-20 08:00:00.000,BTC/USDC:USDC,-1.1e-06
2024-08-20 16:00:00.001,BTC/USDC:USDC,-2.81e-05
2024-08-21 00:00:00.001,BTC/USDC:USDC,-6.931e-05
2024-08-21 08:00:00.000,BTC/USDC:USDC,-9.7e-07
2024-08-21 16:00:00.001,BTC/USDC:USDC,2.075e-05
2024-08-22 00:00:00.000,BTC/USDC:USDC,3.35e-06
2024-08-22 08:00:00.000,BTC/USDC:USDC,4.52e-05
2024-08-22 16:00:00.008,BTC/USDC:USDC,-2.992e-05
2024-08-23 00:00:00.000,BTC/USDC:USDC,-2.63e-05
2024-08-23 08:00:00.000,BTC/USDC:USDC,-1.58e-06
2024-08-23 16:00:00.000,BTC/USDC:USDC,4.595e-05
2024-08-24 00:00:00.000,BTC/USDC:USDC,-4.917e-05
2024-08-24 08:00:00.005,BTC/USDC:USDC,5.437e-05
2024-08-24 16:00:00.000,BTC/USDC:USDC,9.002e-05
2024-08-25 00:00:00.000,BTC/USDC:USDC,8.886e-05
2024-08-25 08:00:00.000,BTC/USDC:USDC,2.418e-05
2024-08-25 16:00:00.000,BTC/USDC:USDC,8.301e-05
2024-08-26 00:00:00.000,BTC/USDC:USDC,6.94e-05
2024-08-26 08:00:00.001,BTC/USDC:USDC,7.245e-05
2024-08-26 16:00:00.000,BTC/USDC:USDC,5.211e-05
2024-08-27 00:00:00.001,BTC/USDC:USDC,1.511e-05
2024-08-27 08:00:00.000,BTC/USDC:USDC,5e-05
2024-08-27 16:00:00.000,BTC/USDC:USDC,5.407e-05
2024-08-28 00:00:00.000,BTC/USDC:USDC,-7.219e-05
2024-08-28 08:00:00.000,BTC/USDC:USDC,-7.28e-06
2024-08-28 16:00:00.001,BTC/USDC:USDC,9.55e-06
2024-08-29 00:00:00.000,BTC/USDC:USDC,6.93e-06
2024-08-29 08:00:00.001,BTC/USDC:USDC,-6.161e-05
2024-08-29 16:00:00.000,BTC/USDC:USDC,-1.132e-05
2024-08-30 00:00:00.000,BTC/USDC:USDC,1.454e-05
2024-08-30 08:00:00.000,BTC/USDC:USDC,2.084e-05
2024-08-30 16:00:00.000,BTC/USDC:USDC,4.79e-05
2024-08-31 00:00:00.000,BTC/USDC:USDC,2.175e-05
2024-08-31 08:00:00.000,BTC/USDC:USDC,4.094e-05
2024-08-31 16:00:00.000,BTC/USDC:USDC,-2.3e-06
2024-09-01 00:00:00.000,BTC/USDC:USDC,3.1e-05
2024-09-01 08:00:00.001,BTC/USDC:USDC,-2.584e-05
2024-09-01 16:00:00.000,BTC/USDC:USDC,1.41e-06
2024-09-02 00:00:00.001,BTC/USDC:USDC,-4.639e-05
2024-09-02 08:00:00.001,BTC/USDC:USDC,2.64e-05
2024-09-02 16:00:00.000,BTC/USDC:USDC,4.729e-05
2024-09-03 00:00:00.000,BTC/USDC:USDC,5.406e-05
2024-09-03 08:00:00.001,BTC/USDC:USDC,5.934e-05
2024-09-03 16:00:00.000,BTC/USDC:USDC,4.032e-05
2024-09-04 00:00:00.000,BTC/USDC:USDC,1.661e-05
2024-09-04 08:00:00.000,BTC/USDC:USDC,-3.818e-05
2024-09-04 16:00:00.000,BTC/USDC:USDC,-7.492e-05
2024-09-05 00:00:00.000,BTC/USDC:USDC,6.183e-05
2024-09-05 08:00:00.000,BTC/USDC:USDC,-1.476e-05
2024-09-05 16:00:00.005,BTC/USDC:USDC,1.509e-05
2024-09-06 00:00:00.000,BTC/USDC:USDC,7.094e-05
2024-09-06 08:00:00.001,BTC/USDC:USDC,4.932e-05
2024-09-06 16:00:00.000,BTC/USDC:USDC,1.863e-05
2024-09-07 00:00:00.000,BTC/USDC:USDC,2.714e-05
2024-09-07 08:00:00.000,BTC/USDC:USDC,1.178e-05
2024-09-07 16:00:00.000,BTC/USDC:USDC,-6.314e-05
2024-09-08 00:00:00.000,BTC/USDC:USDC,-1.676e-05
2024-09-08 08:00:00.000,BTC/USDC:USDC,-1.065e-05
2024-09-08 16:00:00.000,BTC/USDC:USDC,-1.549e-05
2024-09-09 00:00:00.000,BTC/USDC:USDC,-1.778e-05
2024-09-09 08:00:00.000,BTC/USDC:USDC,-3.273e-05
2024-09-09 16:00:00.001,BTC/USDC:USDC,-4.58e-05
2024-09-10 00:00:00.000,BTC/USDC:USDC,-3.988e-05
2024-09-10 08:00:00.000,BTC/USDC:USDC,-1.211e-05
2024-09-10 16:00:00.000,BTC/USDC:USDC,3.274e-05
2024-09-11 00:00:00.000,BTC/USDC:USDC,-2.721e-05
2024-09-11 08:00:00.000,BTC/USDC:USDC,-4.12e-06
2024-09-11 16:00:00.000,BTC/USDC:USDC,-5.31e-06
2024-09-12 00:00:00.000,BTC/USDC:USDC,-7.352e-05
2024-09-12 08:00:00.000,BTC/USDC:USDC,7.05e-06
2024-09-12 16:00:00.000,BTC/USDC:USDC,2.917e-05
2024-09-13 00:00:00.000,BTC/USDC:USDC,1.402e-05
2024-09-13 08:00:00.001,BTC/USDC:USDC,3.301e-05
2024-09-13 16:00:00.001,BTC/USDC:USDC,4.581e-05
2024-09-14 00:00:00.000,BTC/USDC:USDC,-7.436e-05
2024-09-14 08:00:00.000,BTC/USDC:USDC,2.394e-05
2024-09-14 16:00:00.001,BTC/USDC:USDC,4.476e-05
2024-09-15 00:00:00.000,BTC/USDC:USDC,3.965e-05
2024-09-15 08:00:00.000,BTC/USDC:USDC,-7.4e-06
2024-09-15 16:00:00.000,BTC/USDC:USDC,3.469e-05
2024-09-16 00:00:00.000,BTC/USDC:USDC,7.177e-05
2024-09-16 08:00:00.001,BTC/USDC:USDC,9.002e-05
2024-09-16 16:00:00.000,BTC/USDC:USDC,5.566e-05
2024-09-17 00:00:00.001,BTC/USDC:USDC,7.825e-05
2024-09-17 08:00:00.000,BTC/USDC:USDC,6.085e-05
2024-09-17 16:00:00.000,BTC/USDC:USDC,9.791e-05
2024-09-18 00:00:00.000,BTC/USDC:USDC,1.839e-05
2024-09-18 08:00:00.000,BTC/USDC:USDC,4.152e-05
2024-09-18 16:00:00.004,BTC/USDC:USDC,2.179e-05
2024-09-19 00:00:00.000,BTC/USDC:USDC,-5.92e-06
2024-09-19 08:00:00.000,BTC/USDC:USDC,3.975e-05
2024-09-19 16:00:00.001,BTC/USDC:USDC,2.425e-05
2024-09-20 00:00:00.000,BTC/USDC:USDC,5.857e-05
2024-09-20 08:00:00.001,BTC/USDC:USDC,3.08e-06
2024-09-20 16:00:00.000,BTC/USDC:USDC,8.169e-05
2024-09-21 00:00:00.001,BTC/USDC:USDC,4.129e-05
2024-09-21 08:00:00.000,BTC/USDC:USDC,8.97e-05
2024-09-21 16:00:00.000,BTC/USDC:USDC,6.744e-05
2024-09-22 00:00:00.000,BTC/USDC:USDC,6.092e-05
2024-09-22 08:00:00.000,BTC/USDC:USDC,4.879e-05
2024-09-22 16:00:00.000,BTC/USDC:USDC,0.0001
2024-09-23 00:00:00.000,BTC/USDC:USDC,6.345e-05
2024-09-23 08:00:00.000,BTC/USDC:USDC,3.45e-05
2024-09-23 16:00:00.000,BTC/USDC:USDC,4.525e-05
2024-09-24 00:00:00.000,BTC/USDC:USDC,4.861e-05
2024-09-24 08:00:00.000,BTC/USDC:USDC,7.25e-05
2024-09-24 16:00:00.001,BTC/USDC:USDC,4.332e-05
2024-09-25 00:00:00.000,BTC/USDC:USDC,6.417e-05
2024-09-25 08:00:00.003,BTC/USDC:USDC,4.466e-05
2024-09-25 16:00:00.000,BTC/USDC:USDC,6.573e-05
2024-09-26 00:00:00.005,BTC/USDC:USDC,6.083e-05
2024-09-26 08:00:00.000,BTC/USDC:USDC,0.0001
2024-09-26 16:00:00.000,BTC/USDC:USDC,0.0001
2024-09-27 00:00:00.000,BTC/USDC:USDC,0.0001
2024-09-27 08:00:00.000,BTC/USDC:USDC,1.595e-05
2024-09-27 16:00:00.000,BTC/USDC:USDC,9.22e-05
2024-09-28 00:00:00.000,BTC/USDC:USDC,3.464e-05
2024-09-28 08:00:00.001,BTC/USDC:USDC,3.955e-05
2024-09-28 16:00:00.000,BTC/USDC:USDC,0.0001
2024-09-29 00:00:00.001,BTC/USDC:USDC,4.618e-05
2024-09-29 08:00:00.000,BTC/USDC:USDC,7.733e-05
2024-09-29 16:00:00.000,BTC/USDC:USDC,7.858e-05
2024-09-30 00:00:00.000,BTC/USDC:USDC,8.752e-05
2024-09-30 08:00:00.001,BTC/USDC:USDC,2.636e-05
2024-09-30 16:00:00.000,BTC/USDC:USDC,0.0001
2024-10-01 00:00:00.000,BTC/USDC:USDC,7.187e-05
2024-10-01 08:00:00.000,BTC/USDC:USDC,0.0001
2024-10-01 16:00:00.001,BTC/USDC:USDC,5.545e-05
2024-10-02 00:00:00.000,BTC/USDC:USDC,-4.26e-06
2024-10-02 08:00:00.000,BTC/USDC:USDC,2.214e-05
2024-10-02 16:00:00.000,BTC/USDC:USDC,8.546e-05
2024-10-03 00:00:00.000,BTC/USDC:USDC,0.0001
2024-10-03 08:00:00.000,BTC/USDC:USDC,3.431e-05
2024-10-03 16:00:00.000,BTC/USDC:USDC,6.804e-05
2024-10-04 00:00:00.000,BTC/USDC:USDC,4.416e-05
2024-10-04 08:00:00.000,BTC/USDC:USDC,3.121e-05
2024-10-04 16:00:00.001,BTC/USDC:USDC,7.643e-05
2024-10-05 00:00:00.000,BTC/USDC:USDC,1.969e-05
2024-10-05 08:00:00.000,BTC/USDC:USDC,6.184e-05
2024-10-05 16:00:00.000,BTC/USDC:USDC,6.643e-05
2024-10-06 00:00:00.000,BTC/USDC:USDC,0.0001
2024-10-06 08:00:00.001,BTC/USDC:USDC,0.0001
2024-10-06 16:00:00.000,BTC/USDC:USDC,7.702e-05
2024-10-07 00:00:00.000,BTC/USDC:USDC,3.635e-05
2024-10-07 08:00:00.000,BTC/USDC:USDC,5.152e-05
2024-10-07 16:00:00.001,BTC/USDC:USDC,0.0001
2024-10-08 00:00:00.000,BTC/USDC:USDC,-4.598e-05
2024-10-08 08:00:00.000,BTC/USDC:USDC,9.711e-05
2024-10-08 16:00:00.000,BTC/USDC:USDC,0.0001
2024-10-09 00:00:00.000,BTC/USDC:USDC,6.731e-05
2024-10-09 08:00:00.000,BTC/USDC:USDC,9.064e-05
2024-10-09 16:00:00.000,BTC/USDC:USDC,0.0001
2024-10-10 00:00:00.000,BTC/USDC:USDC,3.468e-05
2024-10-10 08:00:00.000,BTC/USDC:USDC,0.0001
2024-10-10 16:00:00.000,BTC/USDC:USDC,0.0001
2024-10-11 00:00:00.000,BTC/USDC:USDC,1.84e-05
2024-10-11 08:00:00.000,BTC/USDC:USDC,4.97e-05
2024-10-11 16:00:00.001,BTC/USDC:USDC,7.149e-05
2024-10-12 00:00:00.000,BTC/USDC:USDC,3.792e-05
2024-10-12 08:00:00.001,BTC/USDC:USDC,9.324e-05
2024-10-12 16:00:00.000,BTC/USDC:USDC,3.938e-05
2024-10-13 00:00:00.000,BTC/USDC:USDC,6.746e-05
2024-10-13 08:00:00.000,BTC/USDC:USDC,0.0001
2024-10-13 16:00:00.000,BTC/USDC:USDC,0.0001
2024-10-14 00:00:00.000,BTC/USDC:USDC,9.349e-05
2024-10-14 08:00:00.000,BTC/USDC:USDC,0.0001
2024-10-14 16:00:00.000,BTC/USDC:USDC,0.0001
2024-10-15 00:00:00.000,BTC/USDC:USDC,0.0001
2024-10-15 08:00:00.000,BTC/USDC:USDC,0.0001
2024-10-15 16:00:00.000,BTC/USDC:USDC,0.0001
2024-10-16 00:00:00.000,BTC/USDC:USDC,8.649e-05
2024-10-16 08:00:00.001,BTC/USDC:USDC,0.0001
2024-10-16 16:00:00.000,BTC/USDC:USDC,0.0001
2024-10-17 00:00:00.000,BTC/USDC:USDC,6.525e-05
2024-10-17 08:00:00.000,BTC/USDC:USDC,3.002e-05
2024-10-17 16:00:00.001,BTC/USDC:USDC,0.0001
2024-10-18 00:00:00.010,BTC/USDC:USDC,9.086e-05
2024-10-18 08:00:00.001,BTC/USDC:USDC,5.269e-05
2024-10-18 16:00:00.000,BTC/USDC:USDC,9.546e-05
2024-10-19 00:00:00.000,BTC/USDC:USDC,7.198e-05
2024-10-19 08:00:00.000,BTC/USDC:USDC,0.0001
2024-10-19 16:00:00.000,BTC/USDC:USDC,0.0001
2024-10-20 00:00:00.000,BTC/USDC:USDC,6.186e-05
2024-10-20 08:00:00.000,BTC/USDC:USDC,0.0001
2024-10-20 16:00:00.000,BTC/USDC:USDC,0.0001
2024-10-21 00:00:00.000,BTC/USDC:USDC,0.0001
2024-10-21 08:00:00.000,BTC/USDC:USDC,0.0001
2024-10-21 16:00:00.000,BTC/USDC:USDC,0.0001
2024-10-22 00:00:00.000,BTC/USDC:USDC,0.0001
2024-10-22 08:00:00.000,BTC/USDC:USDC,0.0001
2024-10-22 16:00:00.000,BTC/USDC:USDC,0.0001
2024-10-23 00:00:00.000,BTC/USDC:USDC,0.0001
2024-10-23 08:00:00.000,BTC/USDC:USDC,0.0001
2024-10-23 16:00:00.000,BTC/USDC:USDC,0.0001
2024-10-24 00:00:00.000,BTC/USDC:USDC,0.0001
2024-10-24 08:00:00.000,BTC/USDC:USDC,0.0001
2024-10-24 16:00:00.000,BTC/USDC:USDC,0.0001
2024-10-25 00:00:00.000,BTC/USDC:USDC,0.0001
2024-10-25 08:00:00.000,BTC/USDC:USDC,0.0001
2024-10-25 16:00:00.000,BTC/USDC:USDC,0.0001
2024-10-26 00:00:00.000,BTC/USDC:USDC,0.0001
2024-10-26 08:00:00.001,BTC/USDC:USDC,0.0001
2024-10-26 16:00:00.000,BTC/USDC:USDC,0.0001
2024-10-27 00:00:00.000,BTC/USDC:USDC,0.0001
2024-10-27 08:00:00.000,BTC/USDC:USDC,0.0001
2024-10-27 16:00:00.000,BTC/USDC:USDC,9.895e-05
2024-10-28 00:00:00.000,BTC/USDC:USDC,0.0001
2024-10-28 08:00:00.001,BTC/USDC:USDC,0.0001
2024-10-28 16:00:00.000,BTC/USDC:USDC,0.0001
2024-10-29 00:00:00.000,BTC/USDC:USDC,0.0001
2024-10-29 08:00:00.000,BTC/USDC:USDC,0.0001
2024-10-29 16:00:00.004,BTC/USDC:USDC,0.0001
2024-10-30 00:00:00.000,BTC/USDC:USDC,0.0001
2024-10-30 08:00:00.000,BTC/USDC:USDC,0.0001
2024-10-30 16:00:00.013,BTC/USDC:USDC,0.0001
2024-10-31 00:00:00.000,BTC/USDC:USDC,0.0001
2024-10-31 08:00:00.000,BTC/USDC:USDC,0.0001
2024-10-31 16:00:00.000,BTC/USDC:USDC,0.0001
2024-11-01 00:00:00.000,BTC/USDC:USDC,0.0001
2024-11-01 08:00:00.000,BTC/USDC:USDC,0.0001
2024-11-01 16:00:00.000,BTC/USDC:USDC,0.0001
2024-11-02 00:00:00.000,BTC/USDC:USDC,0.0001
2024-11-02 08:00:00.000,BTC/USDC:USDC,0.0001
2024-11-02 16:00:00.000,BTC/USDC:USDC,0.0001
2024-11-03 00:00:00.000,BTC/USDC:USDC,8.434e-05
2024-11-03 08:00:00.000,BTC/USDC:USDC,0.0001
2024-11-03 16:00:00.000,BTC/USDC:USDC,9.734e-05
2024-11-04 00:00:00.000,BTC/USDC:USDC,0.0001
2024-11-04 08:00:00.000,BTC/USDC:USDC,0.0001
2024-11-04 16:00:00.000,BTC/USDC:USDC,0.0001
2024-11-05 00:00:00.000,BTC/USDC:USDC,0.0001
2024-11-05 08:00:00.003,BTC/USDC:USDC,0.0001
2024-11-05 16:00:00.001,BTC/USDC:USDC,0.0001
2024-11-06 00:00:00.000,BTC/USDC:USDC,4.778e-05
2024-11-06 08:00:00.000,BTC/USDC:USDC,0.0001
2024-11-06 16:00:00.000,BTC/USDC:USDC,0.0001
2024-11-07 00:00:00.000,BTC/USDC:USDC,0.0001
2024-11-07 08:00:00.000,BTC/USDC:USDC,0.0001
2024-11-07 16:00:00.000,BTC/USDC:USDC,0.0001
2024-11-08 00:00:00.000,BTC/USDC:USDC,0.0001
2024-11-08 08:00:00.000,BTC/USDC:USDC,0.0001
2024-11-08 16:00:00.000,BTC/USDC:USDC,0.0001
2024-11-09 00:00:00.000,BTC/USDC:USDC,-6.159e-05
2024-11-09 08:00:00.000,BTC/USDC:USDC,0.0001
2024-11-09 16:00:00.000,BTC/USDC:USDC,0.0001
2024-11-10 00:00:00.000,BTC/USDC:USDC,0.0001
2024-11-10 08:00:00.000,BTC/USDC:USDC,0.0001
2024-11-10 16:00:00.000,BTC/USDC:USDC,0.0001
2024-11-11 00:00:00.001,BTC/USDC:USDC,0.00014584
2024-11-11 08:00:00.000,BTC/USDC:USDC,0.0001
2024-11-11 16:00:00.000,BTC/USDC:USDC,0.0001
2024-11-12 00:00:00.002,BTC/USDC:USDC,0.0001
2024-11-12 08:00:00.000,BTC/USDC:USDC,0.00032327
2024-11-12 16:00:00.000,BTC/USDC:USDC,0.00042533
2024-11-13 00:00:00.000,BTC/USDC:USDC,0.0001
2024-11-13 08:00:00.010,BTC/USDC:USDC,0.0001
2024-11-13 16:00:00.000,BTC/USDC:USDC,0.0001
2024-11-14 00:00:00.001,BTC/USDC:USDC,0.0001
2024-11-14 08:00:00.000,BTC/USDC:USDC,0.0001
2024-11-14 16:00:00.000,BTC/USDC:USDC,0.0001
2024-11-15 00:00:00.000,BTC/USDC:USDC,0.0001
2024-11-15 08:00:00.000,BTC/USDC:USDC,0.0001
2024-11-15 16:00:00.000,BTC/USDC:USDC,0.0001
2024-11-16 00:00:00.001,BTC/USDC:USDC,0.0001
2024-11-16 08:00:00.001,BTC/USDC:USDC,0.0001
2024-11-16 16:00:00.000,BTC/USDC:USDC,0.0001
2024-11-17 00:00:00.000,BTC/USDC:USDC,0.0001
2024-11-17 08:00:00.000,BTC/USDC:USDC,0.0001
2024-11-17 16:00:00.001,BTC/USDC:USDC,0.00015292
2024-11-18 00:00:00.000,BTC/USDC:USDC,0.0001
2024-11-18 08:00:00.000,BTC/USDC:USDC,0.00035907
2024-11-18 16:00:00.000,BTC/USDC:USDC,0.00016694
2024-11-19 00:00:00.000,BTC/USDC:USDC,0.00014168
2024-11-19 08:00:00.000,BTC/USDC:USDC,0.00028737
2024-11-19 16:00:00.000,BTC/USDC:USDC,0.00016838
2024-11-20 00:00:00.003,BTC/USDC:USDC,0.0001
2024-11-20 08:00:00.000,BTC/USDC:USDC,0.0001
2024-11-20 16:00:00.000,BTC/USDC:USDC,0.0001
2024-11-21 00:00:00.001,BTC/USDC:USDC,0.0001
2024-11-21 08:00:00.000,BTC/USDC:USDC,0.0001
2024-11-21 16:00:00.001,BTC/USDC:USDC,0.0001
2024-11-22 00:00:00.000,BTC/USDC:USDC,0.0001
2024-11-22 08:00:00.000,BTC/USDC:USDC,0.0001
2024-11-22 16:00:00.001,BTC/USDC:USDC,0.0001
2024-11-23 00:00:00.000,BTC/USDC:USDC,0.0001
2024-11-23 08:00:00.000,BTC/USDC:USDC,0.0001
2024-11-23 16:00:00.000,BTC/USDC:USDC,0.0001
2024-11-24 00:00:00.001,BTC/USDC:USDC,0.0001
2024-11-24 08:00:00.000,BTC/USDC:USDC,0.0001
2024-11-24 16:00:00.000,BTC/USDC:USDC,0.0001
2024-11-25 00:00:00.000,BTC/USDC:USDC,0.00020837
2024-11-25 08:00:00.000,BTC/USDC:USDC,0.0001
2024-11-25 16:00:00.000,BTC/USDC:USDC,0.00023842
2024-11-26 00:00:00.000,BTC/USDC:USDC,0.0001
2024-11-26 08:00:00.000,BTC/USDC:USDC,0.0001
2024-11-26 16:00:00.000,BTC/USDC:USDC,0.00017858
2024-11-27 00:00:00.000,BTC/USDC:USDC,0.00031608
2024-11-27 08:00:00.000,BTC/USDC:USDC,0.00024111
2024-11-27 16:00:00.001,BTC/USDC:USDC,0.00016082
2024-11-28 00:00:00.000,BTC/USDC:USDC,0.0001
2024-11-28 08:00:00.000,BTC/USDC:USDC,0.00010925
2024-11-28 16:00:00.000,BTC/USDC:USDC,0.00018435
2024-11-29 00:00:00.000,BTC/USDC:USDC,0.00024949
2024-11-29 08:00:00.000,BTC/USDC:USDC,0.0002459
2024-11-29 16:00:00.000,BTC/USDC:USDC,0.00020438
2024-11-30 00:00:00.000,BTC/USDC:USDC,0.0001
2024-11-30 08:00:00.000,BTC/USDC:USDC,0.0002379
2024-11-30 16:00:00.000,BTC/USDC:USDC,0.00014826
2024-12-01 00:00:00.000,BTC/USDC:USDC,0.0001399
2024-12-01 08:00:00.000,BTC/USDC:USDC,0.00020534
2024-12-01 16:00:00.000,BTC/USDC:USDC,0.0001
2024-12-02 00:00:00.001,BTC/USDC:USDC,0.00021001
2024-12-02 08:00:00.001,BTC/USDC:USDC,0.00030655
2024-12-02 16:00:00.000,BTC/USDC:USDC,0.00030271
2024-12-03 00:00:00.000,BTC/USDC:USDC,0.00017357
2024-12-03 08:00:00.000,BTC/USDC:USDC,0.00025775
2024-12-03 16:00:00.000,BTC/USDC:USDC,0.00024288
2024-12-04 00:00:00.000,BTC/USDC:USDC,0.00022916
2024-12-04 08:00:00.000,BTC/USDC:USDC,0.00026274
2024-12-04 16:00:00.000,BTC/USDC:USDC,0.00039676
2024-12-05 00:00:00.001,BTC/USDC:USDC,0.0001
2024-12-05 08:00:00.000,BTC/USDC:USDC,0.00081694
2024-12-05 16:00:00.000,BTC/USDC:USDC,0.00054074
2024-12-06 00:00:00.000,BTC/USDC:USDC,0.0001
2024-12-06 08:00:00.000,BTC/USDC:USDC,0.0001
2024-12-06 16:00:00.000,BTC/USDC:USDC,0.0001
2024-12-07 00:00:00.000,BTC/USDC:USDC,0.0001
2024-12-07 08:00:00.000,BTC/USDC:USDC,0.0001
2024-12-07 16:00:00.000,BTC/USDC:USDC,0.00017547
2024-12-08 00:00:00.000,BTC/USDC:USDC,0.00010829
2024-12-08 08:00:00.000,BTC/USDC:USDC,0.00013601
2024-12-08 16:00:00.000,BTC/USDC:USDC,0.00012757
2024-12-09 00:00:00.000,BTC/USDC:USDC,0.00023616
2024-12-09 08:00:00.000,BTC/USDC:USDC,0.00019352
2024-12-09 16:00:00.001,BTC/USDC:USDC,0.00032738
2024-12-10 00:00:00.007,BTC/USDC:USDC,0.00010301
2024-12-10 08:00:00.000,BTC/USDC:USDC,0.0001
2024-12-10 16:00:00.000,BTC/USDC:USDC,0.0001
2024-12-11 00:00:00.000,BTC/USDC:USDC,0.0001
2024-12-11 08:00:00.000,BTC/USDC:USDC,0.0001
2024-12-11 16:00:00.001,BTC/USDC:USDC,0.0001
2024-12-12 00:00:00.001,BTC/USDC:USDC,0.0001
2024-12-12 08:00:00.000,BTC/USDC:USDC,0.0001
2024-12-12 16:00:00.001,BTC/USDC:USDC,0.0001
2024-12-13 00:00:00.000,BTC/USDC:USDC,0.0001
2024-12-13 08:00:00.000,BTC/USDC:USDC,0.0001
2024-12-13 16:00:00.001,BTC/USDC:USDC,0.0001
2024-12-14 00:00:00.000,BTC/USDC:USDC,0.0001
2024-12-14 08:00:00.000,BTC/USDC:USDC,0.0001
2024-12-14 16:00:00.000,BTC/USDC:USDC,0.0001
2024-12-15 00:00:00.000,BTC/USDC:USDC,0.0001
2024-12-15 08:00:00.000,BTC/USDC:USDC,0.0001
2024-12-15 16:00:00.000,BTC/USDC:USDC,0.0001
2024-12-16 00:00:00.000,BTC/USDC:USDC,0.0001
2024-12-16 08:00:00.001,BTC/USDC:USDC,0.0001
2024-12-16 16:00:00.000,BTC/USDC:USDC,0.0001
2024-12-17 00:00:00.000,BTC/USDC:USDC,0.0001
2024-12-17 08:00:00.000,BTC/USDC:USDC,0.0001
2024-12-17 16:00:00.000,BTC/USDC:USDC,0.0001
2024-12-18 00:00:00.000,BTC/USDC:USDC,0.0001
2024-12-18 08:00:00.000,BTC/USDC:USDC,0.0001
2024-12-18 16:00:00.000,BTC/USDC:USDC,0.0001
2024-12-19 00:00:00.000,BTC/USDC:USDC,0.0001
2024-12-19 08:00:00.000,BTC/USDC:USDC,0.0001
2024-12-19 16:00:00.000,BTC/USDC:USDC,0.0001
2024-12-20 00:00:00.000,BTC/USDC:USDC,0.0001
2024-12-20 08:00:00.001,BTC/USDC:USDC,0.0001
2024-12-20 16:00:00.014,BTC/USDC:USDC,0.0001
2024-12-21 00:00:00.000,BTC/USDC:USDC,0.0001
2024-12-21 08:00:00.000,BTC/USDC:USDC,0.0001
2024-12-21 16:00:00.001,BTC/USDC:USDC,9.709e-05
2024-12-22 00:00:00.000,BTC/USDC:USDC,6.482e-05
2024-12-22 08:00:00.000,BTC/USDC:USDC,0.0001
2024-12-22 16:00:00.000,BTC/USDC:USDC,0.0001
2024-12-23 00:00:00.000,BTC/USDC:USDC,0.0001
2024-12-23 08:00:00.000,BTC/USDC:USDC,0.0001
2024-12-23 16:00:00.001,BTC/USDC:USDC,0.0001
2024-12-24 00:00:00.000,BTC/USDC:USDC,0.0001
2024-12-24 08:00:00.000,BTC/USDC:USDC,0.0001
2024-12-24 16:00:00.001,BTC/USDC:USDC,0.0001
2024-12-25 00:00:00.001,BTC/USDC:USDC,0.0001
2024-12-25 08:00:00.000,BTC/USDC:USDC,0.0001
2024-12-25 16:00:00.000,BTC/USDC:USDC,0.0001
2024-12-26 00:00:00.000,BTC/USDC:USDC,0.0001
2024-12-26 08:00:00.000,BTC/USDC:USDC,0.0001
2024-12-26 16:00:00.000,BTC/USDC:USDC,0.0001
2024-12-27 00:00:00.000,BTC/USDC:USDC,0.0001
2024-12-27 08:00:00.000,BTC/USDC:USDC,0.0001
2024-12-27 16:00:00.000,BTC/USDC:USDC,0.0001
2024-12-28 00:00:00.001,BTC/USDC:USDC,0.0001
2024-12-28 08:00:00.000,BTC/USDC:USDC,0.0001
2024-12-28 16:00:00.000,BTC/USDC:USDC,8.621e-05
2024-12-29 00:00:00.000,BTC/USDC:USDC,0.0001
2024-12-29 08:00:00.000,BTC/USDC:USDC,0.0001
2024-12-29 16:00:00.000,BTC/USDC:USDC,8.524e-05
2024-12-30 00:00:00.000,BTC/USDC:USDC,6.132e-05
2024-12-30 08:00:00.001,BTC/USDC:USDC,0.0001
2024-12-30 16:00:00.000,BTC/USDC:USDC,0.0001
2024-12-31 00:00:00.000,BTC/USDC:USDC,0.0001
2024-12-31 08:00:00.000,BTC/USDC:USDC,0.0001
2024-12-31 16:00:00.000,BTC/USDC:USDC,0.0001
2025-01-01 00:00:00.015,BTC/USDC:USDC,0.0001
2025-01-01 08:00:00.000,BTC/USDC:USDC,0.0001
2025-01-01 16:00:00.001,BTC/USDC:USDC,0.0001
2025-01-02 00:00:00.000,BTC/USDC:USDC,0.0001
2025-01-02 08:00:00.006,BTC/USDC:USDC,0.0001
2025-01-02 16:00:00.000,BTC/USDC:USDC,0.0001
2025-01-03 00:00:00.000,BTC/USDC:USDC,0.0001
2025-01-03 08:00:00.000,BTC/USDC:USDC,0.0001
2025-01-03 16:00:00.000,BTC/USDC:USDC,0.0001
2025-01-04 00:00:00.000,BTC/USDC:USDC,0.0001
2025-01-04 08:00:00.000,BTC/USDC:USDC,0.0001
2025-01-04 16:00:00.000,BTC/USDC:USDC,0.0001
2025-01-05 00:00:00.000,BTC/USDC:USDC,0.0001
2025-01-05 08:00:00.000,BTC/USDC:USDC,0.0001
2025-01-05 16:00:00.000,BTC/USDC:USDC,0.0001
2025-01-06 00:00:00.000,BTC/USDC:USDC,0.0001
2025-01-06 08:00:00.001,BTC/USDC:USDC,0.0001
2025-01-06 16:00:00.000,BTC/USDC:USDC,0.0001
2025-01-07 00:00:00.000,BTC/USDC:USDC,0.0001
2025-01-07 08:00:00.000,BTC/USDC:USDC,7.795e-05
2025-01-07 16:00:00.008,BTC/USDC:USDC,0.0001
2025-01-08 00:00:00.001,BTC/USDC:USDC,1.487e-05
2025-01-08 08:00:00.000,BTC/USDC:USDC,-1.238e-05
2025-01-08 16:00:00.000,BTC/USDC:USDC,1.265e-05
2025-01-09 00:00:00.000,BTC/USDC:USDC,5.916e-05
2025-01-09 08:00:00.000,BTC/USDC:USDC,5.07e-05
2025-01-09 16:00:00.000,BTC/USDC:USDC,-2.226e-05
2025-01-10 00:00:00.000,BTC/USDC:USDC,2.078e-05
2025-01-10 08:00:00.000,BTC/USDC:USDC,6.199e-05
2025-01-10 16:00:00.000,BTC/USDC:USDC,9.63e-05
2025-01-11 00:00:00.000,BTC/USDC:USDC,0.0001
2025-01-11 08:00:00.000,BTC/USDC:USDC,5.234e-05
2025-01-11 16:00:00.000,BTC/USDC:USDC,5.878e-05
2025-01-12 00:00:00.000,BTC/USDC:USDC,5.782e-05
2025-01-12 08:00:00.000,BTC/USDC:USDC,0.0001
2025-01-12 16:00:00.000,BTC/USDC:USDC,0.0001
2025-01-13 00:00:00.000,BTC/USDC:USDC,0.0001
2025-01-13 08:00:00.000,BTC/USDC:USDC,0.0001
2025-01-13 16:00:00.000,BTC/USDC:USDC,0.0001
2025-01-14 00:00:00.000,BTC/USDC:USDC,0.0001
2025-01-14 08:00:00.000,BTC/USDC:USDC,0.0001
2025-01-14 16:00:00.000,BTC/USDC:USDC,0.0001
2025-01-15 00:00:00.000,BTC/USDC:USDC,0.0001
2025-01-15 08:00:00.000,BTC/USDC:USDC,0.0001
2025-01-15 16:00:00.000,BTC/USDC:USDC,0.0001
2025-01-16 00:00:00.000,BTC/USDC:USDC,-1.14e-06
2025-01-16 08:00:00.000,BTC/USDC:USDC,0.0001
2025-01-16 16:00:00.000,BTC/USDC:USDC,8.803e-05
2025-01-17 00:00:00.004,BTC/USDC:USDC,0.0001
2025-01-17 08:00:00.000,BTC/USDC:USDC,0.0001
2025-01-17 16:00:00.008,BTC/USDC:USDC,0.0001
2025-01-18 00:00:00.000,BTC/USDC:USDC,0.0001
2025-01-18 08:00:00.007,BTC/USDC:USDC,0.0001
2025-01-18 16:00:00.000,BTC/USDC:USDC,0.0001
2025-01-19 00:00:00.000,BTC/USDC:USDC,0.0001
2025-01-19 08:00:00.000,BTC/USDC:USDC,0.0001
2025-01-19 16:00:00.000,BTC/USDC:USDC,0.0001
2025-01-20 00:00:00.000,BTC/USDC:USDC,0.00015318
2025-01-20 08:00:00.009,BTC/USDC:USDC,0.00021272
2025-01-20 16:00:00.000,BTC/USDC:USDC,0.00018886
2025-01-21 00:00:00.000,BTC/USDC:USDC,0.0001
2025-01-21 08:00:00.000,BTC/USDC:USDC,0.0001
2025-01-21 16:00:00.000,BTC/USDC:USDC,0.0001
2025-01-22 00:00:00.000,BTC/USDC:USDC,0.0001
2025-01-22 08:00:00.000,BTC/USDC:USDC,0.0001
2025-01-22 16:00:00.000,BTC/USDC:USDC,0.0001
2025-01-23 00:00:00.001,BTC/USDC:USDC,0.0001
2025-01-23 08:00:00.000,BTC/USDC:USDC,0.0001
2025-01-23 16:00:00.000,BTC/USDC:USDC,0.0001
2025-01-24 00:00:00.000,BTC/USDC:USDC,4.146e-05
2025-01-24 08:00:00.000,BTC/USDC:USDC,0.0001
2025-01-24 16:00:00.000,BTC/USDC:USDC,0.0001
2025-01-25 00:00:00.000,BTC/USDC:USDC,6.83e-06
2025-01-25 08:00:00.000,BTC/USDC:USDC,5.573e-05
2025-01-25 16:00:00.001,BTC/USDC:USDC,4.358e-05
2025-01-26 00:00:00.000,BTC/USDC:USDC,2.168e-05
2025-01-26 08:00:00.000,BTC/USDC:USDC,9.618e-05
2025-01-26 16:00:00.000,BTC/USDC:USDC,0.0001
2025-01-27 00:00:00.000,BTC/USDC:USDC,7.559e-05
2025-01-27 08:00:00.000,BTC/USDC:USDC,-8.017e-05
2025-01-27 16:00:00.000,BTC/USDC:USDC,1.477e-05
2025-01-28 00:00:00.000,BTC/USDC:USDC,2.357e-05
2025-01-28 08:00:00.000,BTC/USDC:USDC,5.63e-06
2025-01-28 16:00:00.000,BTC/USDC:USDC,9.625e-05
2025-01-29 00:00:00.000,BTC/USDC:USDC,8.883e-05
2025-01-29 08:00:00.000,BTC/USDC:USDC,7.727e-05
2025-01-29 16:00:00.000,BTC/USDC:USDC,8.93e-05
2025-01-30 00:00:00.000,BTC/USDC:USDC,0.0001
2025-01-30 08:00:00.000,BTC/USDC:USDC,0.0001
2025-01-30 16:00:00.000,BTC/USDC:USDC,0.0001
2025-01-31 00:00:00.000,BTC/USDC:USDC,5.61e-05
2025-01-31 08:00:00.000,BTC/USDC:USDC,0.0001
2025-01-31 16:00:00.000,BTC/USDC:USDC,0.0001
2025-02-01 00:00:00.000,BTC/USDC:USDC,5.596e-05
2025-02-01 08:00:00.000,BTC/USDC:USDC,4.775e-05
2025-02-01 16:00:00.000,BTC/USDC:USDC,7.043e-05
2025-02-02 00:00:00.001,BTC/USDC:USDC,5.801e-05
2025-02-02 08:00:00.000,BTC/USDC:USDC,1.044e-05
2025-02-02 16:00:00.000,BTC/USDC:USDC,-5.868e-05
2025-02-03 00:00:00.000,BTC/USDC:USDC,8.358e-05
2025-02-03 08:00:00.000,BTC/USDC:USDC,-0.00016703
2025-02-03 16:00:00.000,BTC/USDC:USDC,-5.547e-05
2025-02-04 00:00:00.000,BTC/USDC:USDC,-0.00017694
2025-02-04 08:00:00.001,BTC/USDC:USDC,6.237e-05
2025-02-04 16:00:00.000,BTC/USDC:USDC,2.052e-05
2025-02-05 00:00:00.001,BTC/USDC:USDC,5.128e-05
2025-02-05 08:00:00.001,BTC/USDC:USDC,0.0001
2025-02-05 16:00:00.000,BTC/USDC:USDC,0.0001
2025-02-06 00:00:00.001,BTC/USDC:USDC,0.0001
2025-02-06 08:00:00.001,BTC/USDC:USDC,5.708e-05
2025-02-06 16:00:00.000,BTC/USDC:USDC,8.263e-05
2025-02-07 00:00:00.000,BTC/USDC:USDC,0.0001
2025-02-07 08:00:00.000,BTC/USDC:USDC,4.001e-05
2025-02-07 16:00:00.000,BTC/USDC:USDC,4.194e-05
2025-02-08 00:00:00.000,BTC/USDC:USDC,-1.848e-05
2025-02-08 08:00:00.000,BTC/USDC:USDC,2.175e-05
2025-02-08 16:00:00.000,BTC/USDC:USDC,8.59e-05
2025-02-09 00:00:00.000,BTC/USDC:USDC,2.68e-06
2025-02-09 08:00:00.000,BTC/USDC:USDC,6.97e-06
2025-02-09 16:00:00.000,BTC/USDC:USDC,4.99e-05
2025-02-10 00:00:00.000,BTC/USDC:USDC,-2.36e-05
2025-02-10 08:00:00.000,BTC/USDC:USDC,0.0001
2025-02-10 16:00:00.000,BTC/USDC:USDC,0.0001
2025-02-11 00:00:00.000,BTC/USDC:USDC,0.0001
2025-02-11 08:00:00.000,BTC/USDC:USDC,0.0001
2025-02-11 16:00:00.000,BTC/USDC:USDC,4.729e-05
2025-02-12 00:00:00.000,BTC/USDC:USDC,-7.3e-06
2025-02-12 08:00:00.000,BTC/USDC:USDC,4.854e-05
2025-02-12 16:00:00.001,BTC/USDC:USDC,1.222e-05
2025-02-13 00:00:00.001,BTC/USDC:USDC,0.0001
2025-02-13 08:00:00.000,BTC/USDC:USDC,-1.147e-05
2025-02-13 16:00:00.001,BTC/USDC:USDC,2.2e-05
2025-02-14 00:00:00.000,BTC/USDC:USDC,9.563e-05
2025-02-14 08:00:00.001,BTC/USDC:USDC,2.362e-05
2025-02-14 16:00:00.000,BTC/USDC:USDC,4.058e-05
2025-02-15 00:00:00.000,BTC/USDC:USDC,5.34e-06
2025-02-15 08:00:00.000,BTC/USDC:USDC,7.347e-05
2025-02-15 16:00:00.000,BTC/USDC:USDC,9.666e-05
2025-02-16 00:00:00.000,BTC/USDC:USDC,4.837e-05
2025-02-16 08:00:00.000,BTC/USDC:USDC,2.919e-05
2025-02-16 16:00:00.000,BTC/USDC:USDC,7.664e-05
2025-02-17 00:00:00.000,BTC/USDC:USDC,4.475e-05
2025-02-17 08:00:00.000,BTC/USDC:USDC,-5.075e-05
2025-02-17 16:00:00.000,BTC/USDC:USDC,4.143e-05
2025-02-18 00:00:00.000,BTC/USDC:USDC,2.964e-05
2025-02-18 08:00:00.000,BTC/USDC:USDC,8.07e-06
2025-02-18 16:00:00.000,BTC/USDC:USDC,7.562e-05
2025-02-19 00:00:00.000,BTC/USDC:USDC,2.568e-05
2025-02-19 08:00:00.000,BTC/USDC:USDC,0.0001
2025-02-19 16:00:00.000,BTC/USDC:USDC,4.722e-05
2025-02-20 00:00:00.000,BTC/USDC:USDC,-2.664e-05
2025-02-20 08:00:00.000,BTC/USDC:USDC,7.784e-05
2025-02-20 16:00:00.000,BTC/USDC:USDC,5.331e-05
2025-02-21 00:00:00.001,BTC/USDC:USDC,2.025e-05
2025-02-21 08:00:00.000,BTC/USDC:USDC,5.975e-05
2025-02-21 16:00:00.000,BTC/USDC:USDC,1.973e-05
2025-02-22 00:00:00.000,BTC/USDC:USDC,0.0001
2025-02-22 08:00:00.000,BTC/USDC:USDC,0.0001
2025-02-22 16:00:00.000,BTC/USDC:USDC,8.109e-05
2025-02-23 00:00:00.000,BTC/USDC:USDC,5.302e-05
2025-02-23 08:00:00.000,BTC/USDC:USDC,-7.55e-06
2025-02-23 16:00:00.000,BTC/USDC:USDC,9.897e-05
2025-02-24 00:00:00.000,BTC/USDC:USDC,7.823e-05
2025-02-24 08:00:00.000,BTC/USDC:USDC,8.655e-05
2025-02-24 16:00:00.000,BTC/USDC:USDC,-2.872e-05
2025-02-25 00:00:00.000,BTC/USDC:USDC,9.854e-05
2025-02-25 08:00:00.000,BTC/USDC:USDC,5.673e-05
2025-02-25 16:00:00.000,BTC/USDC:USDC,4.246e-05
2025-02-26 00:00:00.000,BTC/USDC:USDC,0.0001
2025-02-26 08:00:00.000,BTC/USDC:USDC,0.0001
2025-02-26 16:00:00.000,BTC/USDC:USDC,0.0001
2025-02-27 00:00:00.001,BTC/USDC:USDC,0.0001
2025-02-27 08:00:00.000,BTC/USDC:USDC,0.0001
2025-02-27 16:00:00.000,BTC/USDC:USDC,0.0001
2025-02-28 00:00:00.001,BTC/USDC:USDC,0.0001
2025-02-28 08:00:00.000,BTC/USDC:USDC,0.0001
2025-02-28 16:00:00.000,BTC/USDC:USDC,0.0001
2025-03-01 00:00:00.000,BTC/USDC:USDC,1.138e-05
2025-03-01 08:00:00.000,BTC/USDC:USDC,-3.737e-05
2025-03-01 16:00:00.001,BTC/USDC:USDC,-1.084e-05
2025-03-02 00:00:00.000,BTC/USDC:USDC,1.836e-05
2025-03-02 08:00:00.000,BTC/USDC:USDC,-2.065e-05
2025-03-02 16:00:00.000,BTC/USDC:USDC,-3.535e-05
2025-03-03 00:00:00.001,BTC/USDC:USDC,-1.228e-05
2025-03-03 08:00:00.000,BTC/USDC:USDC,2.627e-05
2025-03-03 16:00:00.000,BTC/USDC:USDC,5.214e-05
2025-03-04 00:00:00.001,BTC/USDC:USDC,6.776e-05
2025-03-04 08:00:00.005,BTC/USDC:USDC,6.938e-05
2025-03-04 16:00:00.000,BTC/USDC:USDC,2.545e-05
2025-03-05 00:00:00.000,BTC/USDC:USDC,-1.038e-05
2025-03-05 08:00:00.000,BTC/USDC:USDC,-1.023e-05
2025-03-05 16:00:00.000,BTC/USDC:USDC,2.133e-05
2025-03-06 00:00:00.000,BTC/USDC:USDC,1.679e-05
2025-03-06 08:00:00.001,BTC/USDC:USDC,3.28e-05
2025-03-06 16:00:00.000,BTC/USDC:USDC,2.29e-06
2025-03-07 00:00:00.000,BTC/USDC:USDC,-4.317e-05
2025-03-07 08:00:00.001,BTC/USDC:USDC,-2.781e-05
2025-03-07 16:00:00.000,BTC/USDC:USDC,-1.716e-05
2025-03-08 00:00:00.000,BTC/USDC:USDC,1.523e-05
2025-03-08 08:00:00.001,BTC/USDC:USDC,8.87e-06
2025-03-08 16:00:00.001,BTC/USDC:USDC,6.43e-06
2025-03-09 00:00:00.001,BTC/USDC:USDC,2.226e-05
2025-03-09 08:00:00.000,BTC/USDC:USDC,9.99e-06
2025-03-09 16:00:00.000,BTC/USDC:USDC,2.154e-05
2025-03-10 00:00:00.000,BTC/USDC:USDC,1.496e-05
2025-03-10 08:00:00.000,BTC/USDC:USDC,4.049e-05
2025-03-10 16:00:00.000,BTC/USDC:USDC,-8.08e-06
2025-03-11 00:00:00.000,BTC/USDC:USDC,0.0001
2025-03-11 08:00:00.000,BTC/USDC:USDC,0.0001
2025-03-11 16:00:00.001,BTC/USDC:USDC,0.0001
2025-03-12 00:00:00.000,BTC/USDC:USDC,3.426e-05
2025-03-12 08:00:00.000,BTC/USDC:USDC,5.017e-05
2025-03-12 16:00:00.001,BTC/USDC:USDC,1.925e-05
2025-03-13 00:00:00.000,BTC/USDC:USDC,3.012e-05
2025-03-13 08:00:00.000,BTC/USDC:USDC,6.166e-05
2025-03-13 16:00:00.000,BTC/USDC:USDC,-2.278e-05
2025-03-14 00:00:00.000,BTC/USDC:USDC,5.403e-05
2025-03-14 08:00:00.000,BTC/USDC:USDC,4.502e-05
2025-03-14 16:00:00.000,BTC/USDC:USDC,7.488e-05
2025-03-15 00:00:00.000,BTC/USDC:USDC,-1.013e-05
2025-03-15 08:00:00.000,BTC/USDC:USDC,2.889e-05
2025-03-15 16:00:00.000,BTC/USDC:USDC,3.624e-05
2025-03-16 00:00:00.000,BTC/USDC:USDC,-2.5e-06
2025-03-16 08:00:00.000,BTC/USDC:USDC,4.634e-05
2025-03-16 16:00:00.000,BTC/USDC:USDC,3.017e-05
2025-03-17 00:00:00.000,BTC/USDC:USDC,2.592e-05
2025-03-17 08:00:00.000,BTC/USDC:USDC,0.0001
2025-03-17 16:00:00.000,BTC/USDC:USDC,3.899e-05
2025-03-18 00:00:00.000,BTC/USDC:USDC,3.501e-05
2025-03-18 08:00:00.000,BTC/USDC:USDC,3.552e-05
2025-03-18 16:00:00.000,BTC/USDC:USDC,8.11e-06
2025-03-19 00:00:00.000,BTC/USDC:USDC,1.18e-05
2025-03-19 08:00:00.000,BTC/USDC:USDC,7.128e-05
2025-03-19 16:00:00.000,BTC/USDC:USDC,3.756e-05
2025-03-20 00:00:00.000,BTC/USDC:USDC,4.314e-05
2025-03-20 08:00:00.000,BTC/USDC:USDC,3.3e-05
2025-03-20 16:00:00.000,BTC/USDC:USDC,8.353e-05
2025-03-21 00:00:00.000,BTC/USDC:USDC,6.566e-05
2025-03-21 08:00:00.000,BTC/USDC:USDC,5.336e-05
2025-03-21 16:00:00.000,BTC/USDC:USDC,6.848e-05
2025-03-22 00:00:00.000,BTC/USDC:USDC,3.539e-05
2025-03-22 08:00:00.004,BTC/USDC:USDC,1.03e-05
2025-03-22 16:00:00.000,BTC/USDC:USDC,5.458e-05
2025-03-23 00:00:00.000,BTC/USDC:USDC,8.309e-05
2025-03-23 08:00:00.000,BTC/USDC:USDC,4.866e-05
2025-03-23 16:00:00.000,BTC/USDC:USDC,-5.181e-05
2025-03-24 00:00:00.000,BTC/USDC:USDC,-3.223e-05
2025-03-24 08:00:00.000,BTC/USDC:USDC,1.901e-05
2025-03-24 16:00:00.000,BTC/USDC:USDC,-3.798e-05
2025-03-25 00:00:00.001,BTC/USDC:USDC,-4.43e-05
2025-03-25 08:00:00.000,BTC/USDC:USDC,2.374e-05
2025-03-25 16:00:00.000,BTC/USDC:USDC,-2.149e-05
2025-03-26 00:00:00.000,BTC/USDC:USDC,2.723e-05
2025-03-26 08:00:00.000,BTC/USDC:USDC,5.852e-05
2025-03-26 16:00:00.001,BTC/USDC:USDC,3.59e-06
2025-03-27 00:00:00.001,BTC/USDC:USDC,5.382e-05
2025-03-27 08:00:00.001,BTC/USDC:USDC,4.944e-05
2025-03-27 16:00:00.002,BTC/USDC:USDC,1.384e-05
2025-03-28 00:00:00.001,BTC/USDC:USDC,6.91e-06
2025-03-28 08:00:00.001,BTC/USDC:USDC,1.609e-05
2025-03-28 16:00:00.000,BTC/USDC:USDC,8.416e-05
2025-03-29 00:00:00.000,BTC/USDC:USDC,0.0001
2025-03-29 08:00:00.000,BTC/USDC:USDC,2.628e-05
2025-03-29 16:00:00.000,BTC/USDC:USDC,-1.36e-06
2025-03-30 00:00:00.000,BTC/USDC:USDC,4.03e-06
2025-03-30 08:00:00.000,BTC/USDC:USDC,-4.687e-05
2025-03-30 16:00:00.000,BTC/USDC:USDC,-1.32e-06
2025-03-31 00:00:00.000,BTC/USDC:USDC,-2.895e-05
2025-03-31 08:00:00.000,BTC/USDC:USDC,1.191e-05
2025-03-31 16:00:00.000,BTC/USDC:USDC,2.791e-05
2025-04-01 00:00:00.000,BTC/USDC:USDC,6.138e-05
2025-04-01 08:00:00.001,BTC/USDC:USDC,5.935e-05
2025-04-01 16:00:00.000,BTC/USDC:USDC,7.785e-05
2025-04-02 00:00:00.001,BTC/USDC:USDC,2.651e-05
2025-04-02 08:00:00.000,BTC/USDC:USDC,4.483e-05
2025-04-02 16:00:00.000,BTC/USDC:USDC,2.345e-05
2025-04-03 00:00:00.000,BTC/USDC:USDC,2.354e-05
2025-04-03 08:00:00.000,BTC/USDC:USDC,3.032e-05
2025-04-03 16:00:00.000,BTC/USDC:USDC,1.894e-05
2025-04-04 00:00:00.000,BTC/USDC:USDC,0.0001
2025-04-04 08:00:00.000,BTC/USDC:USDC,6.131e-05
2025-04-04 16:00:00.000,BTC/USDC:USDC,8.156e-05
2025-04-05 00:00:00.000,BTC/USDC:USDC,0.0001
2025-04-05 08:00:00.000,BTC/USDC:USDC,6.798e-05
2025-04-05 16:00:00.000,BTC/USDC:USDC,6.614e-05
2025-04-06 00:00:00.000,BTC/USDC:USDC,5.348e-05
2025-04-06 08:00:00.000,BTC/USDC:USDC,7.787e-05
2025-04-06 16:00:00.002,BTC/USDC:USDC,5.749e-05
2025-04-07 00:00:00.000,BTC/USDC:USDC,0.0001
2025-04-07 08:00:00.000,BTC/USDC:USDC,9.759e-05
2025-04-07 16:00:00.000,BTC/USDC:USDC,5.302e-05
2025-04-08 00:00:00.000,BTC/USDC:USDC,-1.971e-05
2025-04-08 08:00:00.000,BTC/USDC:USDC,-1.571e-05
2025-04-08 16:00:00.000,BTC/USDC:USDC,2.157e-05
2025-04-09 00:00:00.000,BTC/USDC:USDC,0.0001
2025-04-09 08:00:00.001,BTC/USDC:USDC,1.637e-05
2025-04-09 16:00:00.000,BTC/USDC:USDC,0.0001
2025-04-10 00:00:00.000,BTC/USDC:USDC,9.456e-05
2025-04-10 08:00:00.000,BTC/USDC:USDC,2.527e-05
2025-04-10 16:00:00.000,BTC/USDC:USDC,2.686e-05
2025-04-11 00:00:00.001,BTC/USDC:USDC,-1.552e-05
2025-04-11 08:00:00.000,BTC/USDC:USDC,7.313e-05
2025-04-11 16:00:00.000,BTC/USDC:USDC,4.674e-05
2025-04-12 00:00:00.000,BTC/USDC:USDC,5.863e-05
2025-04-12 08:00:00.001,BTC/USDC:USDC,5.434e-05
2025-04-12 16:00:00.000,BTC/USDC:USDC,3.129e-05
2025-04-13 00:00:00.000,BTC/USDC:USDC,1.941e-05
2025-04-13 08:00:00.000,BTC/USDC:USDC,7.253e-05
2025-04-13 16:00:00.000,BTC/USDC:USDC,9.282e-05
2025-04-14 00:00:00.000,BTC/USDC:USDC,7.769e-05
2025-04-14 08:00:00.000,BTC/USDC:USDC,1.093e-05
2025-04-14 16:00:00.000,BTC/USDC:USDC,-4.018e-05
2025-04-15 00:00:00.000,BTC/USDC:USDC,-0.00010093
2025-04-15 08:00:00.000,BTC/USDC:USDC,-1.989e-05
2025-04-15 16:00:00.001,BTC/USDC:USDC,-1.642e-05
2025-04-16 00:00:00.000,BTC/USDC:USDC,4.83e-06
2025-04-16 08:00:00.000,BTC/USDC:USDC,1.96e-06
2025-04-16 16:00:00.000,BTC/USDC:USDC,-6e-06
2025-04-17 00:00:00.001,BTC/USDC:USDC,1.192e-05
2025-04-17 08:00:00.000,BTC/USDC:USDC,7.454e-05
2025-04-17 16:00:00.001,BTC/USDC:USDC,4.052e-05
2025-04-18 00:00:00.000,BTC/USDC:USDC,-2.044e-05
2025-04-18 08:00:00.000,BTC/USDC:USDC,5.513e-05
2025-04-18 16:00:00.000,BTC/USDC:USDC,4.706e-05
2025-04-19 00:00:00.000,BTC/USDC:USDC,3.366e-05
2025-04-19 08:00:00.000,BTC/USDC:USDC,7.66e-06
2025-04-19 16:00:00.000,BTC/USDC:USDC,-1.871e-05
2025-04-20 00:00:00.000,BTC/USDC:USDC,5.479e-05
2025-04-20 08:00:00.000,BTC/USDC:USDC,4.661e-05
2025-04-20 16:00:00.000,BTC/USDC:USDC,5.17e-05
2025-04-21 00:00:00.000,BTC/USDC:USDC,9.539e-05
2025-04-21 08:00:00.005,BTC/USDC:USDC,3.385e-05
2025-04-21 16:00:00.003,BTC/USDC:USDC,-1.493e-05
2025-04-22 00:00:00.008,BTC/USDC:USDC,2.361e-05
2025-04-22 08:00:00.000,BTC/USDC:USDC,5.207e-05
2025-04-22 16:00:00.000,BTC/USDC:USDC,-0.00010502
2025-04-23 00:00:00.000,BTC/USDC:USDC,-8.633e-05
2025-04-23 08:00:00.002,BTC/USDC:USDC,-8e-08
2025-04-23 16:00:00.000,BTC/USDC:USDC,8.05e-06
2025-04-24 00:00:00.000,BTC/USDC:USDC,-0.00010203
2025-04-24 08:00:00.001,BTC/USDC:USDC,1.077e-05
2025-04-24 16:00:00.001,BTC/USDC:USDC,-4.023e-05
2025-04-25 00:00:00.007,BTC/USDC:USDC,-6.562e-05
2025-04-25 08:00:00.002,BTC/USDC:USDC,-1.922e-05
2025-04-25 16:00:00.003,BTC/USDC:USDC,-1.882e-05
2025-04-26 00:00:00.002,BTC/USDC:USDC,-0.00017061
2025-04-26 08:00:00.000,BTC/USDC:USDC,-8.93e-06
2025-04-26 16:00:00.002,BTC/USDC:USDC,5.626e-05
2025-04-27 00:00:00.001,BTC/USDC:USDC,-3.25e-05
2025-04-27 08:00:00.000,BTC/USDC:USDC,1.235e-05
2025-04-27 16:00:00.000,BTC/USDC:USDC,-5.36e-06
2025-04-28 00:00:00.001,BTC/USDC:USDC,1.931e-05
2025-04-28 08:00:00.003,BTC/USDC:USDC,1.157e-05
2025-04-28 16:00:00.005,BTC/USDC:USDC,-1.986e-05
2025-04-29 00:00:00.000,BTC/USDC:USDC,-6.89e-06
2025-04-29 08:00:00.000,BTC/USDC:USDC,-5.051e-05
2025-04-29 16:00:00.010,BTC/USDC:USDC,-3.851e-05
2025-04-30 00:00:00.001,BTC/USDC:USDC,-5.652e-05
2025-04-30 08:00:00.000,BTC/USDC:USDC,6.264e-05
2025-04-30 16:00:00.003,BTC/USDC:USDC,-4.948e-05
2025-05-01 00:00:00.000,BTC/USDC:USDC,-4.98e-06
2025-05-01 08:00:00.000,BTC/USDC:USDC,-4.36e-06
2025-05-01 16:00:00.001,BTC/USDC:USDC,-0.00010864
2025-05-02 00:00:00.000,BTC/USDC:USDC,-0.00012801
2025-05-02 08:00:00.000,BTC/USDC:USDC,-0.00010072
2025-05-02 16:00:00.003,BTC/USDC:USDC,-0.0001277
2025-05-03 00:00:00.000,BTC/USDC:USDC,-0.00013019
2025-05-03 08:00:00.000,BTC/USDC:USDC,6.62e-06
2025-05-03 16:00:00.000,BTC/USDC:USDC,4.131e-05
2025-05-04 00:00:00.001,BTC/USDC:USDC,-1.526e-05
2025-05-04 08:00:00.001,BTC/USDC:USDC,0.0001
2025-05-04 16:00:00.002,BTC/USDC:USDC,8.325e-05
2025-05-05 00:00:00.000,BTC/USDC:USDC,-2e-08
2025-05-05 08:00:00.000,BTC/USDC:USDC,8.623e-05
2025-05-05 16:00:00.006,BTC/USDC:USDC,1.814e-05
2025-05-06 00:00:00.002,BTC/USDC:USDC,1.024e-05
2025-05-06 08:00:00.005,BTC/USDC:USDC,2.68e-05
2025-05-06 16:00:00.000,BTC/USDC:USDC,5.596e-05
2025-05-07 00:00:00.002,BTC/USDC:USDC,-3.53e-06
2025-05-07 08:00:00.000,BTC/USDC:USDC,-1.15e-05
2025-05-07 16:00:00.006,BTC/USDC:USDC,7.6e-07
2025-05-08 00:00:00.000,BTC/USDC:USDC,-6.939e-05
2025-05-08 08:00:00.001,BTC/USDC:USDC,6.222e-05
2025-05-08 16:00:00.002,BTC/USDC:USDC,4.8e-07
2025-05-09 00:00:00.001,BTC/USDC:USDC,8.804e-05
2025-05-09 08:00:00.006,BTC/USDC:USDC,0.0001
2025-05-09 16:00:00.000,BTC/USDC:USDC,6.241e-05
2025-05-10 00:00:00.001,BTC/USDC:USDC,5.794e-05
2025-05-10 08:00:00.000,BTC/USDC:USDC,8.641e-05
2025-05-10 16:00:00.001,BTC/USDC:USDC,1.943e-05
2025-05-11 00:00:00.000,BTC/USDC:USDC,5.74e-05
2025-05-11 08:00:00.001,BTC/USDC:USDC,6.913e-05
2025-05-11 16:00:00.001,BTC/USDC:USDC,9.665e-05
2025-05-12 00:00:00.004,BTC/USDC:USDC,0.0001
2025-05-12 08:00:00.000,BTC/USDC:USDC,0.0001
