Price,Close,High,Low,Open,Volume
Ticker,^IRX,^IRX,^IRX,^IRX,^IRX
Date,,,,,
2023-05-09,5.123000144958496,5.130000114440918,5.039999961853027,5.105000019073486,0
2023-05-10,5.065000057220459,5.118000030517578,5.058000087738037,5.118000030517578,0
2023-05-11,5.014999866485596,5.058000087738037,4.998000144958496,5.058000087738037,0
2023-05-12,5.0279998779296875,5.0329999923706055,4.994999885559082,5.005000114440918,0
2023-05-15,5.0,5.038000106811523,4.989999771118164,5.034999847412109,0
2023-05-16,5.058000087738037,5.058000087738037,5.014999866485596,5.038000106811523,0
2023-05-17,5.0879998207092285,5.099999904632568,4.900000095367432,5.054999828338623,0
2023-05-18,5.125,5.125,5.043000221252441,5.078000068664551,0
2023-05-19,5.085000038146973,5.119999885559082,5.059999942779541,5.059999942779541,0
2023-05-22,5.09499979019165,5.119999885559082,5.063000202178955,5.0980000495910645,0
2023-05-23,5.1529998779296875,5.21999979019165,5.150000095367432,5.204999923706055,0
2023-05-24,5.184999942779541,5.197999954223633,5.0,5.150000095367432,0
2023-05-25,5.163000106811523,5.210000038146973,5.1579999923706055,5.183000087738037,0
2023-05-26,5.114999771118164,5.163000106811523,5.085000038146973,5.1479997634887695,0
2023-05-30,5.14300012588501,5.150000095367432,5.105000019073486,5.110000133514404,0
2023-05-31,5.248000144958496,5.275000095367432,5.0,5.23799991607666,0
2023-06-01,5.203000068664551,5.224999904632568,5.144999980926514,5.2230000495910645,0
2023-06-02,5.215000152587891,5.248000144958496,5.184999942779541,5.192999839782715,0
2023-06-05,5.14300012588501,5.203000068664551,5.138000011444092,5.199999809265137,0
2023-06-06,5.1579999923706055,5.192999839782715,5.118000030517578,5.159999847412109,0
2023-06-07,5.1529998779296875,5.164999961853027,5.099999904632568,5.144999980926514,0
2023-06-08,5.099999904632568,5.144999980926514,5.0929999351501465,5.14300012588501,0
2023-06-09,5.09499979019165,5.107999801635742,5.085000038146973,5.090000152587891,0
2023-06-12,5.09499979019165,5.105000019073486,5.083000183105469,5.0980000495910645,0
2023-06-13,5.099999904632568,5.130000114440918,5.039999961853027,5.130000114440918,0
2023-06-14,5.079999923706055,5.105000019073486,5.0,5.0929999351501465,0
2023-06-15,5.054999828338623,5.078000068664551,5.054999828338623,5.070000171661377,0
2023-06-16,5.065000057220459,5.070000171661377,5.045000076293945,5.059999942779541,0
2023-06-20,5.074999809265137,5.079999923706055,5.065000057220459,5.065000057220459,0
2023-06-21,5.135000228881836,5.139999866485596,5.0,5.130000114440918,0
2023-06-22,5.135000228881836,5.138000011444092,5.118000030517578,5.130000114440918,0
2023-06-23,5.138000011444092,5.139999866485596,5.118000030517578,5.118000030517578,0
2023-06-26,5.15500020980835,5.159999847412109,5.132999897003174,5.138000011444092,0
2023-06-27,5.179999828338623,5.184999942779541,5.175000190734863,5.179999828338623,0
2023-06-28,5.170000076293945,5.175000190734863,5.164999961853027,5.168000221252441,0
2023-06-29,5.175000190734863,5.184999942779541,5.163000106811523,5.163000106811523,0
2023-06-30,5.1529998779296875,5.168000221252441,5.139999866485596,5.168000221252441,0
2023-07-03,5.144999980926514,5.150000095367432,5.127999782562256,5.138000011444092,0
2023-07-05,5.192999839782715,5.203000068664551,5.172999858856201,5.203000068664551,0
2023-07-06,5.2129998207092285,5.21999979019165,5.199999809265137,5.208000183105469,0
2023-07-07,5.2129998207092285,5.2179999351501465,5.204999923706055,5.215000152587891,0
2023-07-10,5.224999904632568,5.228000164031982,5.184999942779541,5.208000183105469,0
2023-07-11,5.243000030517578,5.25,5.239999771118164,5.239999771118164,0
2023-07-12,5.230000019073486,5.239999771118164,5.099999904632568,5.239999771118164,0
2023-07-13,5.2230000495910645,5.230000019073486,5.204999923706055,5.2179999351501465,0
2023-07-14,5.215000152587891,5.232999801635742,5.208000183105469,5.2230000495910645,0
2023-07-17,5.232999801635742,5.23799991607666,5.2179999351501465,5.2230000495910645,0
2023-07-18,5.248000144958496,5.248000144958496,5.243000030517578,5.243000030517578,0
2023-07-19,5.244999885559082,5.25,5.099999904632568,5.244999885559082,0
2023-07-20,5.243000030517578,5.248000144958496,5.239999771118164,5.244999885559082,0
2023-07-21,5.248000144958496,5.248000144958496,5.239999771118164,5.243000030517578,0
2023-07-24,5.25,5.255000114440918,5.25,5.252999782562256,0
2023-07-25,5.264999866485596,5.26800012588501,5.260000228881836,5.264999866485596,0
2023-07-26,5.26800012588501,5.2779998779296875,5.099999904632568,5.269999980926514,0
2023-07-27,5.26800012588501,5.2729997634887695,5.244999885559082,5.264999866485596,0
2023-07-28,5.255000114440918,5.263000011444092,5.244999885559082,5.257999897003174,0
2023-07-31,5.248000144958496,5.257999897003174,5.244999885559082,5.255000114440918,0
2023-08-01,5.260000228881836,5.275000095367432,5.260000228881836,5.269999980926514,0
2023-08-02,5.260000228881836,5.264999866485596,5.260000228881836,5.263000011444092,0
2023-08-03,5.257999897003174,5.26800012588501,5.2179999351501465,5.252999782562256,0
2023-08-04,5.252999782562256,5.255000114440918,5.25,5.252999782562256,0
2023-08-07,5.260000228881836,5.260000228881836,5.244999885559082,5.244999885559082,0
2023-08-08,5.275000095367432,5.2829999923706055,5.269999980926514,5.2779998779296875,0
2023-08-09,5.28000020980835,5.284999847412109,5.099999904632568,5.284999847412109,0
2023-08-10,5.26800012588501,5.2729997634887695,5.244999885559082,5.2729997634887695,0
2023-08-11,5.264999866485596,5.2729997634887695,5.252999782562256,5.255000114440918,0
2023-08-14,5.269999980926514,5.2729997634887695,5.264999866485596,5.264999866485596,0
2023-08-15,5.28000020980835,5.284999847412109,5.269999980926514,5.28000020980835,0
2023-08-16,5.284999847412109,5.284999847412109,5.28000020980835,5.28000020980835,0
2023-08-17,5.2779998779296875,5.2829999923706055,5.264999866485596,5.2829999923706055,0
2023-08-18,5.2779998779296875,5.2779998779296875,5.264999866485596,5.269999980926514,0
2023-08-21,5.28000020980835,5.2829999923706055,5.275000095367432,5.2779998779296875,0
2023-08-22,5.295000076293945,5.300000190734863,5.293000221252441,5.293000221252441,0
2023-08-23,5.295000076293945,5.297999858856201,5.269999980926514,5.289999961853027,0
2023-08-24,5.302999973297119,5.302999973297119,5.289999961853027,5.295000076293945,0
2023-08-25,5.315000057220459,5.315000057220459,5.297999858856201,5.297999858856201,0
2023-08-28,5.322999954223633,5.324999809265137,5.317999839782715,5.320000171661377,0
2023-08-29,5.320000171661377,5.340000152587891,5.317999839782715,5.335000038146973,0
2023-08-30,5.315000057220459,5.317999839782715,5.309999942779541,5.317999839782715,0
2023-08-31,5.297999858856201,5.313000202178955,5.295000076293945,5.304999828338623,0
2023-09-01,5.26800012588501,5.288000106811523,5.21999979019165,5.288000106811523,0
2023-09-05,5.2779998779296875,5.284999847412109,5.248000144958496,5.2729997634887695,0
2023-09-06,5.300000190734863,5.309999942779541,5.199999809265137,5.308000087738037,0
2023-09-07,5.2829999923706055,5.293000221252441,5.2829999923706055,5.293000221252441,0
2023-09-08,5.293000221252441,5.293000221252441,5.275000095367432,5.2829999923706055,0
2023-09-11,5.293000221252441,5.300000190734863,5.288000106811523,5.288000106811523,0
2023-09-12,5.304999828338623,5.308000087738037,5.304999828338623,5.304999828338623,0
2023-09-13,5.304999828338623,5.315000057220459,5.26800012588501,5.313000202178955,0
2023-09-14,5.295000076293945,5.304999828338623,5.284999847412109,5.297999858856201,0
2023-09-15,5.297999858856201,5.302999973297119,5.293000221252441,5.297999858856201,0
2023-09-18,5.300000190734863,5.304999828338623,5.297999858856201,5.297999858856201,0
2023-09-19,5.309999942779541,5.313000202178955,5.304999828338623,5.304999828338623,0
2023-09-20,5.315000057220459,5.320000171661377,5.199999809265137,5.315000057220459,0
2023-09-21,5.304999828338623,5.309999942779541,5.295000076293945,5.304999828338623,0
2023-09-22,5.304999828338623,5.313000202178955,5.297999858856201,5.304999828338623,0
2023-09-25,5.313000202178955,5.315000057220459,5.302999973297119,5.313000202178955,0
2023-09-26,5.324999809265137,5.324999809265137,5.313000202178955,5.322999954223633,0
2023-09-27,5.329999923706055,5.333000183105469,5.309999942779541,5.324999809265137,0
2023-09-28,5.308000087738037,5.333000183105469,5.308000087738037,5.333000183105469,0
2023-09-29,5.300000190734863,5.304999828338623,5.288000106811523,5.295000076293945,0
2023-10-02,5.315000057220459,5.320000171661377,5.309999942779541,5.309999942779541,0
2023-10-03,5.340000152587891,5.340000152587891,5.333000183105469,5.335000038146973,0
2023-10-04,5.335000038146973,5.335000038146973,5.199999809265137,5.329999923706055,0
2023-10-05,5.324999809265137,5.333000183105469,5.322999954223633,5.328000068664551,0
2023-10-06,5.3480000495910645,5.3480000495910645,5.329999923706055,5.333000183105469,0
2023-10-09,5.3480000495910645,5.3480000495910645,5.3480000495910645,5.3480000495910645,0
2023-10-10,5.322999954223633,5.328000068664551,5.317999839782715,5.320000171661377,0
2023-10-11,5.335000038146973,5.3480000495910645,5.199999809265137,5.340000152587891,0
2023-10-12,5.335000038146973,5.340000152587891,5.324999809265137,5.328000068664551,0
2023-10-13,5.328000068664551,5.333000183105469,5.320000171661377,5.333000183105469,0
2023-10-16,5.328000068664551,5.333000183105469,5.324999809265137,5.329999923706055,0
2023-10-17,5.340000152587891,5.340000152587891,5.333000183105469,5.335000038146973,0
2023-10-18,5.329999923706055,5.340000152587891,5.324999809265137,5.3379998207092285,0
2023-10-19,5.309999942779541,5.328000068664551,5.304999828338623,5.328000068664551,0
2023-10-20,5.300000190734863,5.300000190734863,5.293000221252441,5.297999858856201,0
2023-10-23,5.293000221252441,5.302999973297119,5.289999961853027,5.297999858856201,0
2023-10-24,5.308000087738037,5.315000057220459,5.304999828338623,5.309999942779541,0
2023-10-25,5.315000057220459,5.315000057220459,5.199999809265137,5.308000087738037,0
2023-10-26,5.300000190734863,5.313000202178955,5.297999858856201,5.313000202178955,0
2023-10-27,5.304999828338623,5.308000087738037,5.300000190734863,5.300000190734863,0
2023-10-30,5.313000202178955,5.313000202178955,5.302999973297119,5.304999828338623,0
2023-10-31,5.320000171661377,5.322999954223633,5.317999839782715,5.317999839782715,0
2023-11-01,5.300000190734863,5.322999954223633,5.257999897003174,5.317999839782715,0
2023-11-02,5.269999980926514,5.289999961853027,5.263000011444092,5.289999961853027,0
2023-11-03,5.252999782562256,5.263000011444092,5.230000019073486,5.263000011444092,0
2023-11-06,5.260000228881836,5.264999866485596,5.257999897003174,5.257999897003174,0
2023-11-07,5.2729997634887695,5.2779998779296875,5.2729997634887695,5.275000095367432,0
2023-11-08,5.26800012588501,5.2779998779296875,5.26800012588501,5.275000095367432,0
2023-11-09,5.263000011444092,5.26800012588501,5.255000114440918,5.26800012588501,0
2023-11-10,5.25,5.257999897003174,5.244999885559082,5.257999897003174,0
2023-11-13,5.260000228881836,5.260000228881836,5.248000144958496,5.248000144958496,0
2023-11-14,5.252999782562256,5.28000020980835,5.248000144958496,5.28000020980835,0
2023-11-15,5.255000114440918,5.257999897003174,5.224999904632568,5.25,0
2023-11-16,5.243000030517578,5.248000144958496,5.230000019073486,5.248000144958496,0
2023-11-17,5.232999801635742,5.23799991607666,5.230000019073486,5.232999801635742,0
2023-11-20,5.23799991607666,5.239999771118164,5.232999801635742,5.232999801635742,0
2023-11-21,5.255000114440918,5.263000011444092,5.252999782562256,5.263000011444092,0
2023-11-22,5.264999866485596,5.269999980926514,5.099999904632568,5.260000228881836,0
2023-11-24,5.252999782562256,5.257999897003174,5.25,5.257999897003174,0
2023-11-27,5.257999897003174,5.263000011444092,5.257999897003174,5.257999897003174,0
2023-11-28,5.260000228881836,5.269999980926514,5.255000114440918,5.269999980926514,0
2023-11-29,5.239999771118164,5.252999782562256,5.23799991607666,5.252999782562256,0
2023-11-30,5.23799991607666,5.244999885559082,5.230000019073486,5.23799991607666,0
2023-12-01,5.215000152587891,5.232999801635742,5.204999923706055,5.230000019073486,0
2023-12-04,5.2230000495910645,5.228000164031982,5.2230000495910645,5.2230000495910645,0
2023-12-05,5.243000030517578,5.243000030517578,5.235000133514404,5.23799991607666,0
2023-12-06,5.243000030517578,5.244999885559082,5.239999771118164,5.244999885559082,0
2023-12-07,5.232999801635742,5.239999771118164,5.228000164031982,5.239999771118164,0
2023-12-08,5.232999801635742,5.235000133514404,5.208000183105469,5.230000019073486,0
2023-12-11,5.232999801635742,5.235000133514404,5.2230000495910645,5.235000133514404,0
2023-12-12,5.248000144958496,5.260000228881836,5.23799991607666,5.257999897003174,0
2023-12-13,5.2230000495910645,5.25,5.192999839782715,5.248000144958496,0
2023-12-14,5.215000152587891,5.215000152587891,5.199999809265137,5.204999923706055,0
2023-12-15,5.224999904632568,5.228000164031982,5.208000183105469,5.208000183105469,0
2023-12-18,5.224999904632568,5.230000019073486,5.2179999351501465,5.21999979019165,0
2023-12-19,5.23799991607666,5.243000030517578,5.235000133514404,5.243000030517578,0
2023-12-20,5.230000019073486,5.243000030517578,5.099999904632568,5.239999771118164,0
2023-12-21,5.210000038146973,5.21999979019165,5.204999923706055,5.21999979019165,0
2023-12-22,5.208000183105469,5.210000038146973,5.172999858856201,5.199999809265137,0
2023-12-26,5.203000068664551,5.2230000495910645,5.197999954223633,5.210000038146973,0
2023-12-27,5.235000133514404,5.235000133514404,5.099999904632568,5.230000019073486,0
2023-12-28,5.2179999351501465,5.228000164031982,5.2179999351501465,5.2179999351501465,0
2023-12-29,5.179999828338623,5.208000183105469,5.144999980926514,5.204999923706055,0
2024-01-02,5.2129998207092285,5.215000152587891,5.183000087738037,5.183000087738037,0
2024-01-03,5.235000133514404,5.235000133514404,5.230000019073486,5.235000133514404,0
2024-01-04,5.228000164031982,5.232999801635742,5.2230000495910645,5.230000019073486,0
2024-01-05,5.21999979019165,5.232999801635742,5.215000152587891,5.228000164031982,0
2024-01-08,5.21999979019165,5.228000164031982,5.2179999351501465,5.228000164031982,0
2024-01-09,5.230000019073486,5.235000133514404,5.228000164031982,5.230000019073486,0
2024-01-10,5.224999904632568,5.224999904632568,5.2179999351501465,5.21999979019165,0
2024-01-11,5.2179999351501465,5.228000164031982,5.203000068664551,5.2179999351501465,0
2024-01-12,5.197999954223633,5.2129998207092285,5.190000057220459,5.2129998207092285,0
2024-01-16,5.203000068664551,5.215000152587891,5.203000068664551,5.208000183105469,0
2024-01-17,5.215000152587891,5.224999904632568,5.099999904632568,5.21999979019165,0
2024-01-18,5.199999809265137,5.208000183105469,5.195000171661377,5.204999923706055,0
2024-01-19,5.197999954223633,5.199999809265137,5.190000057220459,5.195000171661377,0
2024-01-22,5.199999809265137,5.208000183105469,5.195000171661377,5.197999954223633,0
2024-01-23,5.210000038146973,5.2129998207092285,5.210000038146973,5.2129998207092285,0
2024-01-24,5.210000038146973,5.2129998207092285,5.203000068664551,5.210000038146973,0
2024-01-25,5.195000171661377,5.210000038146973,5.195000171661377,5.208000183105469,0
2024-01-26,5.199999809265137,5.203000068664551,5.188000202178955,5.192999839782715,0
2024-01-29,5.199999809265137,5.203000068664551,5.199999809265137,5.203000068664551,0
2024-01-30,5.203000068664551,5.208000183105469,5.197999954223633,5.199999809265137,0
2024-01-31,5.188000202178955,5.204999923706055,5.135000228881836,5.204999923706055,0
2024-02-01,5.199999809265137,5.199999809265137,5.192999839782715,5.195000171661377,0
2024-02-02,5.210000038146973,5.21999979019165,5.188000202178955,5.199999809265137,0
2024-02-05,5.228000164031982,5.228000164031982,5.204999923706055,5.208000183105469,0
2024-02-06,5.2230000495910645,5.228000164031982,5.215000152587891,5.224999904632568,0
2024-02-07,5.2230000495910645,5.224999904632568,5.2179999351501465,5.21999979019165,0
2024-02-08,5.2179999351501465,5.21999979019165,5.2129998207092285,5.215000152587891,0
2024-02-09,5.21999979019165,5.224999904632568,5.215000152587891,5.2179999351501465,0
2024-02-12,5.228000164031982,5.228000164031982,5.215000152587891,5.215000152587891,0
2024-02-13,5.232999801635742,5.244999885559082,5.21999979019165,5.224999904632568,0
2024-02-14,5.2179999351501465,5.230000019073486,5.2179999351501465,5.230000019073486,0
2024-02-15,5.2179999351501465,5.2179999351501465,5.208000183105469,5.215000152587891,0
2024-02-16,5.2230000495910645,5.228000164031982,5.210000038146973,5.2129998207092285,0
2024-02-20,5.2129998207092285,5.2230000495910645,5.2129998207092285,5.21999979019165,0
2024-02-21,5.235000133514404,5.235000133514404,5.2230000495910645,5.224999904632568,0
2024-02-22,5.232999801635742,5.23799991607666,5.230000019073486,5.230000019073486,0
2024-02-23,5.239999771118164,5.239999771118164,5.235000133514404,5.23799991607666,0
2024-02-26,5.25,5.252999782562256,5.243000030517578,5.243000030517578,0
2024-02-27,5.244999885559082,5.25,5.243000030517578,5.244999885559082,0
2024-02-28,5.239999771118164,5.239999771118164,5.235000133514404,5.23799991607666,0
2024-02-29,5.2230000495910645,5.235000133514404,5.21999979019165,5.232999801635742,0
2024-03-01,5.215000152587891,5.2230000495910645,5.215000152587891,5.2179999351501465,0
2024-03-04,5.2230000495910645,5.228000164031982,5.2179999351501465,5.2179999351501465,0
2024-03-05,5.224999904632568,5.232999801635742,5.2230000495910645,5.232999801635742,0
2024-03-06,5.230000019073486,5.232999801635742,5.230000019073486,5.230000019073486,0
2024-03-07,5.228000164031982,5.230000019073486,5.228000164031982,5.228000164031982,0
2024-03-08,5.228000164031982,5.230000019073486,5.208000183105469,5.2230000495910645,0
2024-03-11,5.239999771118164,5.243000030517578,5.232999801635742,5.232999801635742,0
2024-03-12,5.239999771118164,5.243000030517578,5.228000164031982,5.239999771118164,0
2024-03-13,5.23799991607666,5.244999885559082,5.23799991607666,5.244999885559082,0
2024-03-14,5.23799991607666,5.239999771118164,5.232999801635742,5.23799991607666,0
2024-03-15,5.23799991607666,5.23799991607666,5.235000133514404,5.235000133514404,0
2024-03-18,5.23799991607666,5.243000030517578,5.235000133514404,5.23799991607666,0
2024-03-19,5.23799991607666,5.239999771118164,5.235000133514404,5.235000133514404,0
2024-03-20,5.228000164031982,5.239999771118164,5.177999973297119,5.239999771118164,0
2024-03-21,5.228000164031982,5.228000164031982,5.224999904632568,5.224999904632568,0
2024-03-22,5.21999979019165,5.2230000495910645,5.21999979019165,5.2230000495910645,0
2024-03-25,5.2179999351501465,5.2230000495910645,5.215000152587891,5.2179999351501465,0
2024-03-26,5.2179999351501465,5.21999979019165,5.215000152587891,5.215000152587891,0
2024-03-27,5.215000152587891,5.21999979019165,5.215000152587891,5.21999979019165,0
2024-03-28,5.203000068664551,5.215000152587891,5.192999839782715,5.2129998207092285,0
2024-04-01,5.2179999351501465,5.228000164031982,5.204999923706055,5.204999923706055,0
2024-04-02,5.2129998207092285,5.21999979019165,5.208000183105469,5.21999979019165,0
2024-04-03,5.210000038146973,5.215000152587891,5.208000183105469,5.210000038146973,0
2024-04-04,5.203000068664551,5.204999923706055,5.203000068664551,5.203000068664551,0
2024-04-05,5.215000152587891,5.2179999351501465,5.192999839782715,5.199999809265137,0
2024-04-08,5.2230000495910645,5.224999904632568,5.215000152587891,5.215000152587891,0
2024-04-09,5.21999979019165,5.224999904632568,5.2179999351501465,5.2230000495910645,0
2024-04-10,5.243000030517578,5.244999885559082,5.164999961853027,5.21999979019165,0
2024-04-11,5.23799991607666,5.239999771118164,5.232999801635742,5.23799991607666,0
2024-04-12,5.230000019073486,5.230000019073486,5.228000164031982,5.230000019073486,0
2024-04-15,5.23799991607666,5.243000030517578,5.235000133514404,5.23799991607666,0
2024-04-16,5.232999801635742,5.243000030517578,5.232999801635742,5.23799991607666,0
2024-04-17,5.239999771118164,5.243000030517578,5.23799991607666,5.23799991607666,0
2024-04-18,5.243000030517578,5.248000144958496,5.239999771118164,5.243000030517578,0
2024-04-19,5.244999885559082,5.244999885559082,5.243000030517578,5.243000030517578,0
2024-04-22,5.244999885559082,5.248000144958496,5.244999885559082,5.244999885559082,0
2024-04-23,5.244999885559082,5.248000144958496,5.244999885559082,5.244999885559082,0
2024-04-24,5.255000114440918,5.255000114440918,5.252999782562256,5.252999782562256,0
2024-04-25,5.244999885559082,5.252999782562256,5.243000030517578,5.248000144958496,0
2024-04-26,5.23799991607666,5.239999771118164,5.23799991607666,5.239999771118164,0
2024-04-29,5.243000030517578,5.248000144958496,5.239999771118164,5.243000030517578,0
2024-04-30,5.244999885559082,5.248000144958496,5.239999771118164,5.243000030517578,0
2024-05-01,5.25,5.255000114440918,5.208000183105469,5.25,0
2024-05-02,5.23799991607666,5.243000030517578,5.23799991607666,5.243000030517578,0
2024-05-03,5.235000133514404,5.23799991607666,5.2230000495910645,5.23799991607666,0
2024-05-06,5.239999771118164,5.243000030517578,5.235000133514404,5.23799991607666,0
2024-05-07,5.243000030517578,5.243000030517578,5.239999771118164,5.239999771118164,0
2024-05-08,5.244999885559082,5.244999885559082,5.244999885559082,5.244999885559082,0
2024-05-09,5.239999771118164,5.244999885559082,5.239999771118164,5.244999885559082,0
2024-05-10,5.243000030517578,5.244999885559082,5.23799991607666,5.239999771118164,0
2024-05-13,5.239999771118164,5.244999885559082,5.239999771118164,5.239999771118164,0
2024-05-14,5.235000133514404,5.243000030517578,5.235000133514404,5.239999771118164,0
2024-05-15,5.239999771118164,5.243000030517578,5.235000133514404,5.239999771118164,0
2024-05-16,5.243000030517578,5.243000030517578,5.23799991607666,5.239999771118164,0
2024-05-17,5.239999771118164,5.243000030517578,5.239999771118164,5.239999771118164,0
2024-05-20,5.239999771118164,5.239999771118164,5.23799991607666,5.239999771118164,0
2024-05-21,5.239999771118164,5.239999771118164,5.235000133514404,5.23799991607666,0
2024-05-22,5.244999885559082,5.244999885559082,5.239999771118164,5.243000030517578,0
2024-05-23,5.244999885559082,5.248000144958496,5.23799991607666,5.239999771118164,0
2024-05-24,5.244999885559082,5.248000144958496,5.244999885559082,5.244999885559082,0
2024-05-28,5.248000144958496,5.25,5.248000144958496,5.248000144958496,0
2024-05-29,5.25,5.25,5.25,5.25,0
2024-05-30,5.248000144958496,5.25,5.248000144958496,5.248000144958496,0
2024-05-31,5.244999885559082,5.248000144958496,5.243000030517578,5.248000144958496,0
2024-06-03,5.243000030517578,5.244999885559082,5.243000030517578,5.244999885559082,0
2024-06-04,5.239999771118164,5.243000030517578,5.239999771118164,5.243000030517578,0
2024-06-05,5.239999771118164,5.244999885559082,5.239999771118164,5.244999885559082,0
2024-06-06,5.232999801635742,5.23799991607666,5.230000019073486,5.23799991607666,0
2024-06-07,5.23799991607666,5.243000030517578,5.228000164031982,5.230000019073486,0
2024-06-10,5.232999801635742,5.235000133514404,5.232999801635742,5.232999801635742,0
2024-06-11,5.244999885559082,5.244999885559082,5.239999771118164,5.239999771118164,0
2024-06-12,5.243000030517578,5.244999885559082,5.23799991607666,5.244999885559082,0
2024-06-13,5.239999771118164,5.243000030517578,5.232999801635742,5.239999771118164,0
2024-06-14,5.239999771118164,5.239999771118164,5.23799991607666,5.23799991607666,0
2024-06-17,5.243000030517578,5.244999885559082,5.236999988555908,5.236999988555908,0
2024-06-18,5.235000133514404,5.244999885559082,5.230000019073486,5.244999885559082,0
2024-06-20,5.224999904632568,5.230000019073486,5.224999904632568,5.228000164031982,0
2024-06-21,5.215000152587891,5.2230000495910645,5.2129998207092285,5.21999979019165,0
2024-06-24,5.210000038146973,5.215000152587891,5.208000183105469,5.215000152587891,0
2024-06-25,5.2230000495910645,5.224999904632568,5.2230000495910645,5.224999904632568,0
2024-06-26,5.230000019073486,5.23199987411499,5.230000019073486,5.23199987411499,0
2024-06-27,5.2230000495910645,5.228000164031982,5.21999979019165,5.228000164031982,0
2024-06-28,5.2129998207092285,5.2230000495910645,5.2129998207092285,5.21999979019165,0
2024-07-01,5.2179999351501465,5.2230000495910645,5.215000152587891,5.215000152587891,0
2024-07-02,5.228000164031982,5.23199987411499,5.224999904632568,5.228000164031982,0
2024-07-03,5.230000019073486,5.230000019073486,5.150000095367432,5.228000164031982,0
2024-07-05,5.224999904632568,5.228000164031982,5.210000038146973,5.2230000495910645,0
2024-07-08,5.2179999351501465,5.228000164031982,5.2179999351501465,5.228000164031982,0
2024-07-09,5.224999904632568,5.228000164031982,5.2230000495910645,5.2230000495910645,0
2024-07-10,5.224999904632568,5.228000164031982,5.224999904632568,5.224999904632568,0
2024-07-11,5.197999954223633,5.2179999351501465,5.197999954223633,5.2179999351501465,0
2024-07-12,5.197999954223633,5.199999809265137,5.188000202178955,5.197999954223633,0
2024-07-15,5.192999839782715,5.195000171661377,5.188000202178955,5.195000171661377,0
2024-07-16,5.192999839782715,5.192999839782715,5.184999942779541,5.188000202178955,0
2024-07-17,5.195000171661377,5.197999954223633,5.192999839782715,5.195000171661377,0
2024-07-18,5.192999839782715,5.195000171661377,5.190000057220459,5.195000171661377,0
2024-07-19,5.192999839782715,5.195000171661377,5.190000057220459,5.190000057220459,0
2024-07-22,5.190000057220459,5.192999839782715,5.184999942779541,5.192999839782715,0
2024-07-23,5.172999858856201,5.175000190734863,5.172999858856201,5.175000190734863,0
2024-07-24,5.170000076293945,5.175000190734863,5.164999961853027,5.175000190734863,0
2024-07-25,5.159999847412109,5.163000106811523,5.138000011444092,5.1579999923706055,0
2024-07-26,5.15500020980835,5.1579999923706055,5.15500020980835,5.1579999923706055,0
2024-07-29,5.146999835968018,5.15500020980835,5.135000228881836,5.15500020980835,0
2024-07-30,5.135000228881836,5.144999980926514,5.132999897003174,5.14300012588501,0
2024-07-31,5.135000228881836,5.135000228881836,5.118000030517578,5.130000114440918,0
2024-08-01,5.114999771118164,5.127999782562256,5.111999988555908,5.127999782562256,0
2024-08-02,5.03000020980835,5.0980000495910645,5.010000228881836,5.0980000495910645,0
2024-08-05,5.059999942779541,5.074999809265137,4.909999847412109,4.947999954223633,0
2024-08-06,5.079999923706055,5.079999923706055,5.063000202178955,5.072999954223633,0
2024-08-07,5.079999923706055,5.085000038146973,5.070000171661377,5.079999923706055,0
2024-08-08,5.083000183105469,5.085000038146973,5.065000057220459,5.072999954223633,0
2024-08-09,5.074999809265137,5.074999809265137,5.059999942779541,5.072999954223633,0
2024-08-12,5.072999954223633,5.078000068664551,5.072999954223633,5.072999954223633,0
2024-08-13,5.052999973297119,5.067999839782715,5.052999973297119,5.065000057220459,0
2024-08-14,5.063000202178955,5.067999839782715,4.9730000495910645,5.050000190734863,0
2024-08-15,5.079999923706055,5.083000183105469,5.047999858856201,5.057000160217285,0
2024-08-16,5.074999809265137,5.078000068664551,5.067999839782715,5.070000171661377,0
2024-08-19,5.063000202178955,5.074999809265137,5.057000160217285,5.072999954223633,0
2024-08-20,5.0329999923706055,5.047999858856201,5.0329999923706055,5.047999858856201,0
2024-08-21,5.005000114440918,5.025000095367432,4.954999923706055,5.025000095367432,0
2024-08-22,5.025000095367432,5.025000095367432,5.013000011444092,5.01800012588501,0
2024-08-23,5.0,5.019999980926514,4.998000144958496,5.01800012588501,0
2024-08-26,4.998000144958496,5.007999897003174,4.998000144958496,5.0,0
2024-08-27,4.9679999351501465,4.978000164031982,4.9679999351501465,4.978000164031982,0
2024-08-28,4.954999923706055,4.965000152587891,4.953000068664551,4.960000038146973,0
2024-08-29,4.965000152587891,4.965000152587891,4.947999954223633,4.953000068664551,0
2024-08-30,4.9679999351501465,4.96999979019165,4.960000038146973,4.960000038146973,0
2024-09-03,4.96999979019165,4.9730000495910645,4.9629998207092285,4.965000152587891,0
2024-09-04,4.947999954223633,4.960000038146973,4.90500020980835,4.954999923706055,0
2024-09-05,4.932000160217285,4.947999954223633,4.927999973297119,4.934999942779541,0
2024-09-06,4.9079999923706055,4.914999961853027,4.820000171661377,4.9079999923706055,0
2024-09-09,4.894999980926514,4.925000190734863,4.894999980926514,4.914999961853027,0
2024-09-10,4.835000038146973,4.882999897003174,4.835000038146973,4.880000114440918,0
2024-09-11,4.875,4.875,4.802999973297119,4.84499979019165,0
2024-09-12,4.840000152587891,4.85699987411499,4.840000152587891,4.85699987411499,0
2024-09-13,4.763000011444092,4.788000106811523,4.760000228881836,4.784999847412109,0
2024-09-16,4.744999885559082,4.748000144958496,4.697000026702881,4.7230000495910645,0
2024-09-17,4.735000133514404,4.75,4.73199987411499,4.743000030517578,0
2024-09-18,4.614999771118164,4.75,4.59499979019165,4.736999988555908,0
2024-09-19,4.5929999351501465,4.618000030517578,4.5929999351501465,4.614999771118164,0
2024-09-20,4.545000076293945,4.5929999351501465,4.543000221252441,4.590000152587891,0
2024-09-23,4.502999782562256,4.547999858856201,4.5,4.545000076293945,0
2024-09-24,4.494999885559082,4.51800012588501,4.494999885559082,4.514999866485596,0
2024-09-25,4.486999988555908,4.494999885559082,4.478000164031982,4.493000030517578,0
2024-09-26,4.4679999351501465,4.4730000495910645,4.458000183105469,4.46999979019165,0
2024-09-27,4.48199987411499,4.48199987411499,4.4629998207092285,4.478000164031982,0
2024-09-30,4.498000144958496,4.505000114440918,4.480000019073486,4.48199987411499,0
2024-10-01,4.48199987411499,4.502999782562256,4.478000164031982,4.502999782562256,0
2024-10-02,4.4730000495910645,4.494999885559082,4.465000152587891,4.489999771118164,0
2024-10-03,4.465000152587891,4.4730000495910645,4.449999809265137,4.4629998207092285,0
2024-10-04,4.505000114440918,4.507999897003174,4.440000057220459,4.460000038146973,0
2024-10-07,4.525000095367432,4.5279998779296875,4.489999771118164,4.5,0
2024-10-08,4.5279998779296875,4.534999847412109,4.521999835968018,4.5279998779296875,0
2024-10-09,4.534999847412109,4.534999847412109,4.519999980926514,4.525000095367432,0
2024-10-10,4.53000020980835,4.5329999923706055,4.502999782562256,4.525000095367432,0
2024-10-11,4.514999866485596,4.519999980926514,4.5,4.51800012588501,0
2024-10-14,4.51800012588501,4.51800012588501,4.51800012588501,4.51800012588501,0
2024-10-15,4.514999866485596,4.521999835968018,4.502999782562256,4.521999835968018,0
2024-10-16,4.502999782562256,4.502999782562256,4.498000144958496,4.5,0
2024-10-17,4.514999866485596,4.519999980926514,4.498000144958496,4.498000144958496,0
2024-10-18,4.513000011444092,4.51800012588501,4.510000228881836,4.514999866485596,0
2024-10-21,4.51800012588501,4.51800012588501,4.510000228881836,4.513000011444092,0
2024-10-22,4.5,4.5,4.493000030517578,4.5,0
2024-10-23,4.505000114440918,4.510000228881836,4.489999771118164,4.489999771118164,0
2024-10-24,4.486999988555908,4.498000144958496,4.485000133514404,4.493000030517578,0
2024-10-25,4.510000228881836,4.510000228881836,4.478000164031982,4.478000164031982,0
2024-10-28,4.48199987411499,4.507999897003174,4.480000019073486,4.502999782562256,0
2024-10-29,4.480000019073486,4.485000133514404,4.478000164031982,4.485000133514404,0
2024-10-30,4.4629998207092285,4.485000133514404,4.460000038146973,4.48199987411499,0
2024-10-31,4.432000160217285,4.460000038146973,4.422999858856201,4.460000038146973,0
2024-11-01,4.400000095367432,4.427999973297119,4.39300012588501,4.427999973297119,0
2024-11-04,4.418000221252441,4.420000076293945,4.385000228881836,4.394999980926514,0
2024-11-05,4.422999858856201,4.427999973297119,4.420000076293945,4.425000190734863,0
2024-11-06,4.429999828338623,4.434999942779541,4.420000076293945,4.427999973297119,0
2024-11-07,4.420000076293945,4.427999973297119,4.4029998779296875,4.413000106811523,0
2024-11-08,4.422999858856201,4.422999858856201,4.409999847412109,4.413000106811523,0
2024-11-11,4.414999961853027,4.414999961853027,4.414999961853027,4.414999961853027,0
2024-11-12,4.422999858856201,4.425000190734863,4.420000076293945,4.420000076293945,0
2024-11-13,4.389999866485596,4.422999858856201,4.385000228881836,4.418000221252441,0
2024-11-14,4.382999897003174,4.389999866485596,4.377999782562256,4.377999782562256,0
2024-11-15,4.39300012588501,4.396999835968018,4.385000228881836,4.389999866485596,0
2024-11-18,4.4029998779296875,4.4029998779296875,4.39300012588501,4.394999980926514,0
2024-11-19,4.4079999923706055,4.409999847412109,4.4029998779296875,4.4079999923706055,0
2024-11-20,4.409999847412109,4.414999961853027,4.409999847412109,4.409999847412109,0
2024-11-21,4.413000106811523,4.413000106811523,4.400000095367432,4.4029998779296875,0
2024-11-22,4.414999961853027,4.420000076293945,4.4079999923706055,4.4079999923706055,0
2024-11-25,4.40500020980835,4.413000106811523,4.4029998779296875,4.413000106811523,0
2024-11-26,4.394999980926514,4.4079999923706055,4.394999980926514,4.396999835968018,0
2024-11-27,4.385000228881836,4.396999835968018,4.385000228881836,4.388000011444092,0
2024-11-29,4.373000144958496,4.388000011444092,4.368000030517578,4.385000228881836,0
2024-12-02,4.380000114440918,4.396999835968018,4.375,4.375,0
2024-12-03,4.35699987411499,4.368000030517578,4.353000164031982,4.364999771118164,0
2024-12-04,4.34499979019165,4.355000019073486,4.340000152587891,4.355000019073486,0
2024-12-05,4.329999923706055,4.340000152587891,4.328000068664551,4.340000152587891,0
2024-12-06,4.295000076293945,4.333000183105469,4.295000076293945,4.329999923706055,0
2024-12-09,4.293000221252441,4.297999858856201,4.289999961853027,4.289999961853027,0
2024-12-10,4.284999847412109,4.295000076293945,4.284999847412109,4.293000221252441,0
2024-12-11,4.255000114440918,4.28000020980835,4.25,4.28000020980835,0
2024-12-12,4.2230000495910645,4.25,4.21999979019165,4.248000144958496,0
2024-12-13,4.2179999351501465,4.21999979019165,4.2179999351501465,4.2179999351501465,0
2024-12-16,4.228000164031982,4.23199987411499,4.215000152587891,4.215000152587891,0
2024-12-17,4.239999771118164,4.243000030517578,4.23199987411499,4.236999988555908,0
2024-12-18,4.23199987411499,4.243000030517578,4.21999979019165,4.23199987411499,0
2024-12-19,4.21999979019165,4.224999904632568,4.2179999351501465,4.224999904632568,0
2024-12-20,4.215000152587891,4.21999979019165,4.2129998207092285,4.2179999351501465,0
2024-12-23,4.215000152587891,4.224999904632568,4.215000152587891,4.2179999351501465,0
2024-12-24,4.199999809265137,4.21999979019165,4.150000095367432,4.21999979019165,0
2024-12-26,4.215000152587891,4.224999904632568,4.204999923706055,4.210000038146973,0
2024-12-27,4.177999973297119,4.208000183105469,4.175000190734863,4.203000068664551,0
2024-12-30,4.182000160217285,4.184999942779541,4.172999858856201,4.177999973297119,0
2024-12-31,4.208000183105469,4.2179999351501465,4.15500020980835,4.210000038146973,0
2025-01-02,4.208000183105469,4.2129998207092285,4.199999809265137,4.208000183105469,0
2025-01-03,4.192999839782715,4.197000026702881,4.190000057220459,4.197000026702881,0
2025-01-06,4.190000057220459,4.192999839782715,4.184999942779541,4.188000202178955,0
2025-01-07,4.203000068664551,4.210000038146973,4.195000171661377,4.195000171661377,0
2025-01-08,4.204999923706055,4.204999923706055,4.203000068664551,4.204999923706055,0
2025-01-10,4.2129998207092285,4.2129998207092285,4.195000171661377,4.197000026702881,0
2025-01-13,4.2179999351501465,4.2230000495910645,4.2179999351501465,4.2179999351501465,0
2025-01-14,4.2129998207092285,4.21999979019165,4.2129998207092285,4.21999979019165,0
2025-01-15,4.204999923706055,4.215000152587891,4.197000026702881,4.215000152587891,0
2025-01-16,4.195000171661377,4.203000068664551,4.179999828338623,4.199999809265137,0
2025-01-17,4.192999839782715,4.203000068664551,4.190000057220459,4.192999839782715,0
2025-01-21,4.197000026702881,4.197000026702881,4.190000057220459,4.190000057220459,0
2025-01-22,4.215000152587891,4.215000152587891,4.210000038146973,4.210000038146973,0
2025-01-23,4.2129998207092285,4.2129998207092285,4.210000038146973,4.2129998207092285,0
2025-01-24,4.204999923706055,4.208000183105469,4.203000068664551,4.208000183105469,0
2025-01-27,4.188000202178955,4.199999809265137,4.184999942779541,4.197000026702881,0
2025-01-28,4.190000057220459,4.192999839782715,4.188000202178955,4.192999839782715,0
2025-01-29,4.188000202178955,4.190000057220459,4.172999858856201,4.184999942779541,0
2025-01-30,4.182000160217285,4.184999942779541,4.179999828338623,4.182000160217285,0
2025-01-31,4.188000202178955,4.188000202178955,4.182000160217285,4.184999942779541,0
2025-02-03,4.190000057220459,4.190000057220459,4.188000202178955,4.188000202178955,0
2025-02-04,4.2129998207092285,4.215000152587891,4.210000038146973,4.2129998207092285,0
2025-02-05,4.210000038146973,4.2129998207092285,4.210000038146973,4.210000038146973,0
2025-02-06,4.2129998207092285,4.2129998207092285,4.208000183105469,4.210000038146973,0
2025-02-07,4.228000164031982,4.228000164031982,4.204999923706055,4.208000183105469,0
2025-02-10,4.228000164031982,4.228000164031982,4.2230000495910645,4.224999904632568,0
2025-02-11,4.224999904632568,4.224999904632568,4.2230000495910645,4.224999904632568,0
2025-02-12,4.228000164031982,4.235000133514404,4.215000152587891,4.224999904632568,0
2025-02-13,4.2129998207092285,4.21999979019165,4.2129998207092285,4.2179999351501465,0
2025-02-14,4.2129998207092285,4.2129998207092285,4.203000068664551,4.210000038146973,0
2025-02-18,4.2129998207092285,4.2179999351501465,4.204999923706055,4.2129998207092285,0
2025-02-19,4.2179999351501465,4.2230000495910645,4.2179999351501465,4.21999979019165,0
2025-02-20,4.204999923706055,4.210000038146973,4.203000068664551,4.210000038146973,0
2025-02-21,4.197000026702881,4.203000068664551,4.197000026702881,4.199999809265137,0
2025-02-24,4.190000057220459,4.203000068664551,4.190000057220459,4.199999809265137,0
2025-02-25,4.182000160217285,4.184999942779541,4.179999828338623,4.179999828338623,0
2025-02-26,4.192999839782715,4.192999839782715,4.182000160217285,4.182000160217285,0
2025-02-27,4.195000171661377,4.197000026702881,4.188000202178955,4.190000057220459,0
2025-02-28,4.192999839782715,4.192999839782715,4.188000202178955,4.188000202178955,0
2025-03-03,4.192999839782715,4.192999839782715,4.188000202178955,4.188000202178955,0
2025-03-04,4.195000171661377,4.195000171661377,4.179999828338623,4.184999942779541,0
2025-03-05,4.204999923706055,4.208000183105469,4.192999839782715,4.195000171661377,0
2025-03-06,4.197000026702881,4.199999809265137,4.192999839782715,4.197000026702881,0
2025-03-07,4.197000026702881,4.197000026702881,4.182000160217285,4.188000202178955,0
2025-03-10,4.184999942779541,4.192999839782715,4.184999942779541,4.192999839782715,0
2025-03-11,4.195000171661377,4.195000171661377,4.184999942779541,4.184999942779541,0
2025-03-12,4.197000026702881,4.208000183105469,4.192999839782715,4.197000026702881,0
2025-03-13,4.188000202178955,4.192999839782715,4.184999942779541,4.192999839782715,0
2025-03-14,4.188000202178955,4.192999839782715,4.184999942779541,4.188000202178955,0
2025-03-17,4.188000202178955,4.195000171661377,4.184999942779541,4.188000202178955,0
2025-03-18,4.195000171661377,4.195000171661377,4.190000057220459,4.195000171661377,0
2025-03-19,4.190000057220459,4.199999809265137,4.188000202178955,4.195000171661377,0
2025-03-20,4.182000160217285,4.184999942779541,4.182000160217285,4.182000160217285,0
2025-03-21,4.184999942779541,4.184999942779541,4.179999828338623,4.184999942779541,0
2025-03-24,4.182000160217285,4.188000202178955,4.182000160217285,4.188000202178955,0
2025-03-25,4.182000160217285,4.188000202178955,4.182000160217285,4.188000202178955,0
2025-03-26,4.190000057220459,4.192999839782715,4.184999942779541,4.184999942779541,0
2025-03-27,4.188000202178955,4.188000202178955,4.184999942779541,4.188000202178955,0
2025-03-28,4.188000202178955,4.188000202178955,4.175000190734863,4.177999973297119,0
2025-03-31,4.192999839782715,4.192999839782715,4.182000160217285,4.182000160217285,0
2025-04-01,4.199999809265137,4.199999809265137,4.197000026702881,4.197000026702881,0
2025-04-02,4.203000068664551,4.204999923706055,4.195000171661377,4.195000171661377,0
2025-04-03,4.184999942779541,4.188000202178955,4.179999828338623,4.182000160217285,0
2025-04-04,4.15500020980835,4.163000106811523,4.09499979019165,4.139999866485596,0
2025-04-07,4.150000095367432,4.15500020980835,4.118000030517578,4.119999885559082,0
2025-04-08,4.177999973297119,4.190000057220459,4.175000190734863,4.175000190734863,0
2025-04-09,4.228000164031982,4.243000030517578,4.203000068664551,4.203000068664551,0
2025-04-10,4.197000026702881,4.203000068664551,4.184999942779541,4.197000026702881,0
2025-04-11,4.2129998207092285,4.2129998207092285,4.179999828338623,4.179999828338623,0
2025-04-14,4.195000171661377,4.215000152587891,4.190000057220459,4.204999923706055,0
2025-04-15,4.199999809265137,4.210000038146973,4.199999809265137,4.210000038146973,0
2025-04-16,4.208000183105469,4.210000038146973,4.192999839782715,4.195000171661377,0
2025-04-17,4.204999923706055,4.208000183105469,4.190000057220459,4.197000026702881,0
2025-04-21,4.210000038146973,4.2179999351501465,4.199999809265137,4.204999923706055,0
2025-04-22,4.2129998207092285,4.2129998207092285,4.210000038146973,4.210000038146973,0
2025-04-23,4.208000183105469,4.208000183105469,4.203000068664551,4.203000068664551,0
2025-04-24,4.197000026702881,4.197000026702881,4.190000057220459,4.197000026702881,0
2025-04-25,4.192999839782715,4.195000171661377,4.192999839782715,4.192999839782715,0
2025-04-28,4.192999839782715,4.197000026702881,4.190000057220459,4.192999839782715,0
2025-04-29,4.190000057220459,4.195000171661377,4.190000057220459,4.195000171661377,0
2025-04-30,4.190000057220459,4.192999839782715,4.188000202178955,4.188000202178955,0
2025-05-01,4.184999942779541,4.190000057220459,4.170000076293945,4.175000190734863,0
2025-05-02,4.208000183105469,4.210000038146973,4.175000190734863,4.182000160217285,0
2025-05-05,4.208000183105469,4.2129998207092285,4.204999923706055,4.204999923706055,0
2025-05-06,4.210000038146973,4.2129998207092285,4.210000038146973,4.2129998207092285,0
2025-05-07,4.215000152587891,4.215000152587891,4.163000106811523,4.210000038146973,0
2025-05-08,4.215000152587891,4.2179999351501465,4.204999923706055,4.208000183105469,0
2025-05-09,4.213000297546387,4.213000297546387,4.210000038146973,4.210000038146973,0
