date,open,high,low,close,volume,liquidity_usd,liquidity_base,market_cap_usd,market_cap_base,source
2025-05-22,4.62147795052022,4.729512707461497,4.605521955291034,4.690358438897642,9040829.43546906,9228163.343,1967475.0796164873,1649400121.53962,351657585.0282506,JLP_SOL
2025-05-21,4.5422878617436,4.65830505159275,4.51194801290585,4.62147795052022,15789316.129426,9228163.343,1967475.0796164873,1649400121.53962,351657585.0282506,JLP_SOL
2025-05-20,4.53941562020473,4.61408365730397,4.4873401792751,4.5422878617436,14379508.5490047,9228163.343,1967475.0796164873,1649400121.53962,351657585.0282506,JLP_SOL
2025-05-19,4.594876881179,4.60358250541582,4.39645055852575,4.53941562020473,14354756.1601005,9228163.343,1967475.0796164873,1649400121.53962,351657585.0282506,JLP_SOL
2025-05-18,4.4979568158853,4.64907375216611,4.45755592596566,4.594876881179,11355062.9838635,9228163.343,1967475.0796164873,1649400121.53962,351657585.0282506,JLP_SOL
2025-05-17,4.52215743530634,4.55322538579739,4.46551028906558,4.4979568158853,11405441.2943162,9228163.343,1967475.0796164873,1649400121.53962,351657585.0282506,JLP_SOL
2025-05-16,4.54031488490081,4.61003374341055,4.50025938340753,4.52215743530634,13630147.6006116,9228163.343,1967475.0796164873,1649400121.53962,351657585.0282506,JLP_SOL
2025-05-15,4.62825419235063,4.65171848637042,4.492635353967,4.54031488490081,17604689.1580225,9228163.343,1967475.0796164873,1649400121.53962,351657585.0282506,JLP_SOL
2025-05-14,4.71468430366027,4.72821223697831,4.57155954165118,4.62825419235063,13214200.2653825,9228163.343,1967475.0796164873,1649400121.53962,351657585.0282506,JLP_SOL
2025-05-13,4.5778394877466,4.72758454903074,4.47170239564064,4.71468430366027,17777387.0800228,9228163.343,1967475.0796164873,1649400121.53962,351657585.0282506,JLP_SOL
2025-05-12,4.5585943133695,4.66931659598837,4.47132715883094,4.5778394877466,23769870.9664159,9228163.343,1967475.0796164873,1649400121.53962,351657585.0282506,JLP_SOL
2025-05-11,4.62704630727974,4.65649180862696,4.49572617471251,4.5585943133695,13704324.5726247,9228163.343,1967475.0796164873,1649400121.53962,351657585.0282506,JLP_SOL
2025-05-10,4.53600774232389,4.64770151557787,4.45557418567255,4.62704630727974,8166658.23251779,9228163.343,1967475.0796164873,1649400121.53962,351657585.0282506,JLP_SOL
2025-05-09,4.39578702237963,4.57508362221891,4.36427708951538,4.53600774232389,19872575.5713058,9228163.343,1967475.0796164873,1649400121.53962,351657585.0282506,JLP_SOL
2025-05-08,4.11697251176218,4.41879959039601,4.10359250633783,4.39578702237963,11446083.423513,9228163.343,1967475.0796164873,1649400121.53962,351657585.0282506,JLP_SOL
2025-05-07,4.10392800107263,4.15054339045576,4.06678237309762,4.11697251176218,8651679.34677634,9228163.343,1967475.0796164873,1649400121.53962,351657585.0282506,JLP_SOL
2025-05-06,4.10239221630088,4.10785361159045,4.0169547520526,4.10392800107263,6786297.51991422,9228163.343,1967475.0796164873,1649400121.53962,351657585.0282506,JLP_SOL
2025-05-05,4.060889508949,4.11655449592766,4.03548334752312,4.10239221630088,7050110.71851209,9228163.343,1967475.0796164873,1649400121.53962,351657585.0282506,JLP_SOL
2025-05-04,4.11299380661458,4.12470768244241,4.05123879335796,4.060889508949,4041865.61461631,9228163.343,1967475.0796164873,1649400121.53962,351657585.0282506,JLP_SOL
2025-05-03,4.12144663710386,4.14422543990314,4.08907898320546,4.11299380661458,3336581.47328021,9228163.343,1967475.0796164873,1649400121.53962,351657585.0282506,JLP_SOL
2025-05-02,4.15613128098889,4.18202996750581,4.11322991185982,4.12144663710386,6454159.77956624,9228163.343,1967475.0796164873,1649400121.53962,351657585.0282506,JLP_SOL
2025-05-01,4.09785692382946,4.19856657430998,4.08964590363195,4.15613128098889,6144235.44677688,9228163.343,1967475.0796164873,1649400121.53962,351657585.0282506,JLP_SOL
2025-04-30,4.08101521651023,4.11189971692695,3.99445991165714,4.09785692382946,12272310.3961021,9228163.343,1967475.0796164873,1649400121.53962,351657585.0282506,JLP_SOL
2025-04-29,4.10069319388971,4.13494845072182,4.04750559241706,4.08101521651023,11304662.4530676,9228163.343,1967475.0796164873,1649400121.53962,351657585.0282506,JLP_SOL
2025-04-28,4.10549741065241,4.18281638210193,4.04550690981267,4.10069319388971,17418587.2017611,9228163.343,1967475.0796164873,1649400121.53962,351657585.0282506,JLP_SOL
2025-04-27,4.11592935647478,4.1541951828703,4.07076963756028,4.10549741065241,9298175.85740736,9228163.343,1967475.0796164873,1649400121.53962,351657585.0282506,JLP_SOL
2025-04-26,4.13117180835849,4.16760142097632,4.08800472722876,4.11592935647478,7964048.62622654,9228163.343,1967475.0796164873,1649400121.53962,351657585.0282506,JLP_SOL
2025-04-25,4.13160257063394,4.20198388582579,4.11007856510767,4.13117180835849,19325096.5755461,9228163.343,1967475.0796164873,1649400121.53962,351657585.0282506,JLP_SOL
2025-04-24,4.12433448256164,4.14974996106413,4.02702028391167,4.13160257063394,17792590.4214561,9228163.343,1967475.0796164873,1649400121.53962,351657585.0282506,JLP_SOL
2025-04-23,4.08612287970385,4.18254518221057,4.06972834189957,4.12433448256164,20862401.5560125,9228163.343,1967475.0796164873,1649400121.53962,351657585.0282506,JLP_SOL
2025-04-22,3.87525576329991,4.10715005726394,3.84756666666667,4.08612287970385,16452134.8613725,9228163.343,1967475.0796164873,1649400121.53962,351657585.0282506,JLP_SOL
2025-04-21,3.87463701978992,3.95876840424167,3.84637919992899,3.87525576329991,9355851.58963992,9228163.343,1967475.0796164873,1649400121.53962,351657585.0282506,JLP_SOL
2025-04-20,3.90639847152789,3.93911656315793,3.84720995450425,3.87463701978992,4841176.31955188,9228163.343,1967475.0796164873,1649400121.53962,351657585.0282506,JLP_SOL
2025-04-19,3.83480462461818,3.92130085244505,3.80180937628476,3.90639847152789,7297804.09647612,9228163.343,1967475.0796164873,1649400121.53962,351657585.0282506,JLP_SOL
2025-04-18,3.83759102826825,3.86240927573498,3.80954117018113,3.83480462461818,7689328.47980396,9228163.343,1967475.0796164873,1649400121.53962,351657585.0282506,JLP_SOL
2025-04-17,3.79299922166002,3.86768725257217,3.77062192685654,3.83759102826825,10491313.0978389,9228163.343,1967475.0796164873,1649400121.53962,351657585.0282506,JLP_SOL
2025-04-16,3.73560507464851,3.82895850535647,3.67256757725905,3.79299922166002,9664125.43064556,9228163.343,1967475.0796164873,1649400121.53962,351657585.0282506,JLP_SOL
2025-04-15,3.77578988908253,3.86414990508002,3.72862196644692,3.73560507464851,7669719.36053613,9228163.343,1967475.0796164873,1649400121.53962,351657585.0282506,JLP_SOL
2025-04-14,3.74949439790687,3.86429649818029,3.74021734094559,3.77578988908253,10561187.2384107,9228163.343,1967475.0796164873,1649400121.53962,351657585.0282506,JLP_SOL
2025-04-13,3.81507536585466,3.8384144733947,3.70464560594773,3.74949439790687,7854665.45537485,9228163.343,1967475.0796164873,1649400121.53962,351657585.0282506,JLP_SOL
2025-04-12,3.65752548294361,3.84159068550016,3.59644681096841,3.81507536585466,6620621.26392624,9228163.343,1967475.0796164873,1649400121.53962,351657585.0282506,JLP_SOL
2025-04-11,3.52467449711982,3.678366317911,3.50457983309136,3.65752548294361,5247498.29510317,9228163.343,1967475.0796164873,1649400121.53962,351657585.0282506,JLP_SOL
2025-04-10,3.64224740381426,3.64756412395944,3.45812099772368,3.52467449711982,5616497.49367122,9228163.343,1967475.0796164873,1649400121.53962,351657585.0282506,JLP_SOL
2025-04-09,3.40300497132558,3.66992699445998,3.32123565361592,3.64224740381426,12764877.606995,9228163.343,1967475.0796164873,1649400121.53962,351657585.0282506,JLP_SOL
2025-04-08,3.44142901466659,3.53589563445417,3.3585381935944,3.40300497132558,8782537.48808399,9228163.343,1967475.0796164873,1649400121.53962,351657585.0282506,JLP_SOL
2025-04-07,3.4078461920088,3.54207974416627,3.22700321744387,3.44142901466659,17421766.2362992,9228163.343,1967475.0796164873,1649400121.53962,351657585.0282506,JLP_SOL
2025-04-06,3.6477919045109,3.66841498939161,3.34678911465028,3.4078461920088,7633748.77012817,9228163.343,1967475.0796164873,1649400121.53962,351657585.0282506,JLP_SOL
2025-04-05,3.68647738111217,3.70032916666667,3.60453635337129,3.6477919045109,2120652.6324514,9228163.343,1967475.0796164873,1649400121.53962,351657585.0282506,JLP_SOL
2025-04-04,3.61610653966345,3.70905879110953,3.54738058189633,3.68647738111217,7204968.53729811,9228163.343,1967475.0796164873,1649400121.53962,351657585.0282506,JLP_SOL
2025-04-03,3.62009895948915,3.66343469549715,3.52748827615401,3.61610653966345,7582782.99630823,9228163.343,1967475.0796164873,1649400121.53962,351657585.0282506,JLP_SOL
2025-04-02,3.74388329427416,3.86662007161727,3.59827567068516,3.62009895948915,11559136.3944634,9228163.343,1967475.0796164873,1649400121.53962,351657585.0282506,JLP_SOL
2025-04-01,3.69839235973252,3.80253757009346,3.67635568193135,3.74388329427416,6138447.24032527,9228163.343,1967475.0796164873,1649400121.53962,351657585.0282506,JLP_SOL
2025-03-31,3.68588240207382,3.73723301674904,3.64329264308662,3.69839235973252,5506878.95892156,9228163.343,1967475.0796164873,1649400121.53962,351657585.0282506,JLP_SOL
2025-03-30,3.6909464563613,3.7241800844515,3.663237876372,3.68588240207382,2882501.34368441,9228163.343,1967475.0796164873,1649400121.53962,351657585.0282506,JLP_SOL
2025-03-29,3.75934374640327,3.77886636648122,3.66650122966612,3.6909464563613,3962888.08756825,9228163.343,1967475.0796164873,1649400121.53962,351657585.0282506,JLP_SOL
2025-03-28,3.88895385353982,3.89565034686008,3.7368013879473,3.75934374640327,8427154.95496853,9228163.343,1967475.0796164873,1649400121.53962,351657585.0282506,JLP_SOL
2025-03-27,3.86599926730662,3.92144836363636,3.84581672694072,3.88895385353982,10104414.8431685,9228163.343,1967475.0796164873,1649400121.53962,351657585.0282506,JLP_SOL
2025-03-26,3.95701928791729,3.97882805457768,3.847049999228,3.86599926730662,9438384.69550328,9228163.343,1967475.0796164873,1649400121.53962,351657585.0282506,JLP_SOL
2025-03-25,3.92401384433986,4.0090112941265,3.87295081563136,3.95701928791729,11075754.4199962,9228163.343,1967475.0796164873,1649400121.53962,351657585.0282506,JLP_SOL
2025-03-24,3.79884879854812,3.99833679096807,3.79399480231943,3.92401384433986,12951894.0447597,9228163.343,1967475.0796164873,1649400121.53962,351657585.0282506,JLP_SOL
2025-03-23,3.739318762361,3.8509284,3.73865025207945,3.79884879854812,2766141.86080517,9228163.343,1967475.0796164873,1649400121.53962,351657585.0282506,JLP_SOL
2025-03-22,3.73922665148564,3.79117054767226,3.6945036453769,3.739318762361,2689163.28225078,9228163.343,1967475.0796164873,1649400121.53962,351657585.0282506,JLP_SOL
2025-03-21,3.74236508995498,3.76943734323023,3.6761727120619,3.73922665148564,4501282.68165103,9228163.343,1967475.0796164873,1649400121.53962,351657585.0282506,JLP_SOL
2025-03-20,3.86155331651478,3.87584267928232,3.71637247968819,3.74236508995498,4220083.99114036,9228163.343,1967475.0796164873,1649400121.53962,351657585.0282506,JLP_SOL
2025-03-19,3.69689765500823,3.8634597574287,3.68281587434995,3.86155331651478,6329637.57186458,9228163.343,1967475.0796164873,1649400121.53962,351657585.0282506,JLP_SOL
2025-03-18,3.73889318204569,3.74064974732972,3.3117,3.69689765500823,3923709.33352053,9228163.343,1967475.0796164873,1649400121.53962,351657585.0282506,JLP_SOL
2025-03-17,3.69153287084871,3.77998214285714,3.16375,3.73889318204569,4206817.66845308,9228163.343,1967475.0796164873,1649400121.53962,351657585.0282506,JLP_SOL
2025-03-16,3.82497052992305,3.85590815217391,2.84823,3.69153287084871,5082449.88080818,9228163.343,1967475.0796164873,1649400121.53962,351657585.0282506,JLP_SOL
2025-03-15,3.78520382418076,3.85861699115044,3.53948142857143,3.82497052992305,3009207.57444401,9228163.343,1967475.0796164873,1649400121.53962,351657585.0282506,JLP_SOL
2025-03-14,3.64342532742105,3.81648161414818,3.63674572835223,3.78520382418076,5791611.09165172,9228163.343,1967475.0796164873,1649400121.53962,351657585.0282506,JLP_SOL
2025-03-13,3.69653630992531,3.72276459973274,3.60368837639209,3.64342532742105,6583246.67570954,9228163.343,1967475.0796164873,1649400121.53962,351657585.0282506,JLP_SOL
2025-03-12,3.68686624987953,3.76016992885098,3.61254493413828,3.69653630992531,7612710.53927061,9228163.343,1967475.0796164873,1649400121.53962,351657585.0282506,JLP_SOL
2025-03-11,3.57085736745055,3.73754951896785,3.48353446937995,3.68686624987953,13036436.1847878,9228163.343,1967475.0796164873,1649400121.53962,351657585.0282506,JLP_SOL
2025-03-10,3.67861379436855,3.78019890102702,3.52560124240954,3.57085736745055,18527644.3446472,9228163.343,1967475.0796164873,1649400121.53962,351657585.0282506,JLP_SOL
2025-03-09,3.84623037937972,3.89573722891566,3.65838656791975,3.67861379436855,11057555.7666282,9228163.343,1967475.0796164873,1649400121.53962,351657585.0282506,JLP_SOL
2025-03-08,3.86173131323439,3.90242307692308,3.81667709433296,3.84623037937972,8138465.24746582,9228163.343,1967475.0796164873,1649400121.53962,351657585.0282506,JLP_SOL
2025-03-07,3.92955240546294,4.0221430357945,3.78516061859683,3.86173131323439,21588935.311185,9228163.343,1967475.0796164873,1649400121.53962,351657585.0282506,JLP_SOL
2025-03-06,3.95817836353861,4.04682242990654,3.85246130979793,3.92955240546294,15734812.3950252,9228163.343,1967475.0796164873,1649400121.53962,351657585.0282506,JLP_SOL
2025-03-05,3.92349898575786,4.0233200423533,3.86201847861434,3.95817836353861,12489700.7142752,9228163.343,1967475.0796164873,1649400121.53962,351657585.0282506,JLP_SOL
2025-03-04,3.877413023232,3.96517806383566,3.7243531641605,3.92349898575786,20269599.593679,9228163.343,1967475.0796164873,1649400121.53962,351657585.0282506,JLP_SOL
2025-03-03,4.31193538924974,4.35174417899569,3.82277472428012,3.877413023232,22405317.3810046,9228163.343,1967475.0796164873,1649400121.53962,351657585.0282506,JLP_SOL
2025-03-02,3.88591747868932,4.33919234116247,3.70057768538187,4.31193538924974,24592058.4232091,9228163.343,1967475.0796164873,1649400121.53962,351657585.0282506,JLP_SOL
2025-03-01,3.92987146447648,3.9916006052076,3.73706782506208,3.88591747868932,8095773.32684523,9228163.343,1967475.0796164873,1649400121.53962,351657585.0282506,JLP_SOL
2025-02-28,3.8310014715405,3.93991783061942,3.64200812383378,3.92987146447648,21655705.3061329,9228163.343,1967475.0796164873,1649400121.53962,351657585.0282506,JLP_SOL
2025-02-27,3.79826510008584,3.90265820792905,3.76007681316917,3.8310014715405,11592188.7266827,9228163.343,1967475.0796164873,1649400121.53962,351657585.0282506,JLP_SOL
2025-02-26,3.93446353296072,3.9963222202579,3.71635726383732,3.79826510008584,16331797.1768144,9228163.343,1967475.0796164873,1649400121.53962,351657585.0282506,JLP_SOL
2025-02-25,3.90601560807807,3.98507034175806,3.74852819886471,3.93446353296072,20337851.0785483,9228163.343,1967475.0796164873,1649400121.53962,351657585.0282506,JLP_SOL
2025-02-24,4.20716723280504,4.23165000354221,3.87177284420054,3.90601560807807,26494550.7977799,9228163.343,1967475.0796164873,1649400121.53962,351657585.0282506,JLP_SOL
2025-02-23,4.24509702915932,4.25719,4.18059786166162,4.20716723280504,6718509.82611061,9228163.343,1967475.0796164873,1649400121.53962,351657585.0282506,JLP_SOL
2025-02-22,4.19064928123027,4.26997454545455,4.17425988566194,4.24509702915932,13130260.2359386,9228163.343,1967475.0796164873,1649400121.53962,351657585.0282506,JLP_SOL
2025-05-22,4.62155008565832,4.730213195707102,4.605291809507641,4.688647382500003,18342039.559953753,8289169.2311,1767977.466710437,1649400121.53962,351796683.9825911,JLP_USDC
2025-05-21,4.54224813109667,4.65735903535793,4.48886737723882,4.62155008565832,49006687.8757506,8289169.2311,1767977.466710437,1649400121.53962,351796683.9825911,JLP_USDC
2025-05-20,4.53742636591445,4.61404996551556,4.4874433372463,4.54224813109667,26052949.2225757,8289169.2311,1767977.466710437,1649400121.53962,351796683.9825911,JLP_USDC
2025-05-19,4.59409022744389,4.60410064933667,4.41007589340265,4.53742636591445,34704518.183028,8289169.2311,1767977.466710437,1649400121.53962,351796683.9825911,JLP_USDC
2025-05-18,4.5011724105498,4.64923565926058,4.45637506674154,4.59409022744389,27556626.6435803,8289169.2311,1767977.466710437,1649400121.53962,351796683.9825911,JLP_USDC
2025-05-17,4.5220154139076,4.55370392519136,4.45460503557285,4.5011724105498,22562237.2213098,8289169.2311,1767977.466710437,1649400121.53962,351796683.9825911,JLP_USDC
2025-05-16,4.54037152990684,4.62231837283992,4.49769554129693,4.5220154139076,32452473.6121008,8289169.2311,1767977.466710437,1649400121.53962,351796683.9825911,JLP_USDC
2025-05-15,4.62857457747015,4.65217961348177,4.49271209261782,4.54037152990684,36093954.6507581,8289169.2311,1767977.466710437,1649400121.53962,351796683.9825911,JLP_USDC
2025-05-14,4.71841645888703,4.72896754080988,4.57065890705405,4.62857457747015,37293511.7267763,8289169.2311,1767977.466710437,1649400121.53962,351796683.9825911,JLP_USDC
2025-05-13,4.57907997671142,4.74669276379314,4.47079111370709,4.71841645888703,44323104.956664,8289169.2311,1767977.466710437,1649400121.53962,351796683.9825911,JLP_USDC
2025-05-12,4.5580471003078,4.66780624771305,4.4835024519336,4.57907997671142,81587971.4701275,8289169.2311,1767977.466710437,1649400121.53962,351796683.9825911,JLP_USDC
2025-05-11,4.62496191172323,4.65865750425513,4.50153900898639,4.5580471003078,47398060.3828443,8289169.2311,1767977.466710437,1649400121.53962,351796683.9825911,JLP_USDC
2025-05-10,4.52657855609752,4.64845163621251,4.45252641625837,4.62496191172323,41447815.4026281,8289169.2311,1767977.466710437,1649400121.53962,351796683.9825911,JLP_USDC
2025-05-09,4.3948695562799,4.57493750460343,4.35812300516175,4.52657855609752,58687546.5381621,8289169.2311,1767977.466710437,1649400121.53962,351796683.9825911,JLP_USDC
2025-05-08,4.11591363398595,4.44014904930506,4.10144119998954,4.3948695562799,48973727.4584274,8289169.2311,1767977.466710437,1649400121.53962,351796683.9825911,JLP_USDC
2025-05-07,4.10381155414803,4.17324552006426,4.06661377380621,4.11591363398595,22566309.2416197,8289169.2311,1767977.466710437,1649400121.53962,351796683.9825911,JLP_USDC
2025-05-06,4.10148397266791,4.11789952847454,4.0166462636238,4.10381155414803,15742538.4171248,8289169.2311,1767977.466710437,1649400121.53962,351796683.9825911,JLP_USDC
2025-05-05,4.05938532066758,4.13402487566398,4.03530775693272,4.10148397266791,10559153.9234372,8289169.2311,1767977.466710437,1649400121.53962,351796683.9825911,JLP_USDC
2025-05-04,4.11461944829833,4.14488931229248,4.05089244143737,4.05938532066758,9444069.93393594,8289169.2311,1767977.466710437,1649400121.53962,351796683.9825911,JLP_USDC
2025-05-03,4.12260461826969,4.17336108911411,4.08240242377959,4.11461944829833,12067681.98962,8289169.2311,1767977.466710437,1649400121.53962,351796683.9825911,JLP_USDC
2025-05-02,4.1529688922379,4.1967605154894,4.11027550718157,4.12260461826969,20914273.3792545,8289169.2311,1767977.466710437,1649400121.53962,351796683.9825911,JLP_USDC
2025-05-01,4.09759398083013,4.19926339978556,4.08876745081037,4.1529688922379,20417289.9403269,8289169.2311,1767977.466710437,1649400121.53962,351796683.9825911,JLP_USDC
2025-04-30,4.08150876978443,4.12284647789822,3.98873219905779,4.09759398083013,18150064.6689692,8289169.2311,1767977.466710437,1649400121.53962,351796683.9825911,JLP_USDC
2025-04-29,4.10079142168343,4.13630180847126,4.04419522169841,4.08150876978443,21018693.5537128,8289169.2311,1767977.466710437,1649400121.53962,351796683.9825911,JLP_USDC
2025-04-28,4.10425686024629,4.18714718489377,4.03622753802853,4.10079142168343,34589850.9761639,8289169.2311,1767977.466710437,1649400121.53962,351796683.9825911,JLP_USDC
2025-04-27,4.12040209387133,4.15454027940005,4.07051907053714,4.10425686024629,16401717.0362846,8289169.2311,1767977.466710437,1649400121.53962,351796683.9825911,JLP_USDC
2025-04-26,4.13112767818314,4.18406312741032,4.08600342205679,4.12040209387133,15498486.0796128,8289169.2311,1767977.466710437,1649400121.53962,351796683.9825911,JLP_USDC
2025-04-25,4.13256454026813,4.21027275025793,4.10817582689939,4.13112767818314,35805549.718942,8289169.2311,1767977.466710437,1649400121.53962,351796683.9825911,JLP_USDC
2025-04-24,4.12881867575172,4.15678795049385,4.03640298679523,4.13256454026813,26278632.1505038,8289169.2311,1767977.466710437,1649400121.53962,351796683.9825911,JLP_USDC
2025-04-23,4.08605705652295,4.18506435768946,4.04653750853083,4.12881867575172,37025547.2558565,8289169.2311,1767977.466710437,1649400121.53962,351796683.9825911,JLP_USDC
2025-04-22,3.87519938616192,4.11036379752194,3.84995417603594,4.08605705652295,22080607.2814166,8289169.2311,1767977.466710437,1649400121.53962,351796683.9825911,JLP_USDC
2025-04-21,3.88010329999606,3.96710283154635,3.83976425041831,3.87519938616192,16225638.8892093,8289169.2311,1767977.466710437,1649400121.53962,351796683.9825911,JLP_USDC
2025-04-20,3.90866827651901,3.94120395109732,3.82436201017886,3.88010329999606,11686211.0878369,8289169.2311,1767977.466710437,1649400121.53962,351796683.9825911,JLP_USDC
2025-04-19,3.83480429356753,3.96953309380494,3.80099399917206,3.90866827651901,17145418.5184122,8289169.2311,1767977.466710437,1649400121.53962,351796683.9825911,JLP_USDC
2025-04-18,3.83774582891889,3.87515238495235,3.79689797378616,3.83480429356753,12868756.3998906,8289169.2311,1767977.466710437,1649400121.53962,351796683.9825911,JLP_USDC
2025-04-17,3.79556315675002,3.87961420037599,3.76993823191932,3.83774582891889,15422057.1475883,8289169.2311,1767977.466710437,1649400121.53962,351796683.9825911,JLP_USDC
2025-04-16,3.73459451899791,3.84911504443863,3.67278957293008,3.79556315675002,20748655.8811528,8289169.2311,1767977.466710437,1649400121.53962,351796683.9825911,JLP_USDC
2025-04-15,3.77853598313595,3.86736121539637,3.72786886040641,3.73459451899791,16033803.6002979,8289169.2311,1767977.466710437,1649400121.53962,351796683.9825911,JLP_USDC
2025-04-14,3.75061777560562,3.86741371076167,3.73926365948357,3.77853598313595,19628298.1614215,8289169.2311,1767977.466710437,1649400121.53962,351796683.9825911,JLP_USDC
2025-04-13,3.81489380070782,3.84584338881295,3.70429882379364,3.75061777560562,19538991.4730002,8289169.2311,1767977.466710437,1649400121.53962,351796683.9825911,JLP_USDC
2025-04-12,3.65336923703142,3.84143487412175,3.59418858694311,3.81489380070782,15130879.1935938,8289169.2311,1767977.466710437,1649400121.53962,351796683.9825911,JLP_USDC
2025-04-11,3.52462933325618,3.69748663062569,3.50411580552261,3.65336923703142,8354539.89882387,8289169.2311,1767977.466710437,1649400121.53962,351796683.9825911,JLP_USDC
2025-04-10,3.64082417904896,3.66908696629146,3.45653920307421,3.52462933325618,7432261.38984181,8289169.2311,1767977.466710437,1649400121.53962,351796683.9825911,JLP_USDC
2025-04-09,3.40159024810558,3.68028399939528,3.31917095468544,3.64082417904896,23072902.407119,8289169.2311,1767977.466710437,1649400121.53962,351796683.9825911,JLP_USDC
2025-04-08,3.44123625907121,3.53765587452612,3.33659130464558,3.40159024810558,21603403.0237042,8289169.2311,1767977.466710437,1649400121.53962,351796683.9825911,JLP_USDC
2025-04-07,3.41078790003086,3.54547761954604,3.20455718319261,3.44123625907121,34118480.7509547,8289169.2311,1767977.466710437,1649400121.53962,351796683.9825911,JLP_USDC
2025-04-06,3.64746340772072,3.67926262060095,3.36214606361668,3.41078790003086,11953792.8623797,8289169.2311,1767977.466710437,1649400121.53962,351796683.9825911,JLP_USDC
2025-04-05,3.68605151450985,3.69583656483109,3.59704679447313,3.64746340772072,6962516.36196734,8289169.2311,1767977.466710437,1649400121.53962,351796683.9825911,JLP_USDC
2025-04-04,3.61542400990723,3.72057573066543,3.54332467498305,3.68605151450985,14307551.8191266,8289169.2311,1767977.466710437,1649400121.53962,351796683.9825911,JLP_USDC
2025-04-03,3.61921273941394,3.68306319702232,3.51519067991865,3.61542400990723,16327537.8750495,8289169.2311,1767977.466710437,1649400121.53962,351796683.9825911,JLP_USDC
2025-04-02,3.73906804231679,3.8766025066344,3.59655563725174,3.61921273941394,23282385.949205,8289169.2311,1767977.466710437,1649400121.53962,351796683.9825911,JLP_USDC
2025-04-01,3.69849725696329,3.79179415503205,3.67290198312017,3.73906804231679,12434536.1523519,8289169.2311,1767977.466710437,1649400121.53962,351796683.9825911,JLP_USDC
2025-03-31,3.68297852956233,3.7375350679672,3.64257277649345,3.69849725696329,11272510.1730632,8289169.2311,1767977.466710437,1649400121.53962,351796683.9825911,JLP_USDC
2025-03-30,3.68736699951476,3.72509014153626,3.66113387384004,3.68297852956233,5903302.90228772,8289169.2311,1767977.466710437,1649400121.53962,351796683.9825911,JLP_USDC
2025-03-29,3.76118869724603,3.77928869304811,3.66610722949159,3.68736699951476,6620612.81624525,8289169.2311,1767977.466710437,1649400121.53962,351796683.9825911,JLP_USDC
2025-03-28,3.88476269270357,3.89593456048955,3.73405138437388,3.76118869724603,14365531.5059383,8289169.2311,1767977.466710437,1649400121.53962,351796683.9825911,JLP_USDC
2025-03-27,3.86958613888637,3.92522391287036,3.8458675779787,3.88476269270357,11377256.6724181,8289169.2311,1767977.466710437,1649400121.53962,351796683.9825911,JLP_USDC
2025-03-26,3.9569552740181,3.97844109843958,3.84709920931446,3.86958613888637,12622741.9551225,8289169.2311,1767977.466710437,1649400121.53962,351796683.9825911,JLP_USDC
2025-03-25,3.92089004138409,4.03850531662796,3.87394064364522,3.9569552740181,13141574.1178019,8289169.2311,1767977.466710437,1649400121.53962,351796683.9825911,JLP_USDC
2025-03-24,3.79901446292752,4.00467247749212,3.79338178133882,3.92089004138409,18168877.1715176,8289169.2311,1767977.466710437,1649400121.53962,351796683.9825911,JLP_USDC
2025-03-23,3.74156003895239,3.82852185884213,3.73812920741279,3.79901446292752,7380622.79755503,8289169.2311,1767977.466710437,1649400121.53962,351796683.9825911,JLP_USDC
2025-03-22,3.73930086767129,3.79441237267576,3.6878181320853,3.74156003895239,11480284.2237567,8289169.2311,1767977.466710437,1649400121.53962,351796683.9825911,JLP_USDC
2025-03-21,3.73865024667452,3.77389639554647,3.6723363132777,3.73930086767129,12634655.9338774,8289169.2311,1767977.466710437,1649400121.53962,351796683.9825911,JLP_USDC
2025-03-20,3.86194403029236,3.87673593080442,3.70969077046224,3.73865024667452,11267675.6229984,8289169.2311,1767977.466710437,1649400121.53962,351796683.9825911,JLP_USDC
2025-03-19,3.69790652071311,3.8639409428905,3.68114869557327,3.86194403029236,13327112.5522332,8289169.2311,1767977.466710437,1649400121.53962,351796683.9825911,JLP_USDC
2025-03-18,3.73870198102747,3.74029167135194,3.62830559305403,3.69790652071311,8974253.25373318,8289169.2311,1767977.466710437,1649400121.53962,351796683.9825911,JLP_USDC
2025-03-17,3.69401714777352,3.77563619066017,3.68688272209942,3.73870198102747,11194212.1927341,8289169.2311,1767977.466710437,1649400121.53962,351796683.9825911,JLP_USDC
2025-03-16,3.81973786484674,3.83899515639162,3.66682844655942,3.69401714777352,9470305.70137263,8289169.2311,1767977.466710437,1649400121.53962,351796683.9825911,JLP_USDC
2025-03-15,3.78497187653072,3.83471280647702,3.75746508573019,3.81973786484674,6176851.9964975,8289169.2311,1767977.466710437,1649400121.53962,351796683.9825911,JLP_USDC
2025-03-14,3.64318222065576,3.81771258488674,3.63643047020426,3.78497187653072,12886205.2073952,8289169.2311,1767977.466710437,1649400121.53962,351796683.9825911,JLP_USDC
2025-03-13,3.6979510690622,3.73373010302843,3.58069701684817,3.64318222065576,15276951.2792486,8289169.2311,1767977.466710437,1649400121.53962,351796683.9825911,JLP_USDC
2025-03-12,3.68668868885217,3.76833472743696,3.60953027816006,3.6979510690622,17644666.9287997,8289169.2311,1767977.466710437,1649400121.53962,351796683.9825911,JLP_USDC
2025-03-11,3.57359957159798,3.7495793693408,3.4757192027854,3.68668868885217,24965063.9334972,8289169.2311,1767977.466710437,1649400121.53962,351796683.9825911,JLP_USDC
2025-03-10,3.67929381669548,3.77917104204951,3.51965404166121,3.57359957159798,35910160.4436897,8289169.2311,1767977.466710437,1649400121.53962,351796683.9825911,JLP_USDC
2025-03-09,3.84355470483161,3.88306778173391,3.6246725189768,3.67929381669548,22435689.0706544,8289169.2311,1767977.466710437,1649400121.53962,351796683.9825911,JLP_USDC
2025-03-08,3.8616351224678,3.89268066200859,3.80784290244383,3.84355470483161,16157300.8705558,8289169.2311,1767977.466710437,1649400121.53962,351796683.9825911,JLP_USDC
2025-03-07,3.93052651327472,4.02419284058171,3.78580584810149,3.8616351224678,33420562.7559308,8289169.2311,1767977.466710437,1649400121.53962,351796683.9825911,JLP_USDC
2025-03-06,3.96300951356985,4.04529631146979,3.89509162526244,3.93052651327472,20332218.6634211,8289169.2311,1767977.466710437,1649400121.53962,351796683.9825911,JLP_USDC
2025-03-05,3.92029945460481,4.02455680409304,3.85058501933126,3.96300951356985,18616679.2024762,8289169.2311,1767977.466710437,1649400121.53962,351796683.9825911,JLP_USDC
2025-03-04,3.88100345661928,3.9688335338985,3.68314350537018,3.92029945460481,29159324.2787247,8289169.2311,1767977.466710437,1649400121.53962,351796683.9825911,JLP_USDC
2025-03-03,4.31844768269503,4.35404613454621,3.82256086447433,3.88100345661928,44801147.5494616,8289169.2311,1767977.466710437,1649400121.53962,351796683.9825911,JLP_USDC
2025-03-02,3.88488063394837,4.34088911753023,3.69869861114489,4.31844768269503,70769986.9985301,8289169.2311,1767977.466710437,1649400121.53962,351796683.9825911,JLP_USDC
2025-03-01,3.93170878806164,3.98970814152882,3.8114268589639,3.88488063394837,17586380.4466818,8289169.2311,1767977.466710437,1649400121.53962,351796683.9825911,JLP_USDC
2025-02-28,3.83260734638758,3.94195181027154,3.64076845721438,3.93170878806164,38351654.7734972,8289169.2311,1767977.466710437,1649400121.53962,351796683.9825911,JLP_USDC
2025-02-27,3.80360707579966,3.90360132044881,3.7564971552572,3.83260734638758,27696586.9147591,8289169.2311,1767977.466710437,1649400121.53962,351796683.9825911,JLP_USDC
2025-02-26,3.93844419684103,3.95337919116194,3.71240711033794,3.80360707579966,34552787.5837835,8289169.2311,1767977.466710437,1649400121.53962,351796683.9825911,JLP_USDC
2025-02-25,3.90367168937218,3.9867502069624,3.74218397260378,3.93844419684103,54521009.17524,8289169.2311,1767977.466710437,1649400121.53962,351796683.9825911,JLP_USDC
2025-02-24,4.20675308297408,4.23533114683772,3.87111476152821,3.90367168937218,68342890.4165609,8289169.2311,1767977.466710437,1649400121.53962,351796683.9825911,JLP_USDC
2025-02-23,4.24511317374514,4.26205625831143,4.17626189968135,4.20675308297408,22836545.3166371,8289169.2311,1767977.466710437,1649400121.53962,351796683.9825911,JLP_USDC
2025-02-22,4.1905966040104,4.26509093328186,4.17295421997408,4.24511317374514,35770439.8280006,8289169.2311,1767977.466710437,1649400121.53962,351796683.9825911,JLP_USDC
2025-05-22,1.40565655591831,1.5784527438374438,1.4006336819246543,1.54503753998908,43633846.382381864,9952690.7,6441714.48421269,1538401244.73713,995704767.6317322,Fartcoin_SOL
2025-05-21,1.29876375850648,1.44334796471409,1.2739661176659,1.40565655591831,85109686.7730949,9952690.7,6441714.48421269,1538401244.73713,995704767.6317322,Fartcoin_SOL
2025-05-20,1.20937302691803,1.32284454967539,1.18805813879046,1.29876375850648,60270504.660248,9952690.7,6441714.48421269,1538401244.73713,995704767.6317322,Fartcoin_SOL
2025-05-19,1.36050146340781,1.37504365747954,1.16337458739259,1.20937302691803,58954292.7428538,9952690.7,6441714.48421269,1538401244.73713,995704767.6317322,Fartcoin_SOL
2025-05-18,1.20676503199639,1.36050146340781,1.19333026992691,1.36050146340781,46903084.1329865,9952690.7,6441714.48421269,1538401244.73713,995704767.6317322,Fartcoin_SOL
2025-05-17,1.19148609747106,1.22652702981911,1.15754225168305,1.20676503199639,41228586.8534902,9952690.7,6441714.48421269,1538401244.73713,995704767.6317322,Fartcoin_SOL
2025-05-16,1.30289055280271,1.33601481765198,1.17179421258126,1.19148609747106,55268180.8427184,9952690.7,6441714.48421269,1538401244.73713,995704767.6317322,Fartcoin_SOL
2025-05-15,1.32584202334812,1.36340903419596,1.22205984348371,1.30289055280271,63583440.9431744,9952690.7,6441714.48421269,1538401244.73713,995704767.6317322,Fartcoin_SOL
2025-05-14,1.4311626446929,1.46707761572346,1.31242210879194,1.32584202334812,84989280.0714763,9952690.7,6441714.48421269,1538401244.73713,995704767.6317322,Fartcoin_SOL
2025-05-13,1.38341087959306,1.47011445527703,1.24907318598295,1.4311626446929,97713166.2004478,9952690.7,6441714.48421269,1538401244.73713,995704767.6317322,Fartcoin_SOL
2025-05-12,1.34620358781225,1.47402343840417,1.28313890925577,1.38341087959306,130909708.992396,9952690.7,6441714.48421269,1538401244.73713,995704767.6317322,Fartcoin_SOL
2025-05-11,1.41984118274725,1.44205217739228,1.27160230312966,1.34620358781225,67031052.3405278,9952690.7,6441714.48421269,1538401244.73713,995704767.6317322,Fartcoin_SOL
2025-05-10,1.37760515351741,1.43264443425772,1.29410567250421,1.41984118274725,63625831.7043532,9952690.7,6441714.48421269,1538401244.73713,995704767.6317322,Fartcoin_SOL
2025-05-09,1.23903042728678,1.44876137839603,1.17293985608362,1.37760515351741,95383458.51873,9952690.7,6441714.48421269,1538401244.73713,995704767.6317322,Fartcoin_SOL
2025-05-08,1.02320632008588,1.24863696795216,0.992950670364243,1.23903042728678,66144713.1463971,9952690.7,6441714.48421269,1538401244.73713,995704767.6317322,Fartcoin_SOL
2025-05-07,1.08024667718229,1.12086410701476,0.928392340041419,1.02320632008588,62983257.3407908,9952690.7,6441714.48421269,1538401244.73713,995704767.6317322,Fartcoin_SOL
2025-05-06,1.13814572966647,1.14957511785392,0.989729606044012,1.08024667718229,34141084.7722582,9952690.7,6441714.48421269,1538401244.73713,995704767.6317322,Fartcoin_SOL
2025-05-05,1.08171466412949,1.14934173384147,1.05231824125986,1.13814572966647,24544590.5530355,9952690.7,6441714.48421269,1538401244.73713,995704767.6317322,Fartcoin_SOL
2025-05-04,1.08779861871971,1.13084151901546,1.06364179661944,1.08171466412949,26152153.7704456,9952690.7,6441714.48421269,1538401244.73713,995704767.6317322,Fartcoin_SOL
2025-05-03,1.14823817631641,1.15663100562287,1.06991734504309,1.08779861871971,21833196.1643331,9952690.7,6441714.48421269,1538401244.73713,995704767.6317322,Fartcoin_SOL
2025-05-02,1.19326392742941,1.22453251095622,1.14485308594155,1.14823817631641,30912050.6504287,9952690.7,6441714.48421269,1538401244.73713,995704767.6317322,Fartcoin_SOL
2025-05-01,1.24433316344273,1.28234567461323,1.17915803990411,1.19326392742941,46821305.5201554,9952690.7,6441714.48421269,1538401244.73713,995704767.6317322,Fartcoin_SOL
2025-04-30,1.10968647032269,1.25632067759824,1.06829199290519,1.24433316344273,59797828.1583079,9952690.7,6441714.48421269,1538401244.73713,995704767.6317322,Fartcoin_SOL
2025-04-29,1.09202837847558,1.16132412546748,1.07612510904817,1.10968647032269,49755008.8522312,9952690.7,6441714.48421269,1538401244.73713,995704767.6317322,Fartcoin_SOL
2025-04-28,1.07415624627685,1.22739229067704,1.03774892363148,1.09202837847558,78063710.4199705,9952690.7,6441714.48421269,1538401244.73713,995704767.6317322,Fartcoin_SOL
2025-04-27,1.0276236952269,1.12244133107322,0.945870331391345,1.07415624627685,54532799.8687439,9952690.7,6441714.48421269,1538401244.73713,995704767.6317322,Fartcoin_SOL
2025-04-26,1.029600765765,1.06657320553455,0.989943145105205,1.0276236952269,38078741.9221202,9952690.7,6441714.48421269,1538401244.73713,995704767.6317322,Fartcoin_SOL
2025-04-25,1.1356169086937,1.15010876912382,1.01344224289196,1.029600765765,74387071.6984963,9952690.7,6441714.48421269,1538401244.73713,995704767.6317322,Fartcoin_SOL
2025-04-24,1.08901807574723,1.16387305470374,1.029955664241,1.1356169086937,70844343.4731486,9952690.7,6441714.48421269,1538401244.73713,995704767.6317322,Fartcoin_SOL
2025-04-23,1.12875655940961,1.19725224702673,1.05719928558237,1.08901807574723,106248255.369772,9952690.7,6441714.48421269,1538401244.73713,995704767.6317322,Fartcoin_SOL
2025-04-22,0.932551193378607,1.21499451881346,0.92126712603967,1.12875655940961,114819552.540434,9952690.7,6441714.48421269,1538401244.73713,995704767.6317322,Fartcoin_SOL
2025-04-21,0.893589988059406,0.937055658232974,0.829406128467645,0.932551193378607,68068524.7738181,9952690.7,6441714.48421269,1538401244.73713,995704767.6317322,Fartcoin_SOL
2025-04-20,0.813060197055886,0.899752825002004,0.806023961325547,0.893589988059406,59462323.3370611,9952690.7,6441714.48421269,1538401244.73713,995704767.6317322,Fartcoin_SOL
2025-04-19,0.731054670812375,0.824735599998106,0.726986606999023,0.813060197055886,67313701.7302575,9952690.7,6441714.48421269,1538401244.73713,995704767.6317322,Fartcoin_SOL
2025-04-18,0.831942212277063,0.843453530026833,0.718974367641653,0.731054670812375,71754921.3249772,9952690.7,6441714.48421269,1538401244.73713,995704767.6317322,Fartcoin_SOL
2025-04-17,0.896033727348696,0.931878208955224,0.811542341218716,0.831942212277063,73684249.3816195,9952690.7,6441714.48421269,1538401244.73713,995704767.6317322,Fartcoin_SOL
2025-04-16,0.808401974265752,0.963392293582421,0.795177241059937,0.896033727348696,107030834.384761,9952690.7,6441714.48421269,1538401244.73713,995704767.6317322,Fartcoin_SOL
2025-04-15,0.918655328085183,0.946820791976016,0.804470098522168,0.808401974265752,99446956.0069523,9952690.7,6441714.48421269,1538401244.73713,995704767.6317322,Fartcoin_SOL
2025-04-14,0.80174808305048,0.962186027337317,0.795418569690725,0.918655328085183,106871129.607905,9952690.7,6441714.48421269,1538401244.73713,995704767.6317322,Fartcoin_SOL
2025-04-13,0.888657555093554,0.904750355622583,0.747016975496144,0.80174808305048,76546334.1224961,9952690.7,6441714.48421269,1538401244.73713,995704767.6317322,Fartcoin_SOL
2025-04-12,0.881276345323989,0.961367144278607,0.825933661164396,0.888657555093554,82880885.1828884,9952690.7,6441714.48421269,1538401244.73713,995704767.6317322,Fartcoin_SOL
2025-04-11,0.753871338441559,0.982240122269263,0.731480028490029,0.881276345323989,109642671.574427,9952690.7,6441714.48421269,1538401244.73713,995704767.6317322,Fartcoin_SOL
2025-04-10,0.763075167290629,0.783288118846867,0.680968929806582,0.753871338441559,76719213.8821268,9952690.7,6441714.48421269,1538401244.73713,995704767.6317322,Fartcoin_SOL
2025-04-09,0.511086815405667,0.792616835949497,0.485452599445414,0.763075167290629,123802670.865143,9952690.7,6441714.48421269,1538401244.73713,995704767.6317322,Fartcoin_SOL
2025-04-08,0.551238146722243,0.612804744541918,0.506064241510971,0.511086815405667,77728939.8017115,9952690.7,6441714.48421269,1538401244.73713,995704767.6317322,Fartcoin_SOL
2025-04-07,0.442864199870375,0.562811148987718,0.412664144164125,0.551238146722243,85721351.3637232,9952690.7,6441714.48421269,1538401244.73713,995704767.6317322,Fartcoin_SOL
2025-04-06,0.497006421453996,0.499698506797689,0.417085858083984,0.442864199870375,49156612.1601423,9952690.7,6441714.48421269,1538401244.73713,995704767.6317322,Fartcoin_SOL
2025-04-05,0.51170362704192,0.540967532971291,0.450763695542381,0.497006421453996,50639727.457481,9952690.7,6441714.48421269,1538401244.73713,995704767.6317322,Fartcoin_SOL
2025-04-04,0.417431208942643,0.569258729685837,0.401973143332941,0.51170362704192,95157428.992289,9952690.7,6441714.48421269,1538401244.73713,995704767.6317322,Fartcoin_SOL
2025-04-03,0.424168706805459,0.446376886849925,0.351952349641518,0.417431208942643,34103868.4293675,9952690.7,6441714.48421269,1538401244.73713,995704767.6317322,Fartcoin_SOL
2025-04-02,0.521481211918079,0.56137938140121,0.413985845690696,0.424168706805459,59675161.6692189,9952690.7,6441714.48421269,1538401244.73713,995704767.6317322,Fartcoin_SOL
2025-04-01,0.454753446564964,0.550774598720491,0.44873845253385,0.521481211918079,32831409.9209339,9952690.7,6441714.48421269,1538401244.73713,995704767.6317322,Fartcoin_SOL
2025-03-31,0.445957125841239,0.461050871007374,0.384179801141818,0.454753446564964,25890639.841755,9952690.7,6441714.48421269,1538401244.73713,995704767.6317322,Fartcoin_SOL
2025-03-30,0.419287575448304,0.486459565445066,0.406346620148099,0.445957125841239,26272629.7348535,9952690.7,6441714.48421269,1538401244.73713,995704767.6317322,Fartcoin_SOL
2025-03-29,0.469172717590462,0.471025962249862,0.4031532,0.419287575448304,17265723.4852303,9952690.7,6441714.48421269,1538401244.73713,995704767.6317322,Fartcoin_SOL
2025-03-28,0.533297846207065,0.545374962406015,0.444443783545077,0.469172717590462,43246952.9837434,9952690.7,6441714.48421269,1538401244.73713,995704767.6317322,Fartcoin_SOL
2025-03-27,0.521814252963127,0.597782292547155,0.519562453353338,0.533297846207065,48797171.8516176,9952690.7,6441714.48421269,1538401244.73713,995704767.6317322,Fartcoin_SOL
2025-03-26,0.581970411320931,0.640661922420105,0.499643607396858,0.521814252963127,59313621.5788164,9952690.7,6441714.48421269,1538401244.73713,995704767.6317322,Fartcoin_SOL
2025-03-25,0.57176391913781,0.604976940752102,0.510784641235723,0.581970411320931,43198679.9574375,9952690.7,6441714.48421269,1538401244.73713,995704767.6317322,Fartcoin_SOL
2025-03-24,0.549779971037971,0.644521185396339,0.519761877334158,0.57176391913781,61792411.8154262,9952690.7,6441714.48421269,1538401244.73713,995704767.6317322,Fartcoin_SOL
2025-03-23,0.442271689347281,0.555942382623087,0.432239932157951,0.549779971037971,27434173.5755011,9952690.7,6441714.48421269,1538401244.73713,995704767.6317322,Fartcoin_SOL
2025-03-22,0.42804121660801,0.485685560688612,0.400715065064573,0.442271689347281,23127829.2496461,9952690.7,6441714.48421269,1538401244.73713,995704767.6317322,Fartcoin_SOL
2025-03-21,0.360281188270537,0.435899996330987,0.343933590836863,0.42804121660801,20255643.0924251,9952690.7,6441714.48421269,1538401244.73713,995704767.6317322,Fartcoin_SOL
2025-03-20,0.39884699345508,0.413722753279328,0.339700444159416,0.360281188270537,14113473.2838238,9952690.7,6441714.48421269,1538401244.73713,995704767.6317322,Fartcoin_SOL
2025-03-19,0.295982413325748,0.417339620701373,0.294476851925061,0.39884699345508,17843916.9031403,9952690.7,6441714.48421269,1538401244.73713,995704767.6317322,Fartcoin_SOL
2025-03-18,0.323157404745397,0.323157404745397,0.2655990551808,0.295982413325748,8192914.74284551,9952690.7,6441714.48421269,1538401244.73713,995704767.6317322,Fartcoin_SOL
2025-03-17,0.296249715966549,0.351129184219925,0.295707648426739,0.323157404745397,11502941.4347801,9952690.7,6441714.48421269,1538401244.73713,995704767.6317322,Fartcoin_SOL
2025-03-16,0.335839560855471,0.357850711355434,0.295280380252196,0.296249715966549,10578577.9900328,9952690.7,6441714.48421269,1538401244.73713,995704767.6317322,Fartcoin_SOL
2025-03-15,0.283819050785908,0.347499833875279,0.283819050785908,0.335839560855471,8587629.51773124,9952690.7,6441714.48421269,1538401244.73713,995704767.6317322,Fartcoin_SOL
2025-03-14,0.241844627675509,0.320703758136661,0.235821875288003,0.283819050785908,9233588.20131841,9952690.7,6441714.48421269,1538401244.73713,995704767.6317322,Fartcoin_SOL
2025-03-13,0.290768430368167,0.302172609551533,0.238185385110223,0.241844627675509,6079049.91158886,9952690.7,6441714.48421269,1538401244.73713,995704767.6317322,Fartcoin_SOL
2025-03-12,0.262383008418907,0.293753255579294,0.238652004458533,0.290768430368167,5735051.84525887,9952690.7,6441714.48421269,1538401244.73713,995704767.6317322,Fartcoin_SOL
2025-03-11,0.218432466126924,0.275023379586176,0.209612887800913,0.262383008418907,6445181.29612505,9952690.7,6441714.48421269,1538401244.73713,995704767.6317322,Fartcoin_SOL
2025-03-10,0.231803652896362,0.246802538593698,0.198514304749066,0.218432466126924,7448448.65683646,9952690.7,6441714.48421269,1538401244.73713,995704767.6317322,Fartcoin_SOL
2025-03-09,0.237243512219126,0.255241332076091,0.222134485351961,0.231803652896362,5383705.49227111,9952690.7,6441714.48421269,1538401244.73713,995704767.6317322,Fartcoin_SOL
2025-03-08,0.249978557359019,0.26427743543565,0.228964236558999,0.237243512219126,3705620.32110222,9952690.7,6441714.48421269,1538401244.73713,995704767.6317322,Fartcoin_SOL
2025-03-07,0.290608880144136,0.302015559822145,0.247511140196464,0.249978557359019,9263977.94217822,9952690.7,6441714.48421269,1538401244.73713,995704767.6317322,Fartcoin_SOL
2025-03-06,0.306657243316932,0.36006315143655,0.2790273627061,0.290608880144136,10577320.2135883,9952690.7,6441714.48421269,1538401244.73713,995704767.6317322,Fartcoin_SOL
2025-03-05,0.258938175571893,0.315935332010501,0.247487628696412,0.306657243316932,8843753.61163827,9952690.7,6441714.48421269,1538401244.73713,995704767.6317322,Fartcoin_SOL
2025-03-04,0.268737491789682,0.273971089978764,0.209457299028648,0.258938175571893,11242044.0589431,9952690.7,6441714.48421269,1538401244.73713,995704767.6317322,Fartcoin_SOL
2025-03-03,0.350422034110695,0.394491072613157,0.267458935491973,0.268737491789682,12994637.5729644,9952690.7,6441714.48421269,1538401244.73713,995704767.6317322,Fartcoin_SOL
2025-03-02,0.250877638461749,0.384160684901215,0.231585755279676,0.350422034110695,11712844.3472831,9952690.7,6441714.48421269,1538401244.73713,995704767.6317322,Fartcoin_SOL
2025-03-01,0.296206846826313,0.313728276173198,0.24255702194998,0.250877638461749,3895774.89093382,9952690.7,6441714.48421269,1538401244.73713,995704767.6317322,Fartcoin_SOL
2025-02-28,0.308069955734538,0.311318611992175,0.255268709849121,0.296206846826313,7036914.5679944,9952690.7,6441714.48421269,1538401244.73713,995704767.6317322,Fartcoin_SOL
2025-02-27,0.336810541418238,0.348341679140259,0.298601584620832,0.308069955734538,5739571.84466195,9952690.7,6441714.48421269,1538401244.73713,995704767.6317322,Fartcoin_SOL
2025-02-26,0.288104793872059,0.34313684742036,0.275672109000222,0.336810541418238,9285807.45648365,9952690.7,6441714.48421269,1538401244.73713,995704767.6317322,Fartcoin_SOL
2025-02-25,0.276443129285058,0.307746648648055,0.259316444891316,0.288104793872059,14490662.2310159,9952690.7,6441714.48421269,1538401244.73713,995704767.6317322,Fartcoin_SOL
2025-02-24,0.333169768903585,0.342170810808681,0.2672082548485,0.276443129285058,11245338.2994712,9952690.7,6441714.48421269,1538401244.73713,995704767.6317322,Fartcoin_SOL
2025-02-23,0.360594444887413,0.362375757567461,0.311489535213932,0.333169768903585,5340519.56158555,9952690.7,6441714.48421269,1538401244.73713,995704767.6317322,Fartcoin_SOL
2025-02-22,0.308110956495469,0.39288803480624,0.304344473556884,0.360594444887413,8413175.81739853,9952690.7,6441714.48421269,1538401244.73713,995704767.6317322,Fartcoin_SOL
