date,totalLiquidityUSD
2023-05-11 00:00:00,7115335741.17157
2023-05-12 00:00:00,6995688676.54328
2023-05-13 00:00:00,6954917451.76083
2023-05-14 00:00:00,6936884718.50223
2023-05-15 00:00:00,6918087545.46908
2023-05-16 00:00:00,6941022065.23221
2023-05-17 00:00:00,6941681987.558
2023-05-18 00:00:00,6895742728.70207
2023-05-19 00:00:00,6868132845.78635
2023-05-20 00:00:00,6863769983.70718
2023-05-21 00:00:00,6889054506.91171
2023-05-22 00:00:00,6846333408.43946
2023-05-23 00:00:00,6840534204.30479
2023-05-24 00:00:00,6880725596.37501
2023-05-25 00:00:00,6691266798.6363
2023-05-26 00:00:00,6674769429.7122
2023-05-27 00:00:00,6731165830.77718
2023-05-28 00:00:00,6778451418.23842
2023-05-29 00:00:00,6956810565.60355
2023-05-30 00:00:00,6855197312.08785
2023-05-31 00:00:00,6900015086.80898
2023-06-01 00:00:00,6310441991.84194
2023-06-02 00:00:00,6269144099.5628
2023-06-03 00:00:00,6358458109.72572
2023-06-04 00:00:00,6324405528.35683
2023-06-05 00:00:00,6310273763.07218
2023-06-06 00:00:00,6135249141.41385
2023-06-07 00:00:00,6270551471.3261
2023-06-08 00:00:00,6128399538.33444
2023-06-09 00:00:00,6132700642.65205
2023-06-10 00:00:00,6059963687.69481
2023-06-11 00:00:00,5834096543.23518
2023-06-12 00:00:00,5816446587.91178
2023-06-13 00:00:00,5761756818.65425
2023-06-14 00:00:00,5750475380.41459
2023-06-15 00:00:00,5584025691.80757
2023-06-16 00:00:00,5510976627.8962
2023-06-17 00:00:00,5640270432.57378
2023-06-18 00:00:00,5681099861.28385
2023-06-19 00:00:00,5684212654.78706
2023-06-20 00:00:00,5843039424.65837
2023-06-21 00:00:00,6031376897.46657
2023-06-22 00:00:00,6312796242.09703
2023-06-23 00:00:00,6251932524.76839
2023-06-24 00:00:00,6284782396.83638
2023-06-25 00:00:00,6265222069.09333
2023-06-26 00:00:00,6302695603.62321
2023-06-27 00:00:00,6206713115.88555
2023-06-28 00:00:00,6208539326.00425
2023-06-29 00:00:00,6089823070.69565
2023-06-30 00:00:00,6118031217.07711
2023-07-01 00:00:00,6359022915.52632
2023-07-02 00:00:00,6332604981.19973
2023-07-03 00:00:00,6219966591.06532
2023-07-04 00:00:00,6202437232.93401
2023-07-05 00:00:00,6160819178.71548
2023-07-06 00:00:00,6080139294.16249
2023-07-07 00:00:00,5662609371.98571
2023-07-08 00:00:00,5662968492.71294
2023-07-09 00:00:00,5647239303.41172
2023-07-10 00:00:00,5626239870.02005
2023-07-11 00:00:00,5598384683.49501
2023-07-12 00:00:00,5571778683.18607
2023-07-13 00:00:00,5489335594.90579
2023-07-14 00:00:00,5774576021.24315
2023-07-15 00:00:00,5599737416.2141
2023-07-16 00:00:00,5605115264.40736
2023-07-17 00:00:00,5563954996.22558
2023-07-18 00:00:00,5532183936.97511
2023-07-19 00:00:00,5504417422.49675
2023-07-20 00:00:00,5407450783.45294
2023-07-21 00:00:00,5361237154.33117
2023-07-22 00:00:00,5321742671.88716
2023-07-23 00:00:00,5237843839.13041
2023-07-24 00:00:00,5291701493.92845
2023-07-25 00:00:00,5139043245.30107
2023-07-26 00:00:00,5143795551.94068
2023-07-27 00:00:00,5142669325.24926
2023-07-28 00:00:00,5121402082.5778
2023-07-29 00:00:00,5135092473.82498
2023-07-30 00:00:00,5151202662.14589
2023-07-31 00:00:00,5170037482.7261
2023-08-01 00:00:00,5185973513.1874
2023-08-02 00:00:00,5181930830.29822
2023-08-03 00:00:00,5086613400.81398
2023-08-04 00:00:00,5048310100.13011
2023-08-05 00:00:00,5144085767.06134
2023-08-06 00:00:00,5166448375.25036
2023-08-07 00:00:00,5200265924.96878
2023-08-08 00:00:00,5413496318.43985
2023-08-09 00:00:00,5577750162.05884
2023-08-10 00:00:00,5641759974.13508
2023-08-11 00:00:00,5901958552.18455
2023-08-12 00:00:00,5996888861.71954
2023-08-13 00:00:00,6059799190.89377
2023-08-14 00:00:00,6059202367.74216
2023-08-15 00:00:00,6077512541.03479
2023-08-16 00:00:00,6001684807.07373
2023-08-17 00:00:00,5919639093.15388
2023-08-18 00:00:00,5692621098.804
2023-08-19 00:00:00,5748429656.03753
2023-08-20 00:00:00,5781153923.34431
2023-08-21 00:00:00,5318418387.66915
2023-08-22 00:00:00,5231807199.76948
2023-08-23 00:00:00,5116291167.01655
2023-08-24 00:00:00,5159205898.23494
2023-08-25 00:00:00,5092288425.37255
2023-08-26 00:00:00,5110775463.69945
2023-08-27 00:00:00,5001766770.69366
2023-08-28 00:00:00,5171358205.10396
2023-08-29 00:00:00,5156995030.05802
2023-08-30 00:00:00,5345261175.88696
2023-08-31 00:00:00,5237921392.19971
2023-09-01 00:00:00,5110777081.717
2023-09-02 00:00:00,5049669787.54165
2023-09-03 00:00:00,5073046609.76711
2023-09-04 00:00:00,5079848829.61178
2023-09-05 00:00:00,5045780719.31672
2023-09-06 00:00:00,5049047193.18094
2023-09-07 00:00:00,5079292267.13675
2023-09-08 00:00:00,5057056998.11217
2023-09-09 00:00:00,5032750828.76094
2023-09-10 00:00:00,5038218873.38349
2023-09-11 00:00:00,5024171669.31468
2023-09-12 00:00:00,4764987799.04874
2023-09-13 00:00:00,4891920636.81122
2023-09-14 00:00:00,4879489245.67123
2023-09-15 00:00:00,4912254644.90369
2023-09-16 00:00:00,4969411250.13178
2023-09-17 00:00:00,4948283786.52926
2023-09-18 00:00:00,4939287693.05724
2023-09-19 00:00:00,4925616033.17017
2023-09-20 00:00:00,4903516942.2724
2023-09-21 00:00:00,4769901828.8471
2023-09-22 00:00:00,4644894074.53955
2023-09-23 00:00:00,4675207211.68322
2023-09-24 00:00:00,4695039218.85909
2023-09-25 00:00:00,4659970756.05487
2023-09-26 00:00:00,4640984191.7037
2023-09-27 00:00:00,4618588524.90403
2023-09-28 00:00:00,4539907540.92433
2023-09-29 00:00:00,4684202635.31749
2023-09-30 00:00:00,4606435318.66012
2023-10-01 00:00:00,4611389412.40909
2023-10-02 00:00:00,4751174135.10289
2023-10-03 00:00:00,4561101149.90601
2023-10-04 00:00:00,4500057726.81783
2023-10-05 00:00:00,4490235180.90731
2023-10-06 00:00:00,4411303198.65768
2023-10-07 00:00:00,4487023545.56383
2023-10-08 00:00:00,4459722249.06382
2023-10-09 00:00:00,4452588526.06094
2023-10-10 00:00:00,4346614250.97634
2023-10-11 00:00:00,4306701177.99035
2023-10-12 00:00:00,4293188055.12747
2023-10-13 00:00:00,4107805468.93317
2023-10-14 00:00:00,4330606131.55654
2023-10-15 00:00:00,4357456248.71472
2023-10-16 00:00:00,4370847907.68526
2023-10-17 00:00:00,4472681898.80028
2023-10-18 00:00:00,4387933933.10875
2023-10-19 00:00:00,4154232215.59435
2023-10-20 00:00:00,4203873377.5355
2023-10-21 00:00:00,4298824951.86504
2023-10-22 00:00:00,4349788301.60984
2023-10-23 00:00:00,4624177709.66559
2023-10-24 00:00:00,4796525610.20272
2023-10-25 00:00:00,4766667540.13623
2023-10-26 00:00:00,4836050623.09555
2023-10-27 00:00:00,4847920729.14986
2023-10-28 00:00:00,4802226680.27131
2023-10-29 00:00:00,4769807368.65066
2023-10-30 00:00:00,4797127856.86365
2023-10-31 00:00:00,4921828366.40163
2023-11-01 00:00:00,4897418940.66915
2023-11-02 00:00:00,4882675612.58778
2023-11-03 00:00:00,4895413880.42759
2023-11-04 00:00:00,4887326443.41704
2023-11-05 00:00:00,5124952526.34405
2023-11-06 00:00:00,5107965367.09656
2023-11-07 00:00:00,5182223537.24658
2023-11-08 00:00:00,5144515310.20643
2023-11-09 00:00:00,5114729416.9143
2023-11-10 00:00:00,5582086671.36618
2023-11-11 00:00:00,5490356273.46743
2023-11-12 00:00:00,5342303882.52857
2023-11-13 00:00:00,5322600845.24505
2023-11-14 00:00:00,5365745531.0978
2023-11-15 00:00:00,5291717146.66213
2023-11-16 00:00:00,5449415541.50953
2023-11-17 00:00:00,5254328179.49181
2023-11-18 00:00:00,5319962847.17438
2023-11-19 00:00:00,5430702653.84987
2023-11-20 00:00:00,5666942850.15779
2023-11-21 00:00:00,5696207442.29002
2023-11-22 00:00:00,5304231337.78305
2023-11-23 00:00:00,5585000074.78245
2023-11-24 00:00:00,5581887678.93412
2023-11-25 00:00:00,5643068831.883
2023-11-26 00:00:00,5611753748.44497
2023-11-27 00:00:00,5596775744.45516
2023-11-28 00:00:00,5493259497.02315
2023-11-29 00:00:00,5530737303.68269
2023-11-30 00:00:00,5475981157.71393
2023-12-01 00:00:00,5509190538.36229
2023-12-02 00:00:00,5538223679.275
2023-12-03 00:00:00,5696652807.09333
2023-12-04 00:00:00,5789840754.47791
2023-12-05 00:00:00,5863283237.65297
2023-12-06 00:00:00,5982279647.07847
2023-12-07 00:00:00,5868175102.18133
2023-12-08 00:00:00,6151332030.3952
2023-12-09 00:00:00,6172692290.59665
2023-12-10 00:00:00,6075789545.97928
2023-12-11 00:00:00,5849994581.71553
2023-12-12 00:00:00,5768265278.93522
2023-12-13 00:00:00,5647133498.8488
2023-12-14 00:00:00,5834225095.25033
2023-12-15 00:00:00,6095551964.58221
2023-12-16 00:00:00,5781436276.65643
2023-12-17 00:00:00,5874767209.14551
2023-12-18 00:00:00,5911302231.6083
2023-12-19 00:00:00,5812232508.67939
2023-12-20 00:00:00,5855372282.49539
2023-12-21 00:00:00,5752820255.19373
2023-12-22 00:00:00,5815184574.28459
2023-12-23 00:00:00,6031289113.77096
2023-12-24 00:00:00,6002408771.90539
2023-12-25 00:00:00,5915055908.44373
2023-12-26 00:00:00,5894387801.25486
2023-12-27 00:00:00,5768899616.96823
2023-12-28 00:00:00,6016980065.68128
2023-12-29 00:00:00,5911036705.81867
2023-12-30 00:00:00,5778918093.35619
2023-12-31 00:00:00,5726152714.80762
2024-01-01 00:00:00,5673935071.15965
2024-01-02 00:00:00,6082622097.59285
2024-01-03 00:00:00,6056322428.64729
2024-01-04 00:00:00,5701679282.86585
2024-01-05 00:00:00,5800389824.90718
2024-01-06 00:00:00,5778191009.89462
2024-01-07 00:00:00,5722297140.26687
2024-01-08 00:00:00,5665761100.27962
2024-01-09 00:00:00,5969709720.89753
2024-01-10 00:00:00,5929188267.59446
2024-01-11 00:00:00,6487660828.30817
2024-01-12 00:00:00,6481241620.65687
2024-01-13 00:00:00,6180011069.47008
2024-01-14 00:00:00,6268817660.73
2024-01-15 00:00:00,6060742089.54318
2024-01-16 00:00:00,6131720813.96276
2024-01-17 00:00:00,6263853832.15783
2024-01-18 00:00:00,6201251286.65313
2024-01-19 00:00:00,6241704363.75281
2024-01-20 00:00:00,6314141073.8998
2024-01-21 00:00:00,6297901674.87692
2024-01-22 00:00:00,6287301317.76901
2024-01-23 00:00:00,5991090020.00812
2024-01-24 00:00:00,5825326308.2281
2024-01-25 00:00:00,5706921012.40696
2024-01-26 00:00:00,5691647522.56633
2024-01-27 00:00:00,5860096909.31739
2024-01-28 00:00:00,5860346719.52863
2024-01-29 00:00:00,5822783882.17373
2024-01-30 00:00:00,5909531561.65869
2024-01-31 00:00:00,5816363538.10687
2024-02-01 00:00:00,5518013855.8243
2024-02-02 00:00:00,5584623406.72907
2024-02-03 00:00:00,5575854352.0612
2024-02-04 00:00:00,5591220812.35336
2024-02-05 00:00:00,5569692549.52763
2024-02-06 00:00:00,5588612551.76797
2024-02-07 00:00:00,5849831901.8397
2024-02-08 00:00:00,5809097679.34782
2024-02-09 00:00:00,5801705893.19957
2024-02-10 00:00:00,5988224563.45487
2024-02-11 00:00:00,6025738916.59454
2024-02-12 00:00:00,6040709802.11487
2024-02-13 00:00:00,6195896544.39902
2024-02-14 00:00:00,5791735443.53808
2024-02-15 00:00:00,6087689579.0624
2024-02-16 00:00:00,6111140093.72856
2024-02-17 00:00:00,6057975965.28523
2024-02-18 00:00:00,6028950317.4863
2024-02-19 00:00:00,6223831132.93573
2024-02-20 00:00:00,6495516742.35327
2024-02-21 00:00:00,6543695756.95789
2024-02-22 00:00:00,6553604688.07128
2024-02-23 00:00:00,6623774326.645
2024-02-24 00:00:00,6342246431.70949
2024-02-25 00:00:00,6465407173.50582
2024-02-26 00:00:00,6541605016.74192
2024-02-27 00:00:00,6659955271.74702
2024-02-28 00:00:00,6842528552.17543
2024-02-29 00:00:00,7038207414.00876
2024-03-01 00:00:00,6856701273.83988
2024-03-02 00:00:00,7039317732.95457
2024-03-03 00:00:00,6918398607.13941
2024-03-04 00:00:00,7055797743.08723
2024-03-05 00:00:00,7376645568.61362
2024-03-06 00:00:00,7262433474.53123
2024-03-07 00:00:00,7970994449.16053
2024-03-08 00:00:00,7918234551.74333
2024-03-09 00:00:00,8138680573.17731
2024-03-10 00:00:00,8136449089.19178
2024-03-11 00:00:00,8225932873.16561
2024-03-12 00:00:00,8663041217.33615
2024-03-13 00:00:00,8514769130.91626
2024-03-14 00:00:00,8072620479.5378
2024-03-15 00:00:00,7890642123.06791
2024-03-16 00:00:00,7809578465.64485
2024-03-17 00:00:00,7431850722.84263
2024-03-18 00:00:00,7588994810.27143
2024-03-19 00:00:00,7211185297.28151
2024-03-20 00:00:00,6568203598.02837
2024-03-21 00:00:00,7118112122.63399
2024-03-22 00:00:00,6798785644.25715
2024-03-23 00:00:00,6317912067.74557
2024-03-24 00:00:00,6434700029.46163
2024-03-25 00:00:00,6657405224.91506
2024-03-26 00:00:00,6844485577.27271
2024-03-27 00:00:00,6823597916.38343
2024-03-28 00:00:00,6592615261.43091
2024-03-29 00:00:00,6726297198.01031
2024-03-30 00:00:00,6568853993.20784
2024-03-31 00:00:00,6528577241.14609
2024-04-01 00:00:00,6732948855.18688
2024-04-02 00:00:00,6523499622.52822
2024-04-03 00:00:00,6264511911.04543
2024-04-04 00:00:00,6298747780.29974
2024-04-05 00:00:00,6322370476.03986
2024-04-06 00:00:00,6435449718.85641
2024-04-07 00:00:00,6553409955.49525
2024-04-08 00:00:00,6602897555.74946
2024-04-09 00:00:00,6648688852.62295
2024-04-10 00:00:00,6254151800.06444
2024-04-11 00:00:00,6291760883.35853
2024-04-12 00:00:00,6309346444.86402
2024-04-13 00:00:00,5804358359.70412
2024-04-14 00:00:00,5512755916.51543
2024-04-15 00:00:00,5825538906.6135
2024-04-16 00:00:00,5713920325.62341
2024-04-17 00:00:00,5857145526.56201
2024-04-18 00:00:00,5609123729.99163
2024-04-19 00:00:00,5809464500.82863
2024-04-20 00:00:00,5686594799.81677
2024-04-21 00:00:00,5830881917.19939
2024-04-22 00:00:00,5867872878.60604
2024-04-23 00:00:00,6011542467.05876
2024-04-24 00:00:00,6046196187.63909
2024-04-25 00:00:00,5871166354.7451
2024-04-26 00:00:00,5930208838.70231
2024-04-27 00:00:00,5913650582.21627
2024-04-28 00:00:00,6124088025.82619
2024-04-29 00:00:00,6201923813.62766
2024-04-30 00:00:00,5993588590.64243
2024-05-01 00:00:00,5612575044.57005
2024-05-02 00:00:00,5524892909.08655
2024-05-03 00:00:00,5469517475.21759
2024-05-04 00:00:00,5698220418.4042
2024-05-05 00:00:00,5830270616.14542
2024-05-06 00:00:00,5882762891.3649
2024-05-07 00:00:00,5681393566.04946
2024-05-08 00:00:00,5602463325.41606
2024-05-09 00:00:00,5373313185.98375
2024-05-10 00:00:00,5405740922.76619
2024-05-11 00:00:00,5259618583.63654
2024-05-12 00:00:00,5304932581.66545
2024-05-13 00:00:00,5306637014.07292
2024-05-14 00:00:00,5335759821.26651
2024-05-15 00:00:00,5226681670.42322
2024-05-16 00:00:00,5465371087.19822
2024-05-17 00:00:00,5309474487.93254
2024-05-18 00:00:00,5559424816.08937
2024-05-19 00:00:00,5642353879.10544
2024-05-20 00:00:00,5602613094.9118
2024-05-21 00:00:00,6269557858.64538
2024-05-22 00:00:00,6341999819.19167
2024-05-23 00:00:00,6586629596.05753
2024-05-24 00:00:00,6598835812.32471
2024-05-25 00:00:00,6488202329.64633
2024-05-26 00:00:00,6498515619.34339
2024-05-27 00:00:00,6631215800.51317
2024-05-28 00:00:00,6645392651.32027
2024-05-29 00:00:00,6558590309.28791
2024-05-30 00:00:00,6573135167.88342
2024-05-31 00:00:00,6541711883.095
2024-06-01 00:00:00,6531119115.54621
2024-06-02 00:00:00,6454713260.0844
2024-06-03 00:00:00,6388709007.01655
2024-06-04 00:00:00,6328075402.18373
2024-06-05 00:00:00,6408052181.36472
2024-06-06 00:00:00,6618459872.45057
2024-06-07 00:00:00,6516960311.92625
2024-06-08 00:00:00,6294927130.95217
2024-06-09 00:00:00,6252879409.80895
2024-06-10 00:00:00,6308215838.4563
2024-06-11 00:00:00,6262461299.22577
2024-06-12 00:00:00,5978032902.89206
2024-06-13 00:00:00,6143672337.27527
2024-06-14 00:00:00,6052474821.09631
2024-06-15 00:00:00,5998203157.26516
2024-06-16 00:00:00,6147857434.07194
2024-06-17 00:00:00,6200339546.88561
2024-06-18 00:00:00,6086353094.74796
2024-06-19 00:00:00,6120295669.96491
2024-06-20 00:00:00,6203130946.32191
2024-06-21 00:00:00,6128999530.52833
2024-06-22 00:00:00,6104442393.95783
2024-06-23 00:00:00,6117360951.56165
2024-06-24 00:00:00,6021159952.97469
2024-06-25 00:00:00,5832354196.24484
2024-06-26 00:00:00,5950537051.09823
2024-06-27 00:00:00,5914680054.55509
2024-06-28 00:00:00,5844153524.41558
2024-06-29 00:00:00,5706042381.99791
2024-06-30 00:00:00,5715576660.90432
2024-07-01 00:00:00,5748897925.20809
2024-07-02 00:00:00,5867710326.37423
2024-07-03 00:00:00,5774589634.11126
2024-07-04 00:00:00,5584600435.3503
2024-07-05 00:00:00,5396622632.44917
2024-07-06 00:00:00,5237414145.40948
2024-07-07 00:00:00,5496763160.98007
2024-07-08 00:00:00,5067094184.94061
2024-07-09 00:00:00,5074319282.25865
2024-07-10 00:00:00,5127716385.2525
2024-07-11 00:00:00,5196978159.49666
2024-07-12 00:00:00,5231429898.07154
2024-07-13 00:00:00,5286552134.33744
2024-07-14 00:00:00,5402991569.85555
2024-07-15 00:00:00,5557751507.84344
2024-07-16 00:00:00,5847908014.59861
2024-07-17 00:00:00,5821462604.27302
2024-07-18 00:00:00,5737560428.29071
2024-07-19 00:00:00,5721772070.57164
2024-07-20 00:00:00,5901219177.83633
2024-07-21 00:00:00,6005709948.2909
2024-07-22 00:00:00,6008291425.68041
2024-07-23 00:00:00,5788794600.71042
2024-07-24 00:00:00,5886177251.35923
2024-07-25 00:00:00,5662043947.40305
2024-07-26 00:00:00,5409114642.80125
2024-07-27 00:00:00,5534928545.48847
2024-07-28 00:00:00,5571759824.72639
2024-07-29 00:00:00,5549783469.48376
2024-07-30 00:00:00,5762308668.30199
2024-07-31 00:00:00,5684589721.79813
2024-08-01 00:00:00,5595056780.85269
2024-08-02 00:00:00,5495131701.5968
2024-08-03 00:00:00,5249764092.01061
2024-08-04 00:00:00,5120279402.07576
2024-08-05 00:00:00,4904629177.08155
2024-08-06 00:00:00,4486209417.58621
2024-08-07 00:00:00,4632847318.07139
2024-08-08 00:00:00,4411861537.97849
2024-08-09 00:00:00,4801879448.29554
2024-08-10 00:00:00,4808279752.07969
2024-08-11 00:00:00,4831780476.25629
2024-08-12 00:00:00,4745984180.87517
2024-08-13 00:00:00,4921331802.94879
2024-08-14 00:00:00,4993415369.11463
2024-08-15 00:00:00,4947468678.28098
2024-08-16 00:00:00,4794007125.2158
2024-08-17 00:00:00,4847459346.67391
2024-08-18 00:00:00,4897466097.41152
2024-08-19 00:00:00,4912254946.79166
2024-08-20 00:00:00,4960062049.5999
2024-08-21 00:00:00,4865961152.82035
2024-08-22 00:00:00,4951917396.56167
2024-08-23 00:00:00,4919290773.47737
2024-08-24 00:00:00,5159464442.36455
2024-08-25 00:00:00,5162078489.32892
2024-08-26 00:00:00,5114630050.29523
2024-08-27 00:00:00,4967436528.0887
2024-08-28 00:00:00,4643082700.69169
2024-08-29 00:00:00,4717986945.16863
2024-08-30 00:00:00,4736908096.12922
2024-08-31 00:00:00,4717521574.73232
2024-09-01 00:00:00,4700124641.87576
2024-09-02 00:00:00,4576757492.48569
2024-09-03 00:00:00,4761190371.33965
2024-09-04 00:00:00,4579455162.86537
2024-09-05 00:00:00,4953156524.81854
2024-09-06 00:00:00,5260141958.45715
2024-09-07 00:00:00,5069695419.46762
2024-09-08 00:00:00,5200734033.31226
2024-09-09 00:00:00,5245802111.01888
2024-09-10 00:00:00,5299148056.35491
2024-09-11 00:00:00,5362894924.8566
2024-09-12 00:00:00,5309572635.43443
2024-09-13 00:00:00,5449384580.28004
2024-09-14 00:00:00,5620236330.88094
2024-09-15 00:00:00,5608698914.07311
2024-09-16 00:00:00,5449015788.79076
2024-09-17 00:00:00,5363530049.64633
2024-09-18 00:00:00,5515009122.50532
2024-09-19 00:00:00,5600539769.91532
2024-09-20 00:00:00,5733894601.95667
2024-09-21 00:00:00,6013005419.58846
2024-09-22 00:00:00,6093108024.03129
2024-09-23 00:00:00,6073933557.77477
2024-09-24 00:00:00,6144945093.4774
2024-09-25 00:00:00,6102429362.8908
2024-09-26 00:00:00,5988989304.98103
2024-09-27 00:00:00,6179645416.12113
2024-09-28 00:00:00,6225296540.15657
2024-09-29 00:00:00,6225898712.53019
2024-09-30 00:00:00,6210298771.36917
2024-10-01 00:00:00,6101129069.62261
2024-10-02 00:00:00,6221947279.18054
2024-10-03 00:00:00,5962074997.49702
2024-10-04 00:00:00,5881168337.26837
2024-10-05 00:00:00,5947165425.0292
2024-10-06 00:00:00,5927777480.3628
2024-10-07 00:00:00,5967812989.45114
2024-10-08 00:00:00,5897790454.96462
2024-10-09 00:00:00,5816178067.8282
2024-10-10 00:00:00,5615882605.60967
2024-10-11 00:00:00,5560331340.22053
2024-10-12 00:00:00,5741773811.75249
2024-10-13 00:00:00,5813708020.81463
2024-10-14 00:00:00,5789246435.87554
2024-10-15 00:00:00,6031782305.96736
2024-10-16 00:00:00,5946524793.75357
2024-10-17 00:00:00,5930492145.36498
2024-10-18 00:00:00,5832964929.21897
2024-10-19 00:00:00,5970012762.71522
2024-10-20 00:00:00,5982107754.37255
2024-10-21 00:00:00,6118664088.5768
2024-10-22 00:00:00,5927832271.77092
2024-10-23 00:00:00,5777476006.94738
2024-10-24 00:00:00,5529085483.63317
2024-10-25 00:00:00,5416941225.28391
2024-10-26 00:00:00,5055612162.96454
2024-10-27 00:00:00,5094851742.09746
2024-10-28 00:00:00,5169280876.79911
2024-10-29 00:00:00,5244479246.88926
2024-10-30 00:00:00,5350407452.18536
2024-10-31 00:00:00,5367883118.58428
2024-11-01 00:00:00,5039528274.44928
2024-11-02 00:00:00,5198420034.9397
2024-11-03 00:00:00,5175781236.81223
2024-11-04 00:00:00,5152047860.09764
2024-11-05 00:00:00,5044859389.13496
2024-11-06 00:00:00,5125116410.12784
2024-11-07 00:00:00,5632456479.63591
2024-11-08 00:00:00,5800915136.59833
2024-11-09 00:00:00,5941470516.96275
2024-11-10 00:00:00,6217112653.46964
2024-11-11 00:00:00,6331358240.95693
2024-11-12 00:00:00,6421608167.67603
2024-11-13 00:00:00,5944210724.48728
2024-11-14 00:00:00,5980461749.41802
2024-11-15 00:00:00,5740721710.69095
2024-11-16 00:00:00,6039518229.70027
2024-11-17 00:00:00,6170787855.74007
2024-11-18 00:00:00,6074931820.01956
2024-11-19 00:00:00,6138027507.97242
2024-11-20 00:00:00,6114330476.17267
2024-11-21 00:00:00,5957201514.93149
2024-11-22 00:00:00,6383914531.89433
2024-11-23 00:00:00,6288090673.60218
2024-11-24 00:00:00,6524699281.0493
2024-11-25 00:00:00,6461076680.37381
2024-11-26 00:00:00,6348860824.91556
2024-11-27 00:00:00,6118251882.84495
2024-11-28 00:00:00,6775319571.80733
2024-11-29 00:00:00,6655892609.17973
2024-11-30 00:00:00,6626494104.7166
2024-12-01 00:00:00,6873268745.3562
2024-12-02 00:00:00,6852832935.73901
2024-12-03 00:00:00,6632939818.23145
2024-12-04 00:00:00,6524325267.30831
2024-12-05 00:00:00,6798935143.02116
2024-12-06 00:00:00,6669299651.39596
2024-12-07 00:00:00,6961537647.02129
2024-12-08 00:00:00,6974117944.72082
2024-12-09 00:00:00,6767063695.04723
2024-12-10 00:00:00,6223691989.89732
2024-12-11 00:00:00,6253975855.55817
2024-12-12 00:00:00,6705922405.39417
2024-12-13 00:00:00,6788531186.57947
2024-12-14 00:00:00,6979046527.88954
2024-12-15 00:00:00,6977577411.51132
2024-12-16 00:00:00,7085242059.14338
2024-12-17 00:00:00,7132372596.61399
2024-12-18 00:00:00,6975960392.28204
2024-12-19 00:00:00,6546925647.86776
2024-12-20 00:00:00,6260867747.921
2024-12-21 00:00:00,6371030937.43408
2024-12-22 00:00:00,6361750346.25397
2024-12-23 00:00:00,6347249180.65701
2024-12-24 00:00:00,6552940444.44527
2024-12-25 00:00:00,6764106920.55124
2024-12-26 00:00:00,6797764981.77486
2024-12-27 00:00:00,6531440833.80337
2024-12-28 00:00:00,6566861424.16051
2024-12-29 00:00:00,6649039646.7577
2024-12-30 00:00:00,6403083027.44929
2024-12-31 00:00:00,6664037136.48168
2025-01-01 00:00:00,6665977767.14136
2025-01-02 00:00:00,6471637222.96003
2025-01-03 00:00:00,6975384405.06249
2025-01-04 00:00:00,7507657878.35244
2025-01-05 00:00:00,7604273968.91336
2025-01-06 00:00:00,7567775033.88814
2025-01-07 00:00:00,7564733878.7161
2025-01-08 00:00:00,7093146309.17419
2025-01-09 00:00:00,7028562809.52063
2025-01-10 00:00:00,6905232192.17175
2025-01-11 00:00:00,7035439426.6741
2025-01-12 00:00:00,7058789879.76858
2025-01-13 00:00:00,7204481909.09893
2025-01-14 00:00:00,7013779545.23461
2025-01-15 00:00:00,7169920854.1712
2025-01-16 00:00:00,7657287634.51428
2025-01-17 00:00:00,7331832971.63059
2025-01-18 00:00:00,7542665834.44051
2025-01-19 00:00:00,7111040165.53562
2025-01-20 00:00:00,6791887936.31455
2025-01-21 00:00:00,6970542876.04872
2025-01-22 00:00:00,7098781818.67574
2025-01-23 00:00:00,7089865433.10445
2025-01-24 00:00:00,7412947293.71423
2025-01-25 00:00:00,7214966554.40252
2025-01-26 00:00:00,7317042127.08187
2025-01-27 00:00:00,7198286305.60328
2025-01-28 00:00:00,6958180330.43492
2025-01-29 00:00:00,6852489009.38333
2025-01-30 00:00:00,6893587188.82474
2025-01-31 00:00:00,7079548419.75904
2025-02-01 00:00:00,6916013541.43896
2025-02-02 00:00:00,6694107358.08277
2025-02-03 00:00:00,6267065342.14897
2025-02-04 00:00:00,6142496175.78246
2025-02-05 00:00:00,6567367095.4732
2025-02-06 00:00:00,6924244716.42725
2025-02-07 00:00:00,7058965515.65071
2025-02-08 00:00:00,7198033310.21914
2025-02-09 00:00:00,7278474232.13547
2025-02-10 00:00:00,7276761119.9676
2025-02-11 00:00:00,7278374694.15535
2025-02-12 00:00:00,7267231618.34582
2025-02-13 00:00:00,7541236339.04187
2025-02-14 00:00:00,7434293094.11464
2025-02-15 00:00:00,7486785628.38782
2025-02-16 00:00:00,7544680989.30964
2025-02-17 00:00:00,7464739891.38612
2025-02-18 00:00:00,7548954706.80713
2025-02-19 00:00:00,7551221248.04819
2025-02-20 00:00:00,7558692474.97316
2025-02-21 00:00:00,7257096729.70681
2025-02-22 00:00:00,6545806647.59195
2025-02-23 00:00:00,6753880027.14326
2025-02-24 00:00:00,6994496902.01676
2025-02-25 00:00:00,6578866974.93936
2025-02-26 00:00:00,6116396182.15207
2025-02-27 00:00:00,5493847379.08784
2025-02-28 00:00:00,5458803888.91326
2025-03-01 00:00:00,5861399686.30564
2025-03-02 00:00:00,5934700103.93247
2025-03-03 00:00:00,6413575646.15857
2025-03-04 00:00:00,6025528541.00478
2025-03-05 00:00:00,6075270591.0841
2025-03-06 00:00:00,6415446278.38629
2025-03-07 00:00:00,6422446931.36183
2025-03-08 00:00:00,6409505968.46574
2025-03-09 00:00:00,6489389951.02591
2025-03-10 00:00:00,6247473414.83448
2025-03-11 00:00:00,5981595081.6284
2025-03-12 00:00:00,6112189711.90172
2025-03-13 00:00:00,6096059007.93484
2025-03-14 00:00:00,6302130698.6649
2025-03-15 00:00:00,6458555633.52934
2025-03-16 00:00:00,6538524115.42049
2025-03-17 00:00:00,6499698123.86783
2025-03-18 00:00:00,6633604916.15023
2025-03-19 00:00:00,6652719628.41044
2025-03-20 00:00:00,6868362786.93372
2025-03-21 00:00:00,6664979527.69902
2025-03-22 00:00:00,6409859957.27987
2025-03-23 00:00:00,6442371700.17225
2025-03-24 00:00:00,6505023774.37969
2025-03-25 00:00:00,6814193804.50744
2025-03-26 00:00:00,7155496699.74557
2025-03-27 00:00:00,7104133235.49163
2025-03-28 00:00:00,6731087578.83221
2025-03-29 00:00:00,6344055123.59749
2025-03-30 00:00:00,6319018981.08461
2025-03-31 00:00:00,6337060877.32108
2025-04-01 00:00:00,6773871133.54117
2025-04-02 00:00:00,6925916044.59496
2025-04-03 00:00:00,7006416533.65552
2025-04-04 00:00:00,6996215688.68061
2025-04-05 00:00:00,7166519464.49489
2025-04-06 00:00:00,7208496271.96982
2025-04-07 00:00:00,6820789002.60032
2025-04-08 00:00:00,6611302465.11013
2025-04-09 00:00:00,6452250262.0418
2025-04-10 00:00:00,6425736421.70192
2025-04-11 00:00:00,6122180109.50721
2025-04-12 00:00:00,5541100265.89503
2025-04-13 00:00:00,5735465471.90019
2025-04-14 00:00:00,5673971541.10322
2025-04-15 00:00:00,5531022073.89299
2025-04-16 00:00:00,5505160453.85251
2025-04-17 00:00:00,5636799578.25562
2025-04-18 00:00:00,5603866091.92394
2025-04-19 00:00:00,5470860763.63332
2025-04-20 00:00:00,5637621236.09133
2025-04-21 00:00:00,5631724681.19113
2025-04-22 00:00:00,5511865351.46271
2025-04-23 00:00:00,5741125558.60968
2025-04-24 00:00:00,5702115967.37669
2025-04-25 00:00:00,5975802331.36761
2025-04-26 00:00:00,6152839687.03454
2025-04-27 00:00:00,6225476536.59704
2025-04-28 00:00:00,6195006601.9675
2025-04-29 00:00:00,6243329083.78187
2025-04-30 00:00:00,6239092008.42013
2025-05-01 00:00:00,5969017789.83734
2025-05-02 00:00:00,5953997136.5117
2025-05-03 00:00:00,5926003674.56303
2025-05-04 00:00:00,5954209770.74393
2025-05-05 00:00:00,5953388259.4023
2025-05-06 00:00:00,5672019351.38215
2025-05-07 00:00:00,5581762911.66536
2025-05-08 00:00:00,5419729911.69435
2025-05-09 00:00:00,6381378264.81208
2025-05-09 14:17:35,6382925185.3181
