timestamp,price,market_cap,volume,rolling_mean,price_deviation,price_std
2024-05-10 00:00:00,0.9993202129069916,5437595996.538355,606266746.0339464,,,
2024-05-11 00:00:00,0.9995033844758454,5459263317.011318,591430714.8123639,,,
2024-05-12 00:00:00,0.9991939578878013,5474167339.569394,717935955.1864855,,,
2024-05-13 00:00:00,0.9988344558577785,5478337321.169827,552735341.8434638,,,
2024-05-14 00:00:00,1.0002250156635035,5475454349.260518,662665431.5442121,,,
2024-05-15 00:00:00,0.9991602385923187,5443770567.75914,795034743.1102155,,,
2024-05-16 00:00:00,0.9991229677735609,5479904789.804112,702192361.2073495,0.9993371761654,-0.0002142083918390547,0.00044094656736488164
2024-05-17 00:00:00,0.9995560963295036,5443312981.322501,447022230.1197532,0.9993708737971874,0.00018522253231623154,0.00044838466094488283
2024-05-18 00:00:00,1.0004575684413526,5448860997.05523,506244229.68335783,0.9995071857922598,0.0009503826490927514,0.0006109517540578568
2024-05-19 00:00:00,1.000655303423064,5499628973.965264,612851550.880045,0.9997159494401545,0.0009393539829095632,0.0007250929623128743
2024-05-20 00:00:00,0.9993669308864865,5514833576.343835,497994410.3363239,0.9997920173013986,-0.0004250864149120126,0.000640161125864499
2024-05-21 00:00:00,1.0001598175121509,5388917387.373819,799822766.0413833,0.9997827032797769,0.00037711423237396513,0.0006332482081644705
2024-05-22 00:00:00,1.0000084077919036,5331120003.084376,622506999.9384459,0.999903870308289,0.00010453748361460846,0.0005725279988690189
2024-05-23 00:00:00,1.000881418120247,5323682607.209462,411627120.3066818,1.0001550775006727,0.0007263406195743283,0.000558388371165204
2024-05-24 00:00:00,1.0007488812878,5285914723.955348,398150001.539862,1.0003254753518578,0.00042340593594225595,0.0005262068570892802
2024-05-25 00:00:00,0.999831767826649,5303678791.201796,315328723.52319133,1.000236075264043,-0.00040430743739394703,0.0005525265973889693
2024-05-26 00:00:00,1.000150729125024,5307823283.198449,284568929.3408373,1.0001639932214659,-1.3264096441867324e-05,0.000520716623674864
2024-05-27 00:00:00,0.9999748788893325,5289771419.00488,192503942.68099487,1.000250842936158,-0.00027596404682561637,0.00040301583244514645
2024-05-28 00:00:00,0.9998029536945758,5338557449.861216,298889419.57017845,1.0001998623907902,-0.00039690869621433755,0.00043754173135753964
2024-05-29 00:00:00,0.9991002441390435,5326924126.442654,218277782.62562835,1.000070124726096,-0.0009698805870523852,0.0006059894119995528
2024-05-30 00:00:00,0.9995499916679319,5326689659.663316,306357786.0194375,0.9998799209471938,-0.00032992927926189797,0.0005103002529515705
2024-05-31 00:00:00,1.0002246019535397,5352491907.886145,343702313.3287567,0.9998050238994425,0.0004195780540972027,0.0003844658713138097
2024-06-01 00:00:00,0.9999792521416365,5313827584.109041,313401302.40838337,0.9998260930872976,0.00015315905433888055,0.00039017451335438637
2024-06-02 00:00:00,0.9999601574800826,5315661415.6237545,234745599.54146203,0.9997988685665918,0.00016128891349076468,0.0003698678565732289
2024-06-03 00:00:00,0.9991948699462665,5287488912.397169,239336052.91877562,0.9996874387175824,-0.0004925687713158711,0.00042184748603575997
2024-06-04 00:00:00,1.0000944802796996,5252827680.991351,383516014.20173466,0.9997290853726001,0.0003653949070995255,0.00044868879807540316
2024-06-05 00:00:00,1.000542649164824,5268355519.858863,325676738.1376053,0.9999351432334258,0.0006075059313981335,0.00044293635322515784
2024-06-06 00:00:00,1.000306393949778,5312503774.675779,307412746.6264837,1.000043200702261,0.0002631932475170018,0.0004252266313474477
2024-06-07 00:00:00,1.0007060835312342,5265772697.846474,229191489.40370825,1.000111983784789,0.000594099746445309,0.0004930002657082739
2024-06-08 00:00:00,0.99995229264058,5274910476.681997,289277667.60393953,1.000108132427495,-0.00015583978691491307,0.0004943135499026804
2024-06-09 00:00:00,0.999582661321665,5260637452.811675,333456326.69305867,1.000054204404864,-0.00047154308319896643,0.0005322814090201109
2024-06-10 00:00:00,0.9993741593513468,5266286016.104943,411742993.19278926,1.0000798171770182,-0.0007056578256714463,0.0004863733913241283
2024-06-11 00:00:00,0.9997916397517008,5287627767.413207,382347599.35938966,1.000036554244447,-0.00024491449274610666,0.0004981773290821343
2024-06-12 00:00:00,1.0009392425119579,5279960052.333839,285581378.07687175,1.0000932104368947,0.0008460320750631745,0.0005809946181822152
2024-06-13 00:00:00,1.0004685582197557,5291671575.941917,304095231.56586605,1.0001163767611772,0.00035218145857851546,0.000593999225028693
2024-06-14 00:00:00,1.0000638381429676,5266028891.424742,299294585.16162264,1.0000246274199962,3.92107229714167e-05,0.0005343362107185951
2024-06-15 00:00:00,1.0007240383039415,5223801820.213772,418814995.7075002,1.0001348768004765,0.0005891615034649966,0.0005932888418952242
2024-06-16 00:00:00,0.9993690261589128,5237130438.861848,324661625.77615523,1.0001043574915118,-0.0007353313325990651,0.0006307423103126536
2024-06-17 00:00:00,0.9979239563838518,5237009910.490513,337234005.4001905,0.9998971856390125,-0.0019732292551607467,0.001025307563873817
2024-06-18 00:00:00,0.9988906763833738,5264318376.694833,349489909.5121415,0.9997684765863945,-0.00087780020302064,0.0010949499538790864
2024-06-19 00:00:00,0.9992919459569933,5256237297.22734,702679582.2665735,0.9995331485071137,-0.0002412025501203896,0.0009714444454017532
2024-06-20 00:00:00,0.9992788633088023,5248224158.790952,474117920.14036036,0.9993631920912633,-8.432878246100728e-05,0.0008803123698974181
2024-06-21 00:00:00,0.9992560814211808,5176304199.669812,472313774.73274213,0.9992477982738651,8.283147315713002e-06,0.0008243236506158222
2024-06-22 00:00:00,0.9993139101070168,5168551226.116121,446464377.76553434,0.9990463513885902,0.00026755871842654155,0.0005193067655959367
2024-06-23 00:00:00,0.9988016251279956,5203455663.290101,300340484.06861097,0.9989652940984592,-0.00016366897046360407,0.0005046214828959584
2024-06-24 00:00:00,0.9988005965819405,5204058061.481652,238663630.772297,0.9990905284124719,-0.00028993183053138694,0.00024522528697791974
2024-06-25 00:00:00,0.999634463718693,5180479599.603259,500640181.56656593,0.999196783746089,0.00043767997260402147,0.00029936211645345415
2024-06-26 00:00:00,1.0004401910240397,5189876467.570222,383881008.51254123,0.999360818755667,0.0010793722683727358,0.0005607078090102257
2024-06-27 00:00:00,0.9992204712131246,5187314474.979869,339950364.5594621,0.9993524770277131,-0.00013200581458849836,0.0005625615712910013
2024-06-28 00:00:00,1.0001388560157967,5172058969.560809,434006587.22774047,0.9994785876840867,0.0006602683317099567,0.0006320107653808539
2024-06-29 00:00:00,0.9992709402045377,5129964024.121219,423866267.91866356,0.9994724491265897,-0.00020150892205206272,0.0006340820981939451
2024-06-30 00:00:00,0.9991508644898954,5145503797.756386,312482197.26805794,0.9995223404640038,-0.00037147597410835953,0.0005842870964011375
2024-07-01 00:00:00,0.9996321561085362,5121129269.507872,386681889.3786282,0.9996411346820889,-8.978573552753666e-06,0.0004900185790456846
2024-07-02 00:00:00,0.9993578368593986,5158130614.616125,491819739.88627124,0.9996016165593328,-0.0002437796999341657,0.0005016623411660208
2024-07-03 00:00:00,0.9999319089611889,5183627554.3347645,500996101.79313993,0.9995290048360682,0.0004029041251206733,0.00038274650632904943
2024-07-04 00:00:00,1.0012516274873455,5192688454.344827,514280021.50325876,0.9998191700180998,0.001432457469245696,0.0007259286352441895
2024-07-05 00:00:00,0.9999181388971079,5144008063.517353,653928818.1887857,0.9997876390011442,0.00013049989596369826,0.0007144310752248888
2024-07-06 00:00:00,0.9992017991331014,5201339405.254812,1368004917.6395276,0.9997777617052248,-0.0005759625721234451,0.0007231895032001166
2024-07-07 00:00:00,0.9995055590043478,5333169668.099635,825948883.4224061,0.9998284323501466,-0.0003228733457988353,0.0006832690950146
2024-07-08 00:00:00,0.9996420088490929,5332049711.492774,840483526.9151851,0.999829839884512,-0.00018783103541908375,0.0006828073700864042
2024-07-09 00:00:00,0.9998739916094963,5263428325.193113,139248176.35339203,0.9999035762773829,-2.9584667886606297e-05,0.0006504432536782589
2024-07-10 00:00:00,0.9990852848723997,5274673511.801994,89354111.57378338,0.9997826299789845,-0.0006973451065848124,0.0007193585789156613
2024-07-11 00:00:00,0.9992181406265842,5274980374.597966,164585842.99495378,0.9994921318560187,-0.0002739912294345004,0.0003353682114813601
2024-07-12 00:00:00,0.9995997753218133,5292262444.223135,194514404.0918538,0.9994466513452622,0.000153123976551095,0.00028590697854760335
2024-07-13 00:00:00,0.9997346647260562,5289148066.818527,300203609.7564255,0.9995227750013987,0.0002118897246574658,0.00028074075432816875
2024-07-14 00:00:00,0.9986614076674938,5353995172.58814,90154289.93598872,0.9994021819532767,-0.000740774285782897,0.0004306488781325943
2024-07-15 00:00:00,0.9993454744887194,5346507051.008113,152152325.2241244,0.9993598199017947,-1.4345413075322888e-05,0.0004175100258597789
2024-07-16 00:00:00,1.000686923624995,5337331419.723476,175087842.32706428,0.9994759530468659,0.0012109705781290225,0.0006387893661192762
2024-07-17 00:00:00,0.9996384670885394,5355886591.057689,245540824.0327465,0.9995549790777432,8.348801079627322e-05,0.0006162229739725116
2024-07-18 00:00:00,0.9991346260959002,5325112922.707959,149046963.56675512,0.9995430484305025,-0.0004084223346022542,0.0006245831445411145
2024-07-19 00:00:00,0.9989468335985874,5306123079.25584,165547347.71482006,0.9994497710414701,-0.0005029374428827671,0.0006623159006011007
2024-07-20 00:00:00,0.9994885675866548,5349846798.681332,198315216.22843057,0.99941461430727,7.395327938486407e-05,0.0006511096812133131
2024-07-21 00:00:00,0.9999018943002121,5472047864.437051,77439397.40643081,0.9995918266833727,0.00031006761683949335,0.0005764770691347422
2024-07-22 00:00:00,1.0000486899772025,5421802125.738027,92471350.246096,0.9996922860388702,0.0003564039383323614,0.0005875577926352771
2024-07-23 00:00:00,0.9994526120282727,5326363879.867493,131467771.47640125,0.999515955810767,-6.334378249428507e-05,0.00039196900735098157
2024-07-24 00:00:00,0.9993884378876927,5322192810.54494,193283583.25394583,0.9994802373535031,-9.179946581039378e-05,0.0003903330557658181
2024-07-25 00:00:00,0.9995488740397592,5278251993.660067,184952664.56260338,0.9995394156311973,9.458408561924259e-06,0.0003593764831860985
2024-07-26 00:00:00,0.9997666010960015,5266987813.071405,234913892.81213307,0.9996565252736851,0.00011007582231636892,0.0002514510659831076
2024-07-27 00:00:00,1.000028521797985,5260661962.142698,184445501.79717666,0.9997336615895893,0.000294860208395642,0.0002732176733985634
2024-07-28 00:00:00,0.9992174603407649,5268075942.907909,153817413.09952986,0.9996358853096684,-0.0004184249689035413,0.00032122875034829924
2024-07-29 00:00:00,1.000745169751593,5277809099.790074,117833667.87146963,0.9997353824202956,0.0010097873312974182,0.0005179983936104485
2024-07-30 00:00:00,1.0005246641404093,5231842458.383777,155907632.93384412,0.9998885327220294,0.000636131418379926,0.0005757249704142722
2024-07-31 00:00:00,0.9990263599995386,5292479848.7866535,127508376.18368231,0.999836807309436,-0.000810447309897433,0.0006407383476989914
2024-08-01 00:00:00,1.0004639648856015,5274365277.791668,102678127.11673254,0.9999675345731277,0.0004964303124738167,0.0006650899082732285
2024-08-02 00:00:00,1.0000054799643132,5267929500.4953165,204904659.976756,1.0000016601257438,3.819838569452116e-06,0.0006591637674121958
2024-08-03 00:00:00,0.9995108114872646,5242385709.399254,211112500.50827906,0.9999277015099265,-0.00041689002266187547,0.000684215235641022
2024-08-04 00:00:00,1.0000894369037003,5249325199.549489,166933684.52793062,1.0000522695903458,3.716731335456913e-05,0.0006085499575099548
2024-08-05 00:00:00,0.9982259378350805,5272208905.262691,219848412.8933946,0.9996923793165583,-0.001466441481477787,0.000833739396471899
2024-08-06 00:00:00,0.9971588234575248,5236949854.931405,1136760096.2702754,0.9992115449332891,-0.0020527214757642964,0.001174629276358146
2024-08-07 00:00:00,0.9994805510189082,5244962746.075149,326125806.4118631,0.9992764293646276,0.00020412165428063123,0.0011752393025583777
2024-08-08 00:00:00,0.9994537526147065,5223677213.559539,379510966.9821222,0.9991321133259283,0.00032163928877815273,0.0010616447615162533
2024-08-09 00:00:00,0.9998185195327495,5241534738.773243,185157290.16326812,0.9991054046928477,0.0007131148399017739,0.001038101499218721
2024-08-10 00:00:00,0.9988416711423459,5226577582.940521,161557590.31328768,0.9990098132150023,-0.00016814207265636316,0.0010252775996711595
2024-08-11 00:00:00,0.9997485742921082,5236557408.331357,81843860.72879231,0.9989611185562034,0.000787455735904774,0.0009721751702243476
2024-08-12 00:00:00,0.9989033431518357,5208336929.110548,95428144.81485526,0.9990578907443112,-0.00015454759247546246,0.000919061176736482
2024-08-13 00:00:00,0.9988996494027662,5210048034.259221,142094485.4792558,0.99930658016506,-0.0004069307622938112,0.00041906631257101904
2024-08-14 00:00:00,1.000054475578098,5213578663.14217,145864263.77940774,0.9993885693878014,0.0006659061902966057,0.000505919214289822
2024-08-15 00:00:00,0.9987623306694962,5227384067.734997,116250936.65056741,0.9992897948242,-0.0005274641547038383,0.0005560810322632531
2024-08-16 00:00:00,0.9987510739789501,5230830675.706695,161409968.12982538,0.9991373026022287,-0.00038622862327852836,0.0005327991920040531
2024-08-17 00:00:00,0.9992271838506317,5247021266.374397,133311046.64253817,0.9991923758462695,3.480800436217457e-05,0.0005168331641318161
2024-08-18 00:00:00,0.9996683432099042,5263536627.72465,104403874.24093983,0.9991809142630974,0.0004874289468067561,0.0005031513626052796
2024-08-19 00:00:00,0.9973278427222518,5235073504.71185,122020055.44403358,0.9989558427731569,-0.0016280000509050208,0.0008680625886368026
2024-08-20 00:00:00,1.0009794520994943,5199517397.484954,121711013.0111398,0.999252957444118,0.0017264946553763316,0.0011543463564291595
2024-08-21 00:00:00,0.9989104708784725,5192646360.989066,101699498.51078369,0.9990895282013145,-0.00017905732284195786,0.001101740665971533
2024-08-22 00:00:00,1.0003077960418847,5170002439.671608,119204967.46275634,0.9993103089687985,0.0009974870730862229,0.001177490569377451
2024-08-23 00:00:00,0.9996670354978743,5158214262.865437,63456315.02277271,0.9994411606143591,0.00022587488351522023,0.0011556786762541866
2024-08-24 00:00:00,1.0011538016948196,5164441887.171331,130497728.42019138,0.9997163917349573,0.0014374099598623014,0.0013147019588318654
2024-08-25 00:00:00,1.0010971561388151,5161190037.152089,93853737.82386553,0.9999205078676588,0.0011766482711562665,0.0014132235817529907
2024-08-26 00:00:00,0.9994978161435075,5169716680.210023,64793234.61588733,1.0002305040706954,-0.0007326879271878362,0.000891373244710607
2024-08-27 00:00:00,0.999026481345942,5337359709.844773,115442717.60321136,0.9999515082487594,-0.0009250269028174829,0.0009229621208904023
2024-08-28 00:00:00,0.998651953722623,5352103322.8037195,133923490.08405606,0.9999145772264952,-0.0012626235038721845,0.0009752512767504555
2024-08-29 00:00:00,0.9985481162617058,5347387533.248196,130411533.41670315,0.9996631944007552,-0.0011150781390494302,0.00107834221321419
2024-08-30 00:00:00,1.0002326927992524,5352452661.698056,97690501.90495627,0.9997440025866665,0.0004886902125859072,0.0010996617286155221
2024-08-31 00:00:00,1.0000764895187024,5347185219.050471,84908375.68567072,0.9995901008472211,0.00048638867148131926,0.0009320898848899674
2024-09-01 00:00:00,0.9998761193458076,5345746019.949651,25182334.258885913,0.9994156670196487,0.00046045232615887777,0.0006843914729263919
2024-09-02 00:00:00,1.0002011217991431,5341268628.181987,84375573.41265796,0.999516139256168,0.00068498254297511,0.0007472034717518005
2024-09-03 00:00:00,0.9998527273882203,5337564402.75858,100803801.96608695,0.999634174405065,0.0002185529831553179,0.000721789303993138
2024-09-04 00:00:00,0.9984486888131717,5353602912.8770275,90163909.33585379,0.9996051365608576,-0.0011564477476858626,0.0007703457060469265
2024-09-05 00:00:00,1.000231294300199,5289541422.268142,124640972.26524441,0.9998455905663566,0.00038570373384239076,0.0006364811782166809
2024-09-06 00:00:00,0.9995337439341775,5259919292.999659,65794489.48481692,0.9997457407284889,-0.00021199679431138652,0.0006202499487810403
2024-09-07 00:00:00,1.0000169180487875,5098923107.3848,151001403.8969827,0.9997372305185009,0.00027968753028650983,0.0006153448091484457
2024-09-08 00:00:00,1.000506593024453,5120755726.627253,93064651.37377661,0.9998272981868788,0.0006792948375742291,0.0006816326808823164
2024-09-09 00:00:00,0.9991324097419881,5116596397.984537,53390182.5616117,0.9996746250358567,-0.0005422152938685532,0.0007032899935701664
2024-09-10 00:00:00,0.9996601991796062,5059766869.568093,101345952.89663616,0.9996471210060547,1.3078173551561711e-05,0.000698915021796775
2024-09-11 00:00:00,1.0003390209208793,5082893427.117606,64855015.803837016,0.999917168450013,0.00042185247086634625,0.0004937778959946729
2024-09-12 00:00:00,1.0000864013255113,5092388853.33286,132613043.56860292,0.9998964694536291,0.0001899318718822096,0.0004812943037048977
2024-09-13 00:00:00,0.9996632694548164,5103339797.4955635,53247297.848714195,0.9999149730994346,-0.00025170364461812866,0.000467311634654523
2024-09-14 00:00:00,1.0001352132742405,5142182724.144495,69756310.73872635,0.9999318724173564,0.00020334085688411552,0.0004737078629593949
2024-09-15 00:00:00,0.9999631302324747,5149408006.109717,45636574.89853247,0.9998542348756453,0.00010889535682945262,0.00040308704522740944
2024-09-16 00:00:00,1.0003303199747944,5130263878.707032,40107276.74743816,1.0000253649089033,0.00030495506589112154,0.00028151437981445475
2024-09-17 00:00:00,0.9994154259584174,5133662237.855747,63404421.82008496,0.9999903973058762,-0.0005749713474588747,0.0003429340210814384
2024-09-18 00:00:00,0.9997272238691266,5217151838.11238,61612770.94239171,0.9999029977270544,-0.00017577385792777456,0.0003161944246597794
2024-09-19 00:00:00,1.0012205368599603,5263061981.547942,88725520.43925814,1.0000650170891185,0.0011555197708417175,0.0005941932985347008
2024-09-20 00:00:00,1.0002820915697619,5294912032.032825,79804338.08365172,1.0001534202483966,0.00012867132136529236,0.0005700012272835082
2024-09-21 00:00:00,1.0003826190713665,5329744241.983129,93530873.5662888,1.0001887639337002,0.00019385513766634332,0.0005763194670399311
2024-09-22 00:00:00,0.9996922098173071,5326464516.149482,73614265.60138813,1.0001500610172476,-0.0004578511999404622,0.0006024996240275328
2024-09-23 00:00:00,1.0005533867474452,5358520189.859409,53504207.283340916,1.0001819276990551,0.00037145904839008814,0.000619287862079994
2024-09-24 00:00:00,0.9998256995433634,5346733188.232329,65990502.90859216,1.0002405382111903,-0.00041483866782687784,0.0005502169227216135
2024-09-25 00:00:00,1.0000157182007217,5378634894.590021,67494707.25801282,1.0002817516871323,-0.00026603348641063285,0.0005150395682922115
2024-09-26 00:00:00,1.0011783925679625,5437486931.789875,75424369.37048519,1.0002757310739898,0.0009026614939726674,0.0005023259359247306
2024-09-27 00:00:00,0.9997740420744442,5451973523.412019,89714900.59542902,1.0002031525746586,-0.00042911050021443575,0.0005367752480970929
2024-09-28 00:00:00,1.0005865936389111,5470733245.105469,111489882.94708201,1.0002322917985935,0.0003543018403175946,0.0005534198477846558
2024-09-29 00:00:00,1.000049971030656,5480422276.722588,64408453.796356484,1.0002834005433578,-0.00023342951270177714,0.0005100504479793177
2024-09-30 00:00:00,0.9995792445358502,5484270558.291502,40948198.79349188,1.0001442373702727,-0.000564992834422462,0.0005550205954456091
2024-10-01 00:00:00,1.000511047410521,5475498653.98296,236968774.08957678,1.000242144208438,0.0002689032020830595,0.0005498894106926197
2024-10-02 00:00:00,0.9994203714427887,5867810928.721625,123973131.045173,1.0001570946715905,-0.0007367232288018055,0.0006308298713226509
2024-10-03 00:00:00,1.000496686957949,5870935758.356298,101752965.96387042,1.0000597081558744,0.0004369788020746057,0.00048193404684224547
2024-10-04 00:00:00,0.9996164735489473,5840130301.466179,141155007.71070063,1.0000371983665175,-0.00042072481757016167,0.0005008105971679403
2024-10-05 00:00:00,1.0002093081226333,5865854067.765895,80621569.09798296,0.9999833004356208,0.0002260076870125305,0.00044950328503641507
2024-10-06 00:00:00,1.0000476905566411,5875234850.921417,46723191.8121273,0.9999829746536187,6.471590302237207e-05,0.0004494477344579742
2024-10-07 00:00:00,0.9995715365400474,5872315191.193361,65168382.459164575,0.999981873511361,-0.00041033697131365177,0.0004506096651135262
2024-10-08 00:00:00,0.9982608958783212,5866442722.344085,61803889.762331806,0.9996604232924754,-0.001399527414154167,0.0007276356365059738
2024-10-09 00:00:00,0.9998246946525502,5822180794.604062,93155055.29329757,0.9997181837510128,0.00010651090153734888,0.0007214254422427309
2024-10-10 00:00:00,0.9993171781075901,5795035757.071069,83958110.00578363,0.9995496824866758,-0.0002325043790856185,0.0006427438010273541
2024-10-11 00:00:00,1.0000738612376914,5786367573.243786,93879144.72066739,0.9996150235850677,0.00045883765262366705,0.0006731930958249413
2024-10-12 00:00:00,0.999846898945069,5902449818.34362,117536062.47015859,0.9995632508454158,0.0002836480996531998,0.000632582382064007
2024-10-13 00:00:00,1.0000625085413164,5907437767.633932,50229555.58092725,0.9995653677003693,0.0004971408409470968,0.000634495582617449
2024-10-14 00:00:00,1.000588470845956,5908091284.486391,42430101.83291668,0.999710644029785,0.0008778268161709901,0.0007432443939551309
2024-10-15 00:00:00,0.9996169816162874,5874352486.868795,99941739.26112185,0.9999043705637801,-0.00028738894749269495,0.000399742944504929
2024-10-16 00:00:00,0.9997312121314423,5868127848.978091,80992847.65363628,0.9998910159179075,-0.00015980378646518467,0.00040438300656337795
2024-10-17 00:00:00,0.9997743686694076,5893333867.663177,64915768.52564122,0.99995632885531,-0.00018196018590244112,0.00032547656993798054
2024-10-18 00:00:00,1.0000924498594157,5858222446.214538,46909529.75270638,0.9999589843726991,0.00013346548671655523,0.0003266689685073264
2024-10-19 00:00:00,1.0003751490212698,5883983239.026197,32680393.801378105,1.0000344486692994,0.00034070035197042436,0.00035614639806256127
2024-10-20 00:00:00,1.0000947448258046,5875439682.782454,29281306.92993935,1.0000390538527977,5.569097300694992e-05,0.0003567775584272764
2024-10-21 00:00:00,0.9999362866188701,5866226164.063363,32868073.031380646,0.9999458846774997,-9.598058629545214e-06,0.0002619414573912116
2024-10-22 00:00:00,0.9997132206121877,5835065113.128419,116111010.6537914,0.9999596331054855,-0.00024641249329782067,0.00024369111983193174
2024-10-23 00:00:00,0.9995158469303582,5872380041.892032,70342502.02446304,0.9999288666481877,-0.000413019717829477,0.0002870703093024939
2024-10-24 00:00:00,0.9999771148486638,5784571493.459466,63560953.89406036,0.9999578303880814,1.9284460582413843e-05,0.00027899885026642934
2024-10-25 00:00:00,1.0007147501444302,5696883598.735804,63236926.50917159,1.0000467304287979,0.0006680197156323509,0.00040135702010255805
2024-10-26 00:00:00,1.0030753506389063,3247446621.7586455,200643850.4738281,1.0004324735170316,0.0026428771218747205,0.0012240385505824108
2024-10-27 00:00:00,0.9998121667427431,3303000184.610153,47569363.14058938,1.0003921052194513,-0.0005799384767082305,0.0012415672131808988
2024-10-28 00:00:00,0.9994611832076549,3278089508.671972,26768343.70487094,1.0003242333035636,-0.0008630500959087017,0.0012829350389972644
2024-10-29 00:00:00,0.9997476142934707,3270970097.6177664,69495267.44666958,1.0003291466866038,-0.0005815323931330774,0.0012802680624364902
2024-10-30 00:00:00,1.0013854345614912,3298039183.97111,91883852.21437578,1.0005962306339085,0.0007892039275827489,0.0012773324160753232
2024-10-31 00:00:00,0.9996220060701708,3314268837.374887,58936816.46742329,1.0005455008084096,-0.0009234947382388281,0.001312584165277612
2024-11-01 00:00:00,0.9984808370395003,3231173629.7194834,107398196.31201173,1.0002263703648482,-0.001745533325347881,0.001519788615042251
2024-11-02 00:00:00,1.0002207352549992,3296967365.0225205,66057995.04713775,0.9998185681671472,0.00040216708785201227,0.0008734767056436177
2024-11-03 00:00:00,1.0002397873841957,3309155951.14351,32790333.70305181,0.9998796568302117,0.00036013055398398386,0.000887790441593051
2024-11-04 00:00:00,0.9997444192344789,3306021473.5770535,39885463.28677348,0.9999201191197581,-0.00017569988527921243,0.0008718505095007724
2024-11-05 00:00:00,1.0007771641887107,3320063236.2645025,55450673.33446258,1.000067197676221,0.0007099665124896681,0.0009232265420999084
2024-11-06 00:00:00,0.9990473558624028,3322528068.950676,60032215.49489965,0.9997331864334942,-0.0006858305710913948,0.0007784030399771206
2024-11-07 00:00:00,0.9994125548844156,3372807043.793813,146127337.900141,0.999703264835529,-0.00029070995111335485,0.00078736312659999
2024-11-08 00:00:00,0.9992782285936066,3318262533.544392,100271181.6498967,0.999817177914687,-0.0005389493210804508,0.0006211732074600866
2024-11-09 00:00:00,1.0000930992266113,3333668240.9095445,95922393.82968493,0.999798944196346,0.0002941550302653084,0.0006091091426637942
2024-11-10 00:00:00,0.9981386775888714,3318972511.4046693,64494512.39077839,0.9994987856541567,-0.0013601080652853037,0.0008324221810010467
2024-11-11 00:00:00,1.000326976931107,3307913311.4707003,96097274.34426028,0.9995820081822464,0.0007449687488605417,0.0008883170544817441
2024-11-12 00:00:00,0.9981929507149087,3349833503.2903786,163967400.02421778,0.9992128348288462,-0.001019884113937497,0.0008447586587748305
2024-11-13 00:00:00,1.0012772164232429,3237324197.087477,182780646.04465628,0.9995313863375376,0.00174583008570528,0.0011405894515975705
2024-11-14 00:00:00,1.0002844836909057,3274713640.9831743,171833883.7043708,0.9996559475956077,0.0006285360952980046,0.0011726104740343074
2024-11-15 00:00:00,0.9996440852565507,3272268413.578177,274149494.7005368,0.999708212833171,-6.412757662033197e-05,0.0011610655614637227
2024-11-16 00:00:00,1.0003651317047022,3289481346.2111964,92859683.84571849,0.9997470746157555,0.0006180570889466885,0.0011804852553788765
2024-11-17 00:00:00,1.0008194708911387,3307965767.2425127,298220502.79055905,1.000130045087508,0.0006894258036307388,0.0009914384103185978
2024-11-18 00:00:00,1.000329870770354,3317395622.628236,159960764.19003814,1.0001304584931148,0.000199412277239297,0.0009915348106935556
2024-11-19 00:00:00,0.9998604338322209,3284225944.836383,84822979.02885343,1.0003686703670165,-0.0005082365347955919,0.000550849394679314
2024-11-20 00:00:00,0.9993321050584408,3376010978.8413596,133623814.83446364,1.0000907973149018,-0.0007586922564609688,0.0005048313257460728
2024-11-21 00:00:00,1.0007637891940142,3438556734.820303,147003591.42138925,1.0001592695296317,0.0006045196643824635,0.000564463248360688
2024-11-22 00:00:00,1.0004685105525575,3451452534.37482,184201239.68887803,1.0002770445719185,0.0001914659806390162,0.0005235823722890727
2024-11-23 00:00:00,0.9997265060783291,3400124441.0000634,132737281.37004529,1.0001858123395793,-0.0004593062612501253,0.0005600447975934536
2024-11-24 00:00:00,1.0001356492937072,3469157625.6058598,124847561.86847031,1.0000881235399464,4.752575376087975e-05,0.00048581418122207727
2024-11-25 00:00:00,1.0012044481534477,3477775716.6445575,83697133.66673477,1.0002130631661026,0.0009913849873450786,0.0006447948071635781
2024-11-26 00:00:00,0.999686627789621,3485410985.856953,170445255.56366032,1.0001882337314454,-0.0005016059418243568,0.0006637059229294883
2024-11-27 00:00:00,1.0001791697264508,3396720183.5431213,132878453.81135815,1.0003092429697324,-0.0001300732432816254,0.0005488862228764374
2024-11-28 00:00:00,0.9999087361054876,3503982243.39435,147997955.1662129,1.0001870925285143,-0.0002783564230267599,0.0005255163936945315
2024-11-29 00:00:00,0.9999436047937905,3520217279.3424873,106902377.92470188,1.0001121059915479,-0.00016850119775735362,0.0005160320060923712
2024-11-30 00:00:00,1.0006278974602827,3534205451.981123,94895518.040119,1.0002408761889696,0.0003870212713130705,0.0005162388639329284
2024-12-01 00:00:00,1.0002526539390801,3523677958.2757397,70160225.27569155,1.0002575911383087,-4.937199228560729e-06,0.0005141539453315512
2024-12-02 00:00:00,0.9998864590032225,3544692847.5862327,66851493.948034346,1.0000693069739908,-0.00018284797076828507,0.0003106901044029267
2024-12-03 00:00:00,1.0004644123333462,3546851388.939578,178111483.05044827,1.0001804190516659,0.0002839932816802726,0.0002893710639902677
2024-12-04 00:00:00,0.9999543761529575,3582017151.4805384,171648531.52695838,1.000148305684024,-0.00019392953106645017,0.0003017417849261791
2024-12-05 00:00:00,0.9991656539565521,3558347386.9135327,167271842.72982922,1.0000421510913189,-0.0008764971347667849,0.00047882110095140814
2024-12-06 00:00:00,1.0012956246497868,3461847723.898301,178641193.29176813,1.0002352967850325,0.0010603278647542957,0.0006678280288019151
2024-12-07 00:00:00,1.0000090901821204,3472907748.1749725,198113433.091177,1.000146895745295,-0.00013780556317466441,0.0006478549974759504
2024-12-08 00:00:00,0.998053570420914,3455700133.2216163,127812002.81233329,0.9998327409569857,-0.0017791705360716836,0.0010163882204110393
2024-12-09 00:00:00,1.0044501094400837,3487756652.578505,119303971.11117102,1.0004846910193943,0.003965418420689426,0.002022383246759536
2024-12-10 00:00:00,0.9995869970411253,3384536407.9587407,152319777.09890905,1.0003593459776485,-0.0007723489365232261,0.002050839973349192
2024-12-11 00:00:00,0.9993991760877885,3426414239.4217596,134164483.8139216,1.0002800316826244,-0.000880855594835861,0.0020796457204068034
2024-12-12 00:00:00,0.99864293530426,3444999915.3958974,102795126.73328905,1.0002053575894396,-0.0015624222851796654,0.0021349774092784025
2024-12-13 00:00:00,1.0000528356968599,3440835512.2549744,137228165.767414,1.0000278163104503,2.5019386409530497e-05,0.002080172490980609
2024-12-14 00:00:00,1.0004547464526345,3424497553.5249825,86019901.02820069,1.0000914814919522,0.0003632649606823968,0.002086314591349573
2024-12-15 00:00:00,0.9997599249875384,3448165577.7814054,112674709.762269,1.0003352464300417,-0.0005753214425032738,0.001899875005157715
2024-12-16 00:00:00,0.9998041985034867,3415302513.694524,99735981.52769169,0.9996715448676705,0.00013265363581616008,0.0005662105281256406
2024-12-17 00:00:00,1.0001036586393774,3423332842.0663633,193834359.40332627,0.9997453536674208,0.0003583049719566578,0.0005866580459466574
2024-12-18 00:00:00,0.9995898258708692,3464338921.447304,96941203.61310834,0.9997725893507179,-0.000182763479848691,0.0005721543321796096
2024-12-19 00:00:00,1.0003475097601038,3446665610.1874013,108260023.56684981,1.0000160999872671,0.00033140977283663275,0.0003171478836584678
2024-12-20 00:00:00,0.9994630987487051,3455411642.7874303,245314982.65492445,0.9999318518518164,-0.0004687531031113412,0.0003782136300772529
2024-12-21 00:00:00,1.0009020612162516,3398724661.0770726,295789651.4162724,0.9999957539609046,0.0009063072553470164,0.0004995959017561291
2024-12-22 00:00:00,1.0005430724808673,3396132780.698285,171789834.6890936,1.0001076321742375,0.0004354403066297863,0.0005250240479564028
2024-12-23 00:00:00,0.9998944832460938,3396976568.503918,223733362.93944323,1.0001205299946097,-0.00022604674851589568,0.0005173808239949679
2024-12-24 00:00:00,1.0001295822658052,3400177242.730799,152939605.26880947,1.0001242333698137,5.34889599146382e-06,0.000517332710206464
2024-12-25 00:00:00,1.0008475322864,3414243788.6050324,78983261.8176813,1.0003039057148897,0.0005436265715104138,0.0005191970860552571
2024-12-26 00:00:00,1.0003900052600525,3418982643.047803,114037611.8147198,1.0003099765005965,8.002875945600785e-05,0.0005200396656112179
2024-12-27 00:00:00,0.9998568572450375,3457469225.7835126,93510729.67594133,1.0003662277143583,-0.0005093704693208689,0.00042595251351457115
2024-12-28 00:00:00,1.000520551084043,3440662500.373567,90967617.57615225,1.0003117262668997,0.0002088248171432383,0.0003661781371751023
2024-12-29 00:00:00,1.0009883570578868,3432946388.0192204,66404373.71750542,1.0003753383493312,0.0006130187085555683,0.0004435653364586593
2024-12-30 00:00:00,1.00050742535754,3322428058.53241,163121846.9748525,1.0004629015081092,4.452384943065546e-05,0.00039009730543547753
2024-12-31 00:00:00,0.9999764666624806,3404590433.5467715,189313389.67815787,1.0004410278504916,-0.00046456118801097013,0.00041537601233032596
2025-01-01 00:00:00,1.0008282233471806,3370638057.572003,104006421.48125114,1.0004382694306029,0.00038995391657770107,0.000412279157812117
2025-01-02 00:00:00,0.9995013496365716,3277266257.0939236,66376320.99846025,1.0003113186272485,-0.0008099689906769791,0.0005450563195334634
2025-01-03 00:00:00,0.9999700935842477,3392523454.324482,83667529.10200003,1.0003274952471357,-0.0003574016628880017,0.0005308147746017607
2025-01-04 00:00:00,0.999804962474693,3419385269.4311066,129045716.38219678,1.000225268302943,-0.0004203058282499228,0.0005557582590318683
2025-01-05 00:00:00,0.9998217770345285,3423364727.4195275,98372880.84063807,1.0000586140138918,-0.0002368369793633862,0.000454475640389312
2025-01-06 00:00:00,0.9996751483306748,3428058438.7937975,85864417.10290979,0.9999397172957681,-0.00026456896509330363,0.0004254307517480834
2025-01-07 00:00:00,1.0008159877264837,3461030438.714374,164709458.45090905,1.0000596488763398,0.0007563388501439228,0.0005403335714878627
2025-01-08 00:00:00,1.0000637002640662,3424597318.407098,110532969.36359398,0.999950431293038,0.0001132689710282575,0.00042378700307648363
2025-01-09 00:00:00,0.9992712075299993,3413247003.430181,105510163.93605927,0.9999175538492419,-0.0006463463192425412,0.00047075765983981525
2025-01-10 00:00:00,1.0000274667286966,3435516014.5529447,143687273.69900766,0.9999257500127346,0.00010171671596193033,0.0004723217165292276
2025-01-11 00:00:00,0.9999255522043916,3395962812.914729,172929306.11925328,0.9999429771169773,-1.7424912585717323e-05,0.0004693718890475789
2025-01-12 00:00:00,0.9999553337475074,3384005940.94885,87305548.22408703,0.9999620566474027,-6.722899895228451e-06,0.0004663287195981285
2025-01-13 00:00:00,0.9998011582146128,3451754269.898975,49216149.444481,0.9999800580593939,-0.00017889984478114407,0.00045571892213714456
2025-01-14 00:00:00,1.0000406198057599,3481813569.370112,157081423.9670047,0.9998692912135763,0.00017132859218360608,0.0002784129648078207
2025-01-15 00:00:00,1.0000789936875403,3497370949.116461,103787200.84162182,0.9998714759883583,0.00020751769918192497,0.0002802467691835106
2025-01-16 00:00:00,1.0000642479271713,3549758198.463777,109866480.55457048,0.9999847674736685,7.948045350281152e-05,9.850853060615905e-05
2025-01-17 00:00:00,0.9999976915993529,3513944859.1260715,82626970.22741303,0.9999805138837623,1.7177715590621645e-05,9.698860677783603e-05
2025-01-18 00:00:00,1.0001328386749877,3603153069.35253,111394574.90397078,1.0000101262367045,0.00012271243828321232,0.00010838554236562321
2025-01-19 00:00:00,0.9998047298075982,3556583866.9778514,146090544.19601938,0.9999886113881461,-0.0001838815805479399,0.00013318521565924916
2025-01-20 00:00:00,0.9998916541514987,3486679446.440524,217436063.58438706,1.0000015393791297,-0.00010988522763100139,0.00011512449264138636
2025-01-21 00:00:00,1.000040603243395,3496901625.3829775,153368096.02519408,1.000001537013078,3.9066230317130746e-05,0.00011512355575799437
2025-01-22 00:00:00,1.000342564621948,3528101667.0589924,273720739.6882684,1.0000391900037076,0.0003033746182403707,0.00017315535327735152
2025-01-23 00:00:00,1.0001367319470007,3544692589.091338,173760628.99798542,1.000049544863683,8.718708331767466e-05,0.00017702760025343437
2025-01-24 00:00:00,1.0003293922391907,3547078620.6637044,414509301.0384401,1.000096930669374,0.00023246156981659993,0.00020328162648520188
2025-01-25 00:00:00,0.9998783890061453,3580007149.7314367,256433165.76064682,1.0000605807166825,-0.00018219171053712735,0.0002180070175757211
2025-01-26 00:00:00,1.000687346443283,3578444940.252273,184281243.6398939,1.0001866688074945,0.0005006776357885379,0.0002890358974600878
2025-01-27 00:00:00,1.000267408820393,3574593460.4755564,181733123.9592108,1.000240348045908,2.7060774484999328e-05,0.00025838136481356496
2025-01-28 00:00:00,1.000133520739183,3489064957.033728,287117158.8337098,1.0002536219738776,-0.00012010123469452516,0.00024861157296826624
2025-01-29 00:00:00,1.0002399799689474,3530360558.1940575,239004958.1462919,1.000238967023449,1.0129454983687225e-06,0.0002454988872787997
2025-01-30 00:00:00,0.9999426753568798,3537218609.341757,197182283.8387025,1.0002112446534317,-0.00026856929655194595,0.00026881693093908543
2025-01-31 00:00:00,0.9996449868741335,3539997530.7245884,187295661.2681544,1.0001134724584237,-0.0004684855842902458,0.00033499961689899065
2025-02-01 00:00:00,0.9996764692294635,3517369592.197676,189710270.6032815,1.0000846267760404,-0.00040815754657685943,0.00036588512285873944
2025-02-02 00:00:00,0.9992794919315693,3488319478.1278586,166822410.13719445,0.9998835047029385,-0.0006040127713692334,0.0003662995225345139
2025-02-03 00:00:00,1.0004956457916225,3482857700.3360133,244224427.72258672,0.9999161099845427,0.0005795358070798118,0.000413308732787723
2025-02-04 00:00:00,1.0002403022258732,3476060520.7041984,665554026.2447342,0.9999313644826414,0.00030893774323181855,0.0004244896792446903
2025-02-05 00:00:00,0.9995856885979708,3475678174.2635565,364949194.86193556,0.9998378942867874,-0.0002522056888165647,0.0004171811123431874
2025-02-06 00:00:00,0.9996511908929854,3472039414.1331944,238294153.74483344,0.9997962536490883,-0.00014506275610293162,0.0004195199575361591
2025-02-07 00:00:00,1.0001108016157962,3521990977.058571,238548550.16697338,0.9998627986121829,0.000248003003613384,0.0004283773900797092
2025-02-08 00:00:00,0.9996190108673056,3505289197.3192997,222221839.1777334,0.9998545902747319,-0.00023557940742624517,0.00043306760789564824
2025-02-09 00:00:00,1.0005600610060443,3485005375.2567177,194238817.6081513,1.0000375287139427,0.0005225322921016406,0.0004199148442831039
2025-02-10 00:00:00,0.9995283889178784,3478587123.791424,148353177.0253343,0.9998993491605506,-0.0003709602426721359,0.0004028373970847467
2025-02-11 00:00:00,0.9998825976749062,3471074605.2584605,201390284.40316522,0.9998482485104124,3.4349164493741036e-05,0.00037403665046499297
2025-02-12 00:00:00,0.9995721553974527,3486456886.9636035,200618972.5200059,0.9998463151960527,-0.0002741597986000155,0.0003756514410145778
2025-02-13 00:00:00,0.9996797355049415,3479044405.5340714,235759746.06575873,0.9998503929977607,-0.00017065749281919285,0.00037332803524376307
2025-02-14 00:00:00,1.0000959858426215,3481369642.0080175,233660982.34933415,0.9998482764587359,0.00024770938388563035,0.00037164381925245803
2025-02-15 00:00:00,0.9999999164417529,3480232977.0715847,224862647.77662006,0.9999026915407996,9.722490095331882e-05,0.00036018970355331995
2025-02-16 00:00:00,0.9999653573865943,3493505535.5062847,173256513.43225905,0.9998177338808782,0.00014762350571606575,0.00022349030620758204
2025-02-17 00:00:00,0.9997743529978858,3480461174.7321916,58004516.89436334,0.9998528716065935,-7.851860870777827e-05,0.00018672898223065547
2025-02-18 00:00:00,1.0001638442299903,3538313020.2502193,190571868.94130763,0.9998930496858912,0.00027079454409906223,0.00022125651169400777
2025-02-19 00:00:00,0.9996696580817565,3469918739.9640675,258756463.00895703,0.9999069786407917,-0.00023732055903524785,0.0001997077939370138
2025-02-20 00:00:00,0.9999152524645915,3487399606.291229,159919162.0141042,0.9999406239207419,-2.5371456150447003e-05,0.0001731108494019473
2025-02-21 00:00:00,0.9995592636864289,3506720775.232614,234029138.5102281,0.999863949327,-0.0003046856405710674,0.00020814640094196895
2025-02-22 00:00:00,0.9994406795603683,3465680627.339306,288602986.91313237,0.999784058343945,-0.0003433787835767088,0.0002503137365341786
2025-02-23 00:00:00,0.9998336579401352,3433343674.6175785,136072151.79185376,0.999765244137308,6.841380282718301e-05,0.0002391146017649286
2025-02-24 00:00:00,0.9996287875919382,3459139080.8239107,399362334.4028225,0.9997444490793156,-0.00011566148737740534,0.0002444603352414076
2025-02-25 00:00:00,0.9996021410275068,3440196645.8997765,392941329.03650683,0.999664205764675,-6.206473716818817e-05,0.00016219920644413468
2025-02-26 00:00:00,0.9996050753881365,3389961164.2867,431980144.46588504,0.9996549796655865,-4.9904277449996925e-05,0.0001636675098912012
2025-02-27 00:00:00,0.9994439336765951,3305853166.2960176,255556519.47229037,0.9995876484101583,-0.00014371473356322717,0.000132781974572764
2025-02-28 00:00:00,0.9995868191514187,3294535105.390911,196065913.89873263,0.999591584905157,-4.765753738311673e-06,0.00013220743789426633
2025-03-01 00:00:00,0.9991357128754899,3271873317.382299,280922154.1837582,0.9995480182358886,-0.00041230536039871257,0.0002147220456995639
2025-03-02 00:00:00,0.9998928332490707,3294441281.845617,134281002.14735034,0.9995564718514507,0.00033636139762005524,0.00022856087767362038
2025-03-03 00:00:00,0.9998974537280222,3299504321.866825,224569544.53120852,0.9995948527280343,0.000302600999987912,0.00026273176461754966
2025-03-04 00:00:00,1.0000289744633366,3309561648.9173193,210725022.1948499,0.9996558289331529,0.0003731455301837494,0.00030998649418224444
2025-03-05 00:00:00,0.9998370117234577,3271852437.9971085,165835140.0902354,0.9996889626953417,0.00014804902811604848,0.000315994756614155
2025-03-06 00:00:00,1.0000466646533956,3258438895.0519595,121788215.68928766,0.9997750671205987,0.00027159753279693,0.0003201899914299522
2025-03-07 00:00:00,1.000126033198357,3290250099.6431823,127540203.45854339,0.9998520976987327,0.0002739354996242893,0.00033199741558591117
2025-03-08 00:00:00,0.9995362240254817,3274399579.990713,171782305.8306664,0.9999093135773032,-0.0003730895518214705,0.00019364360256695381
2025-03-09 00:00:00,0.9998071351900089,3280273815.691128,89302056.08820368,0.9998970709974372,-8.993580742833185e-05,0.00019752920677274628
2025-03-10 00:00:00,0.9998477353739552,3268435499.2594533,118359332.80882262,0.9998899683754274,-4.223300147221387e-05,0.0001984050787973057
2025-03-11 00:00:00,0.999552659010123,3185472776.207862,206924383.5579771,0.9998219233106828,-0.00026926430055973505,0.00022294672433449586
2025-03-12 00:00:00,0.9995813605400158,3210729419.7278247,157487928.53865704,0.9997854017130481,-0.00020404117303229885,0.00024032528238594945
2025-03-13 00:00:00,0.9992558645981642,3218510773.1252847,129800108.89431763,0.9996724302765866,-0.0004165656784224092,0.0002796875822444858
2025-03-14 00:00:00,0.9997811110785427,3175141142.353759,128435063.5566332,0.9996231556880416,0.00015795539050111884,0.00020752946478024716
2025-03-15 00:00:00,0.9997822543402848,3175619135.2915235,116078332.4585575,0.9996583028758705,0.00012395146441424032,0.0002111551033466352
2025-03-16 00:00:00,0.9999214029339196,3206526783.4171515,102703195.41684812,0.9996746268392863,0.0002467760946333053,0.00022829956430036377
2025-03-17 00:00:00,0.9998243864940412,3212257824.626767,107520844.80919361,0.9996712912850131,0.00015309520902806462,0.00022550227431200484
2025-03-18 00:00:00,0.9997790495080806,3187687959.7623796,120690575.08642755,0.9997036327847212,7.541672335942273e-05,0.00022185733557430896
2025-03-19 00:00:00,0.9998730339018511,3190189190.4953012,132215879.19795558,0.9997453004078406,0.00012773349401051792,0.0002224548512370583
2025-03-20 00:00:00,1.0000556387575712,3211385539.7460895,158451198.41820994,0.9998595538591845,0.00019608489838673915,0.000101900675942689
2025-03-21 00:00:00,0.9994378600828174,3202465306.0815935,201394606.03950655,0.9998105180026523,-0.0003726579198348734,0.00019023811883901251
2025-03-22 00:00:00,0.9997936406497899,3213733843.079415,115729245.67845996,0.9998121446182958,-1.8503968505889645e-05,0.00019000471065936249
2025-03-23 00:00:00,0.9998141621127626,3213682260.7031255,134331314.08365083,0.9997968245009877,1.7337611774914663e-05,0.00018395402017312126
2025-03-24 00:00:00,0.9998852953503291,3232096702.488187,120231077.54212964,0.9998055257661717,7.976958415745194e-05,0.00018689209580156378
2025-03-25 00:00:00,0.9998867924836677,3274184952.0996814,155276938.18968025,0.999820917619827,6.587486384068697e-05,0.00018877537615556126
2025-03-26 00:00:00,0.9998401119763345,3266609397.74183,99237297.77244188,0.9998162144876105,2.389748872400066e-05,0.00018766740800204407
2025-03-27 00:00:00,0.9997522826440319,3291652752.032906,139196105.1014726,0.9997728778999618,-2.0595255929900524e-05,0.00015541944158267297
2025-03-28 00:00:00,0.9994134116236439,3368269847.3482423,150953155.90258598,0.9997693852629371,-0.0003559736392931834,0.00016422793780959482
2025-03-29 00:00:00,0.9995639404402596,3246691659.4833865,210079685.5002426,0.9997365709472898,-0.00017263050703020255,0.00018069619509783106
2025-03-30 00:00:00,0.9997721101058437,3244843090.1928797,121293116.8766256,0.99973056351773,4.154658811361678e-05,0.00017837073185684465
2025-03-31 00:00:00,0.9994082532630407,3261404654.5682564,102213201.10380654,0.9996624146481174,-0.00025416138507672326,0.00019930244569125156
2025-04-01 00:00:00,0.9997654042727655,3201756421.5870047,157248918.01746592,0.9996450734751313,0.00012033079763418275,0.00018096280689978896
2025-04-02 00:00:00,0.9996259931252982,3216441418.0891767,109891535.2578696,0.9996144850678405,1.1508057457754184e-05,0.00015930040440439238
2025-04-03 00:00:00,0.9996107642362678,3154331399.5731425,169624130.1221931,0.9995942681524456,1.6496083822259422e-05,0.00014743604261240176
2025-04-04 00:00:00,0.999717992968064,3168397906.0337114,142653530.96484616,0.999637779773077,8.021319498696666e-05,0.00012895104888220517
2025-04-05 00:00:00,0.9998713627932005,3131118884.789047,107899745.59825756,0.9996816972520686,0.0001896655411319781,0.00015020974421293992
2025-04-06 00:00:00,0.999944023632451,3157853554.171986,58611776.16906377,0.9997062563272984,0.00023776730515268074,0.00017879057209620094
2025-04-07 00:00:00,0.9999356353723201,3169876140.996822,209514515.04084644,0.999781596628624,0.0001540387436961277,0.00013896774504910115
2025-04-08 00:00:00,0.9997996849015591,3171190856.533886,312346388.17648077,0.9997864938613087,1.3191040250437602e-05,0.00013890603418494814
2025-04-09 00:00:00,0.9994635586719692,3160463495.8260665,171682456.21060193,0.9997632889394046,-0.0002997302674353497,0.00017819777844093736
2025-04-10 00:00:00,1.0000855864396303,3135192573.5158753,175457373.1993055,0.9998311206827422,0.00025446575688814477,0.00019955390466533022
2025-04-11 00:00:00,0.9998731736217907,3165477188.2245884,161809006.37538937,0.9998532893475601,1.9884274230608234e-05,0.00019341707403032086
2025-04-12 00:00:00,0.9997113939528597,3121299505.179255,122738321.48716713,0.999830436656083,-0.00011904270322327104,0.00020025522140686914
2025-04-13 00:00:00,1.000109221060707,3126326313.9918895,63225660.39938292,0.9998540362886909,0.0002551847720161371,0.00022417740989776256
2025-04-14 00:00:00,1.0000280381656594,3137883684.580615,72893129.61394286,0.9998672366877394,0.0001608014779200806,0.00023235445467539325
2025-04-15 00:00:00,1.0001292298865323,3138017623.2755494,103512020.65859811,0.9999143145427355,0.00021491534379680655,0.0002491634259628764
2025-04-16 00:00:00,1.0002271948302195,3178272302.9258485,95001347.59858513,1.0000234054224855,0.000203789407734023,0.0001750723450361403
2025-04-17 00:00:00,1.0003014797916572,3193285616.604283,80490710.53730151,1.000054247329918,0.00024723246173907754,0.0002044106443319859
2025-04-18 00:00:00,1.0003819289355769,3169816517.6997533,109646535.50953814,1.0001269266604589,0.0002550022751179881,0.0002192083561342521
2025-04-19 00:00:00,1.0002460371921196,3165217700.1717124,82744838.65746354,1.0002033042660674,4.273292605216916e-05,0.00012179144578118098
2025-04-20 00:00:00,1.000141581314471,3158718511.990271,63108410.811117694,1.0002079271594622,-6.634584499121132e-05,0.00011818587959391506
2025-04-21 00:00:00,1.0000151283565621,3151452500.074145,78331024.71394378,1.0002060829010198,-0.00019095454445761106,0.00012151469876534383
2025-04-22 00:00:00,1.0005709790839863,3214086382.3284655,121420232.7313551,1.0002691899292275,0.0003017891547587581,0.00017699354580495092
2025-04-23 00:00:00,0.9999956429702108,3264917012.804195,137329890.50604904,1.0002361110920834,-0.0002404681218726168,0.00020549338015229835
2025-04-24 00:00:00,1.0001850346959282,3260565966.1969857,124975227.62671003,1.0002194760784078,-3.44413824795442e-05,0.00020402771107491102
2025-04-25 00:00:00,1.0002926830288992,3272389484.280483,92996271.96660243,1.000206726663168,8.595636573116572e-05,0.00019476239155870052
2025-04-26 00:00:00,0.9999744309786253,3255251535.355803,86270765.12815027,1.000167925775526,-0.00019349479690078386,0.00021192441270100556
2025-04-27 00:00:00,1.0000007145282699,3269642133.9952106,54608121.804823026,1.000147801948926,-0.00014708742065616676,0.0002213227402058725
2025-04-28 00:00:00,0.999935575400179,3284507831.8001533,55482059.57479227,1.0001364372408712,-0.00020086184069223467,0.0002310974764580174
2025-04-29 00:00:00,1.000146766008416,3238640740.7646008,82859515.9002771,1.0000758353729327,7.093063548335721e-05,0.0001329211714947201
2025-04-30 00:00:00,0.99987067310402,3251107596.842671,53497010.30653962,1.0000579825349054,-0.0001873094308854073,0.00015244556150796756
2025-05-01 00:00:00,1.0000151064926996,3258117685.95783,44924084.93388967,1.0000337070773013,-1.8600584601680126e-05,0.00014201462003512764
2025-05-02 00:00:00,1.0000147669016024,3249022053.5571012,101301659.99735828,0.9999940047734018,2.0762128200568775e-05,8.491681226089448e-05
2025-05-03 00:00:00,1.0003204906075105,3242976710.7530627,93193983.14759561,1.0000434418632425,0.00027704874426803805,0.00014852994955876755
2025-05-04 00:00:00,0.9998981222508516,3242343272.1937833,58192119.43080907,1.0000287858236112,-0.00013066357275959284,0.0001581957877670597
2025-05-05 00:00:00,0.9997563818529651,3283785505.4229784,53761142.74083306,1.000003186745438,-0.00024680489247286275,0.00018756509721847632
2025-05-06 00:00:00,0.9998148444455346,3278970051.6309695,98004009.59368844,0.999955769379312,-0.00014092493377737547,0.00018717325533253122
2025-05-07 00:00:00,0.9996932973297002,3310891013.8272457,82538055.17004962,0.9999304299829807,-0.000237132653280403,0.00021109183261649496
2025-05-08 00:00:00,1.0002118409304699,3384538647.442855,93730744.75821446,0.9999585349026621,0.0002533060278078203,0.00023588534477613426
2025-05-09 00:00:00,1.000161479846628,3348912056.5725226,108814806.73807295,0.9999794938948086,0.00018198595181950772,0.00024792506676916064
2025-05-09 15:25:28,1.000097142923996,3444985053.4596553,164941734.58755606,0.9999475870828779,0.0001495558411180875,0.0002078610336487028
